link,tipo,publicado_clasipar,precio,descripcion,titulo,banio,habitaciones,ide,fecha_inserion,publicado_info,ciudad,publicado_facebook,publicado_hendyla,agente_remax,1publicado_clasipar,1publicado_info,1publicado_hendyla,1publicado_facebook,2publicado_clasipar,2publicado_info,2publicado_hendyla,2publicado_facebook,3publicado_clasipar,3publicado_info,3publicado_hendyla,3publicado_facebook,4publicado_clasipar,4publicado_info,4publicado_hendyla,4publicado_facebook,5publicado_clasipar,5publicado_info,5publicado_hendyla,5publicado_facebook,6publicado_clasipar,6publicado_info,6publicado_hendyla,6publicado_facebook,intentos,mts,intentos_info,intentos_clasi,Nonepublicado_info,Nonepublicado_clasipar,area
https://www.remax.com.py/es-py/propiedades/terreno/venta/obrero/143063107-11,Terreno,,70000 USD,"Terreno en Venta Excelente Ubicación
📍 José María Morelos esquina Décima Proy Asunción
Superficie total: 325 m²
10 m de frente y contrafrente x 32,5 m de fondo
Con casa antigua, habitable a refaccionar o demoler
     2 dormitorios
     1 baño
     Sala
     Cocina
     Garaje techado
     Patio frontal con rejas perimetrales y muro lateral
Precio de oportunidad: 70.000 usd
https://maps.app.goo.gl/64ZRqNkzeYMi5GHaA
Lista para transferir.",Terreno - Venta - Paraguay Asunción Obrero,,,143063107-11,16/06/2025,,Asuncion,,,Marta Casco,,,,,,,,,,,,,,,,,,,,,,,,,1.0,325.0,3.0,1.0,,,
https://www.remax.com.py/es-py/propiedades/departamento/venta/las-lomas-carmelitas/molas-lopez-molas-lopez/143036045-186,Departamento,,139096 USD,"ALBOR APARTMENTS 03/2026

ALBOR es un proyecto premium de vanguardia que permitirá ampliar tu perspectiva.
Diseñado con el objetivo de insertar en el barrio LAS LOMAS a un público joven adulto y a familias con proyección a futuro ya que cuenta con una excelente conectividad y fácil acceso al eje corporativo con todos los beneficios que eso supone al estar a solo 100 mts de Aviadores del Chaco.
𝘊𝘦𝘳𝘤𝘢 𝘥𝘦 𝘵𝘰𝘥𝘰, 𝑝𝘢𝘳𝘢 𝘥𝘪𝘴𝘧𝘳𝘶𝘵𝘢𝘳 𝘥𝘦 𝘵𝘰𝘥𝘰𝘴 𝘭𝘰𝘴 𝘮𝘰𝘮𝘦𝘯𝘵𝘰𝘴 𝘥𝘦𝘭 𝘥í𝘢 y la noche, 𝘦𝘯 𝑝𝘢𝘳𝘦𝘫𝘢, 𝘤𝘰𝘯 𝘢𝘮𝘪𝘨𝘰𝘴 𝘰 𝘦𝘯 𝘧𝘢𝘮𝘪𝘭𝘪𝘢.
Un nuevo estilo de vida en el cual los residentes podrán disfrutar de cada espacio, pensado en las necesidades actuales de personas inmersas en una vida moderna.

PLANTAS
* 5 niveles de estacionamiento y bauleras
* Departamentos de 1 dormitorio (desde 80.715$)
* Departamentos de 2 dormitorios (desde 122.596$) del piso 7 al 19
* Departamentos de 3 dormitorios (desde 212.056$) del piso 21 al 26
* Amenities

*Cocheras
16,500$

*Bauleras
3.500$

EQUIPAMIENTO
Muebles de cocina
Aires anafe horno extractor placares

FUNCIONALIDADES
3 ascensores
Circuito cerrado
Portero eléctrico
Generador para áreas comunes

AMENITIES
Quinchos climatizados
Cocina gourmet
Sauna femenino y masculino
Área de pileta con solárium
Parrilla exterior
Salón multiuso
Coworking
Sala de cine
Playroom
Quincho climatizado con parrilla
Gimnasio
3 terrazas al aire libre

Impuesto inmobiliario 1.5$/mts2
Expensas 1.2$/mts2
El mejor precio por mts2 para el lujo que te ofrecemos!

Financiamiento propio durante obra
20% entrega Saldo a 12/2026
Financiamiento vía banco Atlas

Desarrollado por LEJOCO y Construido por Codas Vuyk



Ubicación https://maps.app.goo.gl/dJHhuj2t8S9gcSji6",Departamento - Venta - Paraguay Asunción Las Lomas (Carmelitas),2.0,2.0,143036045-186,16/06/2025,,Asuncion,,,Jazmin Cibils,,,,,,,,,,,,,,,,,,,,,,,,,1.0,82.0,3.0,1.0,,,
https://www.remax.com.py/es-py/propiedades/departamento/venta/las-lomas-carmelitas/molas-lopez-molas-lopez/143036045-185,Departamento,,186976 USD,"ALBOR APARTMENTS 03/2026

ALBOR es un proyecto premium de vanguardia que permitirá ampliar tu perspectiva.
Diseñado con el objetivo de insertar en el barrio LAS LOMAS a un público joven adulto y a familias con proyección a futuro ya que cuenta con una excelente conectividad y fácil acceso al eje corporativo con todos los beneficios que eso supone al estar a solo 100 mts de Aviadores del Chaco.
𝘊𝘦𝘳𝘤𝘢 𝘥𝘦 𝘵𝘰𝘥𝘰, 𝑝𝘢𝘳𝘢 𝘥𝘪𝘴𝘧𝘳𝘶𝘵𝘢𝘳 𝘥𝘦 𝘵𝘰𝘥𝘰𝘴 𝘭𝘰𝘴 𝘮𝘰𝘮𝘦𝘯𝘵𝘰𝘴 𝘥𝘦𝘭 𝘥í𝘢 y la noche, 𝘦𝘯 𝑝𝘢𝘳𝘦𝘫𝘢, 𝘤𝘰𝘯 𝘢𝘮𝘪𝘨𝘰𝘴 𝘰 𝘦𝘯 𝘧𝘢𝘮𝘪𝘭𝘪𝘢.
Un nuevo estilo de vida en el cual los residentes podrán disfrutar de cada espacio, pensado en las necesidades actuales de personas inmersas en una vida moderna.

PLANTAS
* 5 niveles de estacionamiento y bauleras
* Departamentos de 1 dormitorio (desde 80.715$)
* Departamentos de 2 dormitorios (desde 122.596$) del piso 7 al 19
* Departamentos de 3 dormitorios (desde 212.056$) del piso 21 al 26
* Amenities

*Cocheras
16,500$

*Bauleras
3.500$

EQUIPAMIENTO
Muebles de cocina
Aires anafe horno extractor placares

FUNCIONALIDADES
3 ascensores
Circuito cerrado
Portero eléctrico
Generador para áreas comunes

AMENITIES
Quinchos climatizados
Cocina gourmet
Sauna femenino y masculino
Área de pileta con solárium
Parrilla exterior
Salón multiuso
Coworking
Sala de cine
Playroom
Quincho climatizado con parrilla
Gimnasio
3 terrazas al aire libre

Impuesto inmobiliario 1.5$/mts2
Expensas 1.2$/mts2
El mejor precio por mts2 para el lujo que te ofrecemos!

Financiamiento propio durante obra
20% entrega Saldo a 12/2026
Financiamiento vía banco Atlas

Desarrollado por LEJOCO y Construido por Codas Vuyk



Ubicación https://maps.app.goo.gl/dJHhuj2t8S9gcSji6",Departamento - Venta - Paraguay Asunción Las Lomas (Carmelitas),3.0,2.0,143036045-185,16/06/2025,,Asuncion,,,Jazmin Cibils,,,,,,,,,,,,,,,,,,,,,,,,,1.0,114.0,1.0,1.0,,,
https://www.remax.com.py/es-py/propiedades/terreno/venta/san-roque/143063130-78,Terreno,,550000000 GS,"*TERRENO CON CASA A DEMOLER A MEDIA CUADRA DE ESTADOS UNIDOS Y PARAPITI SOBRE MANUEL ORTIZ GUERRERO
Se ofrece terreno con excelente ubicación en el corazón del centro de Asunción a media cuadra de Estados Unidos y a dos cuadras de Rodríguez de Francia
Barrio tranquilo cercano a estaciones de servicios, sanatorios, centros educativos, tiendas de cercanías entre otros.

Por su ubicación permite un rápido acceso a diferentes puntos

Excelente oportunidad!!!!
📐Superf. Del Terreno: 7 x 32
252 mts²

Ubicación: https://maps.app.goo.gl/KzxQ1FGTuoGccA7JA?g_st=com.google.maps.preview.copy",Terreno - Venta - Paraguay Asunción San Roque,,,143063130-78,16/06/2025,,Asuncion,,,Monserrat Miers,,,,,,,,,,,,,,,,,,,,,,,,,1.0,252.0,1.0,1.0,,,
https://www.remax.com.py/es-py/propiedades/terreno/venta/dr-francia/143068006-141,Terreno,,200000 USD,"Terreno en venta ubicado sobre la calle Río de la Plata casi Dr. Insfrán, Barrio Dr. Francia de Asunción
Zona del puerto de Asunción. Plaza Dr. Francia. Conecta con las principales Avdas. Colón, Carlos Antonio López, Doctor Paiva y Doctor Montero

Este amplio terreno te permite invertir en un desarrollo inmobiliario, edificio, salones comerciales, viviendas, o una amplia residencia
Medidas del terreno:
Frente 17,32 metros
Fondo 43,3 metros
Un total de 750 M2
Cuenta con una construcción a demoler

Inversión: Usd 200.000
Apto para crédito bancario

Ubicación: https://maps.app.goo.gl/CwSTjmfYLYnFrwUb7",Terreno - Venta - Paraguay Asunción Dr. Francia,,,143068006-141,16/06/2025,,Asuncion,,,Cecilia Rolón,,,,,,,,,,,,,,,,,,,,,,,,,1.0,750.0,1.0,1.0,,,
https://www.remax.com.py/es-py/propiedades/departamento/venta/manora/143025184-23,Departamento,,413915 USD,"En Venta Semi Penthouse de 3 Dormitorios en Edificio Sun Palace Tower
a 100 metros del Shopping del Sol
San Martín e/ Dr. Migone

Semipenthouse ubicado en Piso 21

- 3 Dormitorios en suite
- Área de servicio
- Baño social
- Balcón para 2 dormitorios
- Sala Comedor
- Cocina

AMENITIES DE PRIMER NIVEL

- Piscina
- Solarium
- Quincho con parrilla
- Salón de Eventos
- Salón multiuso
- Gimnasio
- Salón de Yoga
- Sala de Entretenimiento

Conserjeria 24 horas
Generador para El Edificio",Departamento - Venta - Paraguay Asunción Manorá,4.0,3.0,143025184-23,16/06/2025,,Asuncion,,,Nelly Gimenez,,,,,,,,,,,,,,,,,,,,,,,,,1.0,180.5,1.0,1.0,,,
https://www.remax.com.py/es-py/propiedades/edificio/venta/pettirossi/tte-otazu-y-ana-diaz-tte-otazu-y-ana-diaz/143098047-22,Edificio,,315000 USD,"🏢 Edificio en Venta Esquina Teniente Otazú y Ana Díaz

Oportunidad única de inversión en una excelente ubicación. Se ofrece en venta un edificio de 525 m², ubicado sobre la esquina de Teniente Otazú y Ana Díaz, zona de gran accesibilidad y conectividad.

Ideal para oficinas, consultorios, instituciones educativas o proyectos de renta.

✅ Visibilidad y acceso",Edificio - Venta - Paraguay Asunción Pettirossi,,,143098047-22,16/06/2025,,Asuncion,,,Francisco José Aguilera,,,,,,,,,,,,,,,,,,,,,,,,,1.0,,1.0,1.0,,,
https://www.remax.com.py/es-py/propiedades/terreno/venta/pettirossi/bonifacio-caballero-bonifacio-caballero/143098047-21,Terreno,,400000 USD,"📍 Terreno en venta sobre Bonifacio Caballero ¡Ubicación estratégica!

En venta terreno de 933 m², ubicado sobre Bonifacio Caballero.

El terreno se encuentra mayoritariamente despejado, lo que facilita cualquier tipo de construcción o emprendimiento. Cuenta además con una pequeña edificación existente, útil como depósito, oficina provisional o base para futuras obras.

✅ Excelente ubicación
✅ Gran visibilidad y fácil acceso",Terreno - Venta - Paraguay Asunción Pettirossi,,,143098047-21,16/06/2025,,Asuncion,,,Francisco José Aguilera,,,,,,,,,,,,,,,,,,,,,,,,,1.0,933.0,1.0,1.0,,,
https://www.remax.com.py/es-py/propiedades/departamento/venta/los-laureles/ri-4-curupayty-c-isaac-kostianovsky-los-laureles/143036034-134,Departamento,,135000 USD,"Departamento amoblado en venta en el Edificio Sporterra Los Laureles, barrio residencial con buena ubicación y todos los servicios en puerta. A metros de Casa Rica Los Laureles, a minutos de Villa Morra y del eje corporativo de Asunción. Departamento ubicado en el Piso 2 vista al frente. Sup. Total 103,77 m2.

Características:
2 dormitorios (1 en suite).
Baño familiar.
Sala de estar, comedor.
Cocina independiente equipado.
Área de lavado.
Amplio balcón con parrilla.
Garaje para 1 vehículo.
Baulera.
Todos los ambientes climatizados, completamente amoblado.

Amenities:
Gimnasio.
Piscina.
Sauna.
Quincho con parrilla.
Terraza abierta.
Generador para áreas comunes.
Cuenta con seguridad 24 hs.

Precio: 135.000 USD.",Departamento - Venta - Paraguay Asunción Los Laureles,2.0,2.0,143036034-134,16/06/2025,,Asuncion,,,Sergio Forestieri,,,,,,,,,,,,,,,,,,,,,,,,,1.0,103.0,1.0,1.0,,,
https://www.remax.com.py/es-py/propiedades/departamento/venta/manora/143025184-22,Departamento,,803013 USD,"Penthouse de Piso completo a 100 metros del Shopping del Sol
Avenida San Martín e/ Dr. Migone


- 3 Dormitorios en suite
- Área de servicio en suite
- Baño social
- Balcón con parrilla
- Balcón para 2 dormitorios
- Family Room
- Sala Comedor
- Cocina con desayunador
- Palier Privado


AMENITIES DE LUJO
- Piscina
- Solarium
- Quincho
- Salón de Eventos
- Salón multiuso
- Gimnasio
- Salón de Yoga
- Sala de Entretenimiento

Conserjeria 24 horas
Generador para el Edificio",Departamento - Venta - Paraguay Asunción Manorá,3.0,3.0,143025184-22,16/06/2025,,Asuncion,,,Nelly Gimenez,,,,,,,,,,,,,,,,,,,,,,,,,1.0,346.79,1.0,1.0,,,
https://www.remax.com.py/es-py/propiedades/departamento/venta/loma-pyta/143100020-36,Departamento,,36750 USD,"ALTEA HUB- esta en el corazon de Loma Pyta🍃 A solo 12 minutos del Eje Corporativo de Asunción cuenta con dos tipologias🏙️ donde detacan los monoambiente y 2 habitaciones, cerca de universidades, cerca del shopping Mariano, supermercados y cerca de asuncion.
Mono Ambiente de 30 m2 36.750.$
🌳 superficie cerca de exuberante vegetación, sin tener que alejarte de Asunción. cabe detaca que es una zona demandada por esstudiantes lo cual hace que para invertir sea de gran potencial adquisitivo.

Edificios de tan sólo 10 pisos y 2 de estacionamiento los departamentos por piso lo interesante de este proyecto es que cuenta con 3 sala de reunienes amplias.
Plata baja
Estacionmientos
coffe spress
3 areas de co-working o sala de reuniones
Labadero

escaleras presurizada ayuda a evitar la entrada de humo, polvo y gases tóxicos en caso de incendio, proporcionando un camino de escape seguro

🏡Tipologias:
Mono de 30 m2 desde 36.750. USD
2 Dormitorios - 58.5 m2 desde 63.840 USD
Amenities:
🌳Áreas Verdes cercanas.
🎉3 espectaculares salas de Reuniones
🏊🏻♀️Piscina
🛤️solarium
🏡 Accenores amplios para 8 personas

Diferntes medios de Pago nacionales internacionale
Apto para crédito bancario

📍Ubicación: https://maps.app.goo.gl/tge1orgS6VedYMJi9?g_st=iw


Contáctanos para más información o para agendar una visita.",Departamento - Venta - Paraguay Asunción Loma Pytá,1.0,1.0,143100020-36,16/06/2025,,Asuncion,,,Yusbely Reyes,,,,,,,,,,,,,,,,,,,,,,,,,1.0,30.0,1.0,1.0,,,
https://www.remax.com.py/es-py/propiedades/departamento/venta/catedral/143019099-12,Departamento,,480000000 GS,"Descubrí el equilibrio perfecto entre comodidad, estilo y ubicación en este departamento totalmente amoblado, ideal para quienes buscan vivir o invertir en una zona estratégica de Asunción.

🛏 1 Habitación
🛋 Sala y comedor integrados, con mobiliario moderno
🍽 Cocina independiente, equipada y funcional
🧺 Área de lavado y sector de servicio con baño propio
✨ Amoblado con diseño exclusivo y detalles que marcan la diferencia

Ubicado en el Barrio Catedra, zona tranquila y de fácil acceso, con cercanía a servicios, centros educativos, supermercados y más.

📍 Ideal para profesionales, parejas o como propiedad para renta.

Consultá con nosotros y coordiná una visita. ¡Esta oportunidad no se ve todos los días!",Departamento - Venta - Paraguay Asunción Catedral,,,143019099-12,16/06/2025,,Asuncion,,,Federico Melgarejo,,,,,,,,,,,,,,,,,,,,,,,,,1.0,85.0,1.0,1.0,,,
https://www.remax.com.py/es-py/propiedades/departamento/venta/recoleta/143056050-36,Departamento,,63900 USD,"Piso Nº 3 I

Edificio Invicta Recoleta",Departamento - Venta - Paraguay Asunción Recoleta,,1.0,143056050-36,16/06/2025,,Asuncion,,,Sandra Martin,,,,,,,,,,,,,,,,,,,,,,,,,1.0,40.0,1.0,1.0,,,40.0
https://www.remax.com.py/es-py/propiedades/departamento/venta/loma-pyta/143100020-35,Departamento,,36750 USD,"ALTEA HUB- esta en el corazon de Loma Pyta🍃 A solo 12 minutos del Eje Corporativo de Asunción cuenta con dos tipologias🏙️ donde detacan los monoambiente y 2 habitaciones, cerca de universidades, cerca del shopping Mariano, supermercados y cerca de asuncion.
Mono Ambiente de 30 m2 36.750.$
🌳 superficie cerca de exuberante vegetación, sin tener que alejarte de Asunción. cabe detaca que es una zona demandada por esstudiantes lo cual hace que para invertir sea de gran potencial adquisitivo.

Edificios de tan sólo 10 pisos y 2 de estacionamiento los departamentos por piso lo interesante de este proyecto es que cuenta con 3 sala de reunienes amplias.
Plata baja
Estacionmientos
coffe spress
3 areas de co-working o sala de reuniones
Labadero

escaleras presurizada ayuda a evitar la entrada de humo, polvo y gases tóxicos en caso de incendio, proporcionando un camino de escape seguro

🏡Tipologias:
Mono de 30 m2 desde 36.750. USD
2 Dormitorios - 58.5 m2 desde 63.840 USD
Amenities:
🌳Áreas Verdes cercanas.
🎉3 espectaculares salas de Reuniones
🏊🏻♀️Piscina
🛤️solarium
🏡 Accenores amplios para 8 personas

Diferntes medios de Pago nacionales internacionale
Apto para crédito bancario

📍Ubicación: https://maps.app.goo.gl/tge1orgS6VedYMJi9?g_st=iw


Contáctanos para más información o para agendar una visita.",Departamento - Venta - Paraguay Asunción Loma Pytá,1.0,1.0,143100020-35,16/06/2025,,Asuncion,,,Yusbely Reyes,,,,,,,,,,,,,,,,,,,,,,,,,1.0,30.0,1.0,1.0,,,
https://www.remax.com.py/es-py/propiedades/casa/venta/obrero/cadete-sisa-esq-iturbe/143037035-147,Casa,,980000000 GS,"Una construcción sólida, con carácter, que ha sido cuidada con esmero, como un tesoro de familia.

Sus amplios ventanales abrazan la luz natural desde el amanecer, mientras su estructura revela el encanto de una arquitectura clásica, auténtica con esa elegancia que ya no se construye.

Cada habitación cuenta una historia. Cada rincón fue pensado para durar. Y lo ha hecho. Techos altos, paredes firmes, pisos originales.

Afuera, un pequeño jardín enmarca la casa con verde, sombra y calma. Ideal para tardes tranquilas o reuniones familiares.

Distribución de la casa:

PLANTA BAJA:

- Amplio Patio
- Sala-Comedor
- Comedor diario
- Cocina.
- Habitación
- 1 Baño social
- Escritorio
- Baño del Exterior

PLANTA ALTA:
- AMPLIA SALA
- 4 HABITACIONES
- 2 BAÑOS",Casa - Venta - Paraguay Asunción Obrero,4.0,5.0,143037035-147,16/06/2025,,Asuncion,,,Ricardo Dominguez,,,,,,,,,,,,,,,,,,,,,,,,,1.0,915.0,1.0,1.0,,,540.0
https://www.remax.com.py/es-py/propiedades/casa/venta/los-laureles/143098027-66,Casa,,330000 USD,"Propiedad en venta en el Barrio Los Laureles

Superficie
* 706,50m2
* 20x39
Regulación:
* FM2

Precio: 330.000 USD
Ubicación: https://maps.app.goo.gl/sDQNHwP2LQwpWSQw8",Casa - Venta - Paraguay Asunción Los Laureles,,,143098027-66,16/06/2025,,Asuncion,,,Matías Vera,,,,,,,,,,,,,,,,,,,,,,,,,1.0,706.0,1.0,1.0,,,706.0
https://www.remax.com.py/es-py/propiedades/departamento/venta/las-mercedes/143063199-17,Departamento,,40000 USD,"Edificio ELALBA Las Mercedes

Diseño moderno y calidad en una ubicación estratégica

Proyecto diseñado para quien busca amplios espacios en departamentos a solo 15 minutos del eje corporativo
Sobre la calle Valois Rivarola e/ Washington y Perú

Edificios de 6 pisos con 8 departamentos
Tipo A, B, C.

Tipología C de 40 m2
Departamento Monoambiente.

Dormitorio con baño.
Cocina con mesada granito muebles de Achon
Sala comedor integrado
Amplio balcón con parrilla

Amenities:
Piscina con área de descanso
Terraza con mueblería
Quincho climatizado con parrilla
Ascensor

https://maps.app.goo.gl/zWnbznUmuLxuZqj28?g_st=com.google.maps.preview.copy
Obs. Incluye:
Termo calefón
Aires Acondicionados
Placares
Anafe y extractor


Plan de financiación con Banco GNB
Inicio de obra: septiembre 2025
Finalización en 18 meses

¡No te pierdas esta increíble oportunidad¡",Departamento - Venta - Paraguay Asunción Las Mercedes,1.0,1.0,143063199-17,16/06/2025,,Asuncion,,,Erika Dominguez,,,,,,,,,,,,,,,,,,,,,,,,,1.0,40.0,1.0,1.0,,,40.0
https://www.remax.com.py/es-py/propiedades/departamento/venta/las-mercedes/143063199-16,Departamento,,50000 USD,"Edificio ELALBA Las Mercedes

Diseño moderno y calidad en una ubicación estratégica

Proyecto diseñado para quien busca amplios espacios en departamentos a solo 15 minutos del eje corporativo
Sobre la calle Valois Rivarola e/ Washington y Perú

Edificios de 6 pisos con 8 departamentos
Tipo A, B, C.
Tipología B de 50m2
Departamento de 1 dormitorios.

Un dormitorio con baño.
Cocina con mesada granito muebles de Achon
Sala comedor integrado
Amplio balcón con parrilla

Amenities:
Piscina con área de descanso
Terraza con mueblerio
Quincho climatizado con parrilla
Ascensor

https://maps.app.goo.gl/zWnbznUmuLxuZqj28?g_st=com.google.maps.preview.copy
Obs. Incluye:
Termocalefon
Aires Acondicionados
Placares
Anafe y extractor


Plan de financiación con Banco GNB
Inicio de obra: septiembre 2025
Finalización en 18 meses

¡No te pierdas esta increíble oportunidad¡",Departamento - Venta - Paraguay Asunción Las Mercedes,1.0,1.0,143063199-16,16/06/2025,,Asuncion,,,Erika Dominguez,,,,,,,,,,,,,,,,,,,,,,,,,1.0,50.0,1.0,1.0,,,50.0
https://www.remax.com.py/es-py/propiedades/terreno/venta/vista-alegre/amancio-gonzalez-casi-avenida-fernando-de-la-mora-amancio-gonzalez-casi-avenida-fernando-de-la-mora/143061056-112,Terreno,,110000 USD,"🏡 Terreno en Venta en Barrio Vista Alegre - Asunción 🌳

¡Excelente oportunidad para invertir! Este amplio terreno de 350 m² (10 x 35 m) se encuentra ubicado detrás de la cancha del Club Fernando de la Mora, sobre la calle Amancio González entre la Avenida Fernando de la Mora y Sajonia, en el barrio Vista Alegre de Asunción.

El terreno cuenta con:
✨ Piscina
🚗 Cochera techada
🏞️ Terraza

Con acceso a servicios, comercios y transporte público cercano.

Ubicación: https://maps.app.goo.gl/jidB5f1Trb7t9ZMa6?g_st=iwb

💰 Inversión: USD 110.000

¡No dejes pasar esta oportunidad! Contáctanos para más detalles. 📞",Terreno - Venta - Paraguay Asunción Vista Alegre,,,143061056-112,16/06/2025,,Asuncion,,,Carlos Ortíz,,,,,,,,,,,,,,,,,,,,,,,,,1.0,350.0,1.0,1.0,,,
https://www.remax.com.py/es-py/propiedades/departamento/venta/ycua-sati/143056031-629,Departamento,,60000 USD,"VENDO DEPARTAMENTO EN PIACENZA YCUA SATI

Con una ubicación privilegiada en la zona mas comercial del país y con todas las comodidades!

Características:

Piso 1, Tipología E
Monoambiente.
1 baño
Balcón
Cochera
23.2 m2

Amenities:

Piscina
Jacuzzi
Co Working
Deck solarium
Laundry
Quincho climatizado y al aire libre
Gym

Precio: 60.000 USD",Departamento - Venta - Paraguay Asunción Ycuá Satí,1.0,1.0,143056031-629,16/06/2025,,Asuncion,,,Guadalupe Villoslada,,,,,,,,,,,,,,,,,,,,,,,,,1.0,23.2,1.0,1.0,,,
https://www.remax.com.py/es-py/propiedades/deposito/venta/san-vicente/143104001-35,Depósito,,680000000 GS,"🏢 ¡Oportunidad Única en Barrio San Vicente, Asunción! 🚀
¿Buscas un espacio amplio y estratégico para tu negocio?

Este inmueble de 371 m² con depósito de 310 m² es ideal para showroom, oficinas, producción, almacenamiento y más. 📦🏭

🔹 Características Destacadas:
✅ Espacios amplios y versátiles → Adáptalos a la medida de tu negocio sin grandes reformas.
✅ Diversos ambientes internos → Oficinas, salas de reuniones, showroom o almacenamiento.
✅ Fácil acceso para vehículos medianos y pequeños → Ideal para logística y distribución. 🚚. No apto para camiones grandes.
✅ Ubicación estratégica → A minutos del Mercado 4 y con acceso directo a Avda. Campo Vía (asfaltada y de alto tráfico).
✅ Infraestructura lista para operar → Sistema eléctrico trifásico y extractores en perfecto estado.

📏 Dimensiones del Terreno:
📌 Frente (Norte): 14,57 metros
📌 Contrafrente (Sur): 13,79 metros
📌 Costado Este: 26,31 metros
📌 Costado Oeste: 26,22 metros

📌 Superficie Total: 371 m²

💰Inversión: G. 680.000.000 💥

📍 Ubicación en Google Maps: https://maps.app.goo.gl/PaRLa1o3fxPYQMag6

📞 Contáctame hoy mismo y agenda tu visita.

#OportunidadComercial #InmuebleParaNegocios #Asunción #InversiónEstratégica",Depósito - Venta - Paraguay Asunción San Vicente,,,143104001-35,16/06/2025,,Asuncion,,,Marcelo Richer,,,,,,,,,,,,,,,,,,,,,,,,,1.0,371.0,1.0,1.0,,,310.0
https://www.remax.com.py/es-py/propiedades/departamento/venta/general-diaz/143020014-231,Departamento,,197000 USD,"En venta amplio departamento tipo dúplex, ubicado en las altura del Edificio Fortaleza Milano, combinando elegancia, comodidad y una vista privilegiada al Río Paraguay.

Con generosos espacios distribuidos en dos niveles, esta propiedad es ideal para quienes valoran amplitud, luz natural y un entorno urbano con fácil acceso a todo. Las grandes aberturas permiten disfrutar de vistas únicas.

Ubicado estratégicamente sobre las calles Milano y Alberdi, a escasos 5 minutos de la Costanera, 25 minutos del Eje Corporativo (Paseo la Galería, WTC, Shopping del Sol, etc). Rápido acceso a avenidas principales, bancos, centros educativos y restaurantes.

-Características del Departamento:

PLANTA BAJA:
*Amplia sala comedor con balcón.
*Cocina amoblada, con mesadas de granito, alacenas y extractor.
*Área de lavado independiente.
*Sector de escritorio.
*Espacio de guardado tipo depósito, debajo de la escalera, para no perder discreción y funcionalidad.
*Baño social.

PLANTA ALTA:

*1 habitación en suite (con balcón).
*1 habitación en suite (sin balcón).
*1 habitación (con balcón).
* Baño familiar.
* Estar íntimo con placares.

Plus: cuenta con doble cochera!!!!

*Amenities del edificio: Piscina, salón multiuso con parrilla, terraza, y salón para reuniones.

Este departamento es perfecto para quienes buscan instalarse en una zona consolidada, con movimiento, sin renunciar a la tranquilidad de las alturas y a una vista incomparable.

180m2 de superficie propia.
Inversión: USD 197.000

Contactame hoy mismo y agendá tu visita!",Departamento - Venta - Paraguay Asunción General Díaz,3.0,3.0,143020014-231,16/06/2025,,Asuncion,,,Federico Galeano,,,,,,,,,,,,,,,,,,,,,,,,,1.0,205.0,1.0,1.0,,,180.0
https://www.remax.com.py/es-py/propiedades/departamento/venta/la-encarnacion/juan-e-oleary-oleary-e-victor-haedo/143098010-72,Departamento,,330000000 GS,"Piso 3

Construccion 50 M2

2 habitaciones, 1 baño
El edificio cuenta con portería de lun a viernes de 8:00 a 18:00 hs, ascensor
Apta para crédito bancario.
Precio 330.000.000 gs
ubicación:
https://maps.app.goo.gl/gTcp7eypWR8cEswY7",Departamento - Venta - Paraguay Asunción La Encarnación,1.0,2.0,143098010-72,16/06/2025,,Asuncion,,,Carolina Galeano,,,,,,,,,,,,,,,,,,,,,,,,,1.0,50.0,1.0,1.0,,,
https://www.remax.com.py/es-py/propiedades/departamento/venta/recoleta/143075133-31,Departamento,,55000 USD,"NIX RECOLETA A 1000 metros del Shopping Mariscal

Invertí en un 𝗘𝗱𝗶𝗳𝗶𝗰𝗶𝗼 𝗕𝗼𝘂𝘁𝗶𝗾𝘂e*DESDE* 38.175 Usd
📍A 500 metros de la Cuadrita en una de las zonas de mayor crecimiento de Asunción


NIX 𝗥𝗘𝗖𝗢𝗟𝗘𝗧𝗔 🍃
▪︎ 7 𝗻𝗶𝘃𝗲𝗹𝗲𝘀 𝗱𝗲 𝗗𝗲𝗽𝗮𝗿𝘁𝗮𝗺𝗲𝗻𝘁𝗼𝘀
▪︎ 24 𝗘𝘀𝘁𝗮𝗰𝗶𝗼𝗻𝗮𝗺𝗶𝗲𝗻𝘁𝗼𝘀
▪︎ 𝗥𝗼𝗼𝗳𝘁𝗼𝗽 con Amenities de Primer Nivel

Departamentos 𝗺𝗼𝗻𝗼𝗮𝗺𝗯𝗶𝗲𝗻𝘁𝗲𝘀 y de 𝟭 habitación con balcón, parrilla y terminaciones premium.

𝗔𝗠𝗘𝗡𝗜𝗧𝗜𝗘𝗦 ✅️
- Piscina, Salon y Quincho Climatizado, Gym Premium, Coworking.

✨Balcón con parrilla en todas unidades

📍* A 500 mts de La Cuadrita Paseo Peatonal de Restaurantes

Retorno del 8 % Neto en Renta Tradicional y 13 % Neto en Renta Temporal


𝗨𝗕𝗜𝗖𝗔𝗖𝗜𝗢𝗡 📍
https://maps.app.goo.gl/9cKD5LvWnMB1MoWU6?g_st=ic

Construye: SIAR con más de 12 años construyendo en el mercado",Departamento - Venta - Paraguay Asunción Recoleta,1.0,1.0,143075133-31,16/06/2025,,Asuncion,,,José Recalde,,,,,,,,,,,,,,,,,,,,,,,,,1.0,46.5,1.0,1.0,,,46.5
https://www.remax.com.py/es-py/propiedades/departamento/venta/herrera/143104001-34,Departamento,,224548 USD,"🏙️ REGINA TOWER

El nuevo ícono residencial del Barrio Herrera

En el corazón del dinámico Barrio Herrera, nace Regina Tower, un proyecto residencial de vanguardia diseñado para quienes buscan elevar su calidad de vida sin renunciar a la comodidad urbana ni al estilo contemporáneo.

Con solo 21 exclusivos departamentos, Regina Tower combina elegancia, funcionalidad y amenities de alto nivel, en una ubicación estratégica que promete conectividad, valorización y bienestar duradero.

🏢 Distribución inteligente y confort a tu medida
Desarrollado por AC Construcciones, Regina Tower ofrece unidades pensadas para distintos estilos de vida, con diseño moderno, ventilación cruzada y terminaciones de alta calidad:

🛏️ 11 departamentos de 1 dormitorio
📐38,90 m² 💵 USD 57.800
✅ Termocalefón 50 L
✅ Aire acondicionado 12.000 BTU (Tokio) en dormitorio y comedor
✅ Placard empotrado en dormitorio

🛏️🛏️ 8 departamentos de 2 dormitorios
📐83,30 m² 💵 USD 123.700
✅ Termocalefón 80 L
✅ Aire acondicionado 18.000 BTU en sala + 12.000 BTU en dormitorios
✅ Amplio espacio de estar y comedor

🛏️🛏️🛏️ 2 departamentos de 3 dormitorios
📐131,70 m² 💵 USD 224.548
✅ 3 baños
✅ Termocalefón 100 L
✅ Ambientes amplios e independientes

🚗 Cocheras disponibles por USD 15.000

🍳 Cocinas equipadas
Todas las unidades cuentan con:

Mueble de cocina completo con mesada de granito

Bacha metálica, agua fría y caliente

Anafe infrarrojo, extractor eléctrico

🛁 Los baños incluyen mesada de granito, lavatorio con grifería monocomando y sistema de agua fría/caliente.

🌟 AMENITIES para vivir y disfrutar
Regina Tower fue concebido para brindar una experiencia residencial completa:

🛗 Ascensor de última generación

📹 Circuito cerrado de TV (CCTV) y portería 24 h

🏊♂️ Piscina para adultos y piscina para niños

🍖 Quincho climatizado con parrilla

🌅 Terraza con deck y vistas despejadas

🏋️♂️ Gimnasio totalmente equipado

⚡ Transformador exclusivo de 550 KVA

🔌 Generador de 50 Hz para áreas comunes

💧 Sistema de abastecimiento de agua con dos tanques:
40.000 L subterráneo
10.000 L en azotea

📍 Ubicación privilegiada
Situado sobre Antolín Irala casi Concejal Vargas, frente a nuevos desarrollos residenciales, Regina Tower se encuentra en una zona con gran potencial de plusvalía. A pocos minutos del eje corporativo, centros educativos, supermercados y vías principales, combina la paz del barrio con el dinamismo urbano.

https://maps.app.goo.gl/A8nCU13zFxE7YyZn8

🕒 Entrega estimada: Octubre 2025
Invertí hoy en un proyecto con entrega definida, respaldo profesional y posibilidad de personalizar detalles.

📌 Obs: Actualmente no cuenta con número de cuenta corriente catastral. Por el momento, la inversión debe realizarse con fondos propios, al contado.
Entrega del 50% y financiamiento hasta Dic/2025.

✅ ¿Por qué elegir Regina Tower?
Más metros al mejor precio por m²

Amenities premium en un edificio de baja densidad

Seguridad, confort y calidad superior

Ubicación estratégica con crecimiento sostenido

Ideal para vivir o invertir

Esta no es solo una propiedad.
Es una inversión en tu futuro, tu tranquilidad y un estilo de vida urbano con esencia residencial.

📞 Consultá hoy y asegurá tu unidad al mejor precio del mercado. Regina Tower te espera. 🏡✨",Departamento - Venta - Paraguay Asunción Herrera,3.0,3.0,143104001-34,16/06/2025,,Asuncion,,,Marcelo Richer,,,,,,,,,,,,,,,,,,,,,,,,,1.0,131.7,1.0,1.0,,,131.7
https://www.remax.com.py/es-py/propiedades/departamento/venta/herrera/143104001-33,Departamento,,123700 USD,"🏙️ REGINA TOWER

El nuevo ícono residencial del Barrio Herrera

En el corazón del dinámico Barrio Herrera, nace Regina Tower, un proyecto residencial de vanguardia diseñado para quienes buscan elevar su calidad de vida sin renunciar a la comodidad urbana ni al estilo contemporáneo.

Con solo 21 exclusivos departamentos, Regina Tower combina elegancia, funcionalidad y amenities de alto nivel, en una ubicación estratégica que promete conectividad, valorización y bienestar duradero.

🏢 Distribución inteligente y confort a tu medida
Desarrollado por AC Construcciones, Regina Tower ofrece unidades pensadas para distintos estilos de vida, con diseño moderno, ventilación cruzada y terminaciones de alta calidad:

🛏️ 11 departamentos de 1 dormitorio
📐38,90 m² 💵 USD 57.800
✅ Termocalefón 50 L
✅ Aire acondicionado 12.000 BTU (Tokio) en dormitorio y comedor
✅ Placard empotrado en dormitorio

🛏️🛏️ 8 departamentos de 2 dormitorios
📐83,30 m² 💵 USD 123.700
✅ Termocalefón 80 L
✅ Aire acondicionado 18.000 BTU en sala + 12.000 BTU en dormitorios
✅ Amplio espacio de estar y comedor

🛏️🛏️🛏️ 2 departamentos de 3 dormitorios
📐131,70 m² 💵 USD 224.548
✅ 3 baños
✅ Termocalefón 100 L
✅ Ambientes amplios e independientes

🚗 Cocheras disponibles por USD 15.000

🍳 Cocinas equipadas
Todas las unidades cuentan con:

Mueble de cocina completo con mesada de granito

Bacha metálica, agua fría y caliente

Anafe infrarrojo, extractor eléctrico

🛁 Los baños incluyen mesada de granito, lavatorio con grifería monocomando y sistema de agua fría/caliente.

🌟 AMENITIES para vivir y disfrutar
Regina Tower fue concebido para brindar una experiencia residencial completa:

🛗 Ascensor de última generación

📹 Circuito cerrado de TV (CCTV) y portería 24 h

🏊♂️ Piscina para adultos y piscina para niños

🍖 Quincho climatizado con parrilla

🌅 Terraza con deck y vistas despejadas

🏋️♂️ Gimnasio totalmente equipado

⚡ Transformador exclusivo de 550 KVA

🔌 Generador de 50 Hz para áreas comunes

💧 Sistema de abastecimiento de agua con dos tanques:
40.000 L subterráneo
10.000 L en azotea

📍 Ubicación privilegiada
Situado sobre Antolín Irala casi Concejal Vargas, frente a nuevos desarrollos residenciales, Regina Tower se encuentra en una zona con gran potencial de plusvalía. A pocos minutos del eje corporativo, centros educativos, supermercados y vías principales, combina la paz del barrio con el dinamismo urbano.

https://maps.app.goo.gl/A8nCU13zFxE7YyZn8

🕒 Entrega estimada: Octubre 2025
Invertí hoy en un proyecto con entrega definida, respaldo profesional y posibilidad de personalizar detalles.

📌 Obs: Actualmente no cuenta con número de cuenta corriente catastral. Por el momento, la inversión debe realizarse con fondos propios, al contado.
Entrega del 50% y financiamiento hasta Dic/2025.

✅ ¿Por qué elegir Regina Tower?
Más metros al mejor precio por m²

Amenities premium en un edificio de baja densidad

Seguridad, confort y calidad superior

Ubicación estratégica con crecimiento sostenido

Ideal para vivir o invertir

Esta no es solo una propiedad.
Es una inversión en tu futuro, tu tranquilidad y un estilo de vida urbano con esencia residencial.

📞 Consultá hoy y asegurá tu unidad al mejor precio del mercado. Regina Tower te espera. 🏡✨",Departamento - Venta - Paraguay Asunción Herrera,2.0,2.0,143104001-33,16/06/2025,,Asuncion,,,Marcelo Richer,,,,,,,,,,,,,,,,,,,,,,,,,1.0,83.3,1.0,1.0,,,83.3
https://www.remax.com.py/es-py/propiedades/departamento/venta/herrera/143104001-32,Departamento,,57800 USD,"🏙️ REGINA TOWER

El nuevo ícono residencial del Barrio Herrera

En el corazón del dinámico Barrio Herrera, nace Regina Tower, un proyecto residencial de vanguardia diseñado para quienes buscan elevar su calidad de vida sin renunciar a la comodidad urbana ni al estilo contemporáneo.

Con solo 21 exclusivos departamentos, Regina Tower combina elegancia, funcionalidad y amenities de alto nivel, en una ubicación estratégica que promete conectividad, valorización y bienestar duradero.

🏢 Distribución inteligente y confort a tu medida
Desarrollado por AC Construcciones, Regina Tower ofrece unidades pensadas para distintos estilos de vida, con diseño moderno, ventilación cruzada y terminaciones de alta calidad:

🛏️ 11 departamentos de 1 dormitorio
📐38,90 m² 💵 USD 57.800
✅ Termocalefón 50 L
✅ Aire acondicionado 12.000 BTU (Tokio) en dormitorio y comedor
✅ Placard empotrado en dormitorio

🛏️🛏️ 8 departamentos de 2 dormitorios
📐83,30 m² 💵 USD 123.700
✅ Termocalefón 80 L
✅ Aire acondicionado 18.000 BTU en sala + 12.000 BTU en dormitorios
✅ Amplio espacio de estar y comedor

🛏️🛏️🛏️ 2 departamentos de 3 dormitorios
📐131,70 m² 💵 USD 224.548
✅ 3 baños
✅ Termocalefón 100 L
✅ Ambientes amplios e independientes

🚗 Cocheras disponibles por USD 15.000

🍳 Cocinas equipadas
Todas las unidades cuentan con:

Mueble de cocina completo con mesada de granito

Bacha metálica, agua fría y caliente

Anafe infrarrojo, extractor eléctrico

🛁 Los baños incluyen mesada de granito, lavatorio con grifería monocomando y sistema de agua fría/caliente.

🌟 AMENITIES para vivir y disfrutar
Regina Tower fue concebido para brindar una experiencia residencial completa:

🛗 Ascensor de última generación

📹 Circuito cerrado de TV (CCTV) y portería 24 h

🏊♂️ Piscina para adultos y piscina para niños

🍖 Quincho climatizado con parrilla

🌅 Terraza con deck y vistas despejadas

🏋️♂️ Gimnasio totalmente equipado

⚡ Transformador exclusivo de 550 KVA

🔌 Generador de 50 Hz para áreas comunes

💧 Sistema de abastecimiento de agua con dos tanques:
40.000 L subterráneo
10.000 L en azotea

📍 Ubicación privilegiada
Situado sobre Antolín Irala casi Concejal Vargas, frente a nuevos desarrollos residenciales, Regina Tower se encuentra en una zona con gran potencial de plusvalía. A pocos minutos del eje corporativo, centros educativos, supermercados y vías principales, combina la paz del barrio con el dinamismo urbano.

https://maps.app.goo.gl/A8nCU13zFxE7YyZn8

🕒 Entrega estimada: Octubre 2025
Invertí hoy en un proyecto con entrega definida, respaldo profesional y posibilidad de personalizar detalles.

📌 Obs: Actualmente no cuenta con número de cuenta corriente catastral. Por el momento, la inversión debe realizarse con fondos propios, al contado.
Entrega del 50% y financiamiento hasta Dic/2025.

✅ ¿Por qué elegir Regina Tower?
Más metros al mejor precio por m²

Amenities premium en un edificio de baja densidad

Seguridad, confort y calidad superior

Ubicación estratégica con crecimiento sostenido

Ideal para vivir o invertir

Esta no es solo una propiedad.
Es una inversión en tu futuro, tu tranquilidad y un estilo de vida urbano con esencia residencial.

📞 Consultá hoy y asegurá tu unidad al mejor precio del mercado. Regina Tower te espera. 🏡✨",Departamento - Venta - Paraguay Asunción Herrera,1.0,1.0,143104001-32,16/06/2025,,Asuncion,,,Marcelo Richer,,,,,,,,,,,,,,,,,,,,,,,,,1.0,38.9,1.0,1.0,,,38.9
https://www.remax.com.py/es-py/propiedades/oficina/venta/las-lomas-carmelitas/143048025-98,Oficina,,1018000 USD,"Ubicada en el corazón del eje corporativo de Asunción, esta oficina de 509 m² propios en el 9º piso del Edificio Plaza Center ofrece una combinación ideal de ubicación, funcionalidad y prestigio empresarial.

Dirección: Av. Aviadores del Chaco, frente a Paseo La Galería y a pasos del Shopping del Sol zona estratégica, de alto tránsito y entorno corporativo consolidado.

Características principales:

Planta libre con amplios espacios y excelente iluminación natural.
Gran sala con vista panorámica.
Kitchenette.
Baños sexados.
9 cocheras privadas asignadas.
3 ascensores de alta velocidad.
Seguridad 24/7.

Una oportunidad para potenciar su imagen empresarial en una de las zonas más valoradas de la ciudad.",Oficina - Venta - Paraguay Asunción Las Lomas (Carmelitas),,,143048025-98,16/06/2025,,Asuncion,,,Fidel Acosta,,,,,,,,,,,,,,,,,,,,,,,,,1.0,509.0,1.0,1.0,,,
https://www.remax.com.py/es-py/propiedades/departamento/venta/las-mercedes/jose-berges-y-boqueron-jose-berges-y-boqueron/143072073-67,Departamento,,210000 USD,"🏙️ ¡Piso exclusivo de 3 dormitorios en el corazón de Las Mercedes! 🏡✨
Presentamos este moderno y acogedor departamento en Edificio Cosmo, con entrega prevista para fines del 2026 🗓️.

📏 Superficie: 140 m²
Ubicado en un edificio de 8 pisos, este espacio fue diseñado para una vida urbana, práctica y confortable.

🔹 Distribución:

🛋️ Sala
Cocina amoblada
Comedor
🛏️ 3 dormitorios (1 en suite)
🚿 3 baños
🌿 Balcón en 2 dormitorios y la sala comedor
💎 Estilo contemporáneo, funcional y lleno de detalles pensados para disfrutar del día a día.

📍 Ubicación privilegiada: José Berges y Boquerón ¡viví donde todo pasa!

🎯 Amenidades premium:

🏊 Piscina
🔥 Quincho
🧘 Terraza
🏋️ Gimnasio
📹 Sistema de alarma y portero eléctrico
🐶 ¡Pet friendly!
🚗 Dos estacionamientos
💼 Ideal para quienes buscan una inversión segura o un estilo de vida activo, en una zona con excelentes accesos y todo a mano.

📲 ¡Contactanos hoy mismo y agendá tu visita!
Viví en Las Mercedes, donde el diseño se encuentra con la comodidad.",Departamento - Venta - Paraguay Asunción Las Mercedes,3.0,3.0,143072073-67,16/06/2025,,Asuncion,,,Mirtha Godoy,,,,,,,,,,,,,,,,,,,,,,,,,1.0,140.0,1.0,1.0,,,
https://www.remax.com.py/es-py/propiedades/casa/venta/ycua-sati/mayor-leandro-aponte-mayor-leandro-aponte-c-cap-leandro-britos/143014151-75,Casa,,200000 USD,"✨𝗔𝗠𝗣𝗟𝗜𝗔 𝗖𝗔𝗦𝗔 𝗗𝗘 𝟮 𝗣𝗟𝗔𝗡𝗧𝗔𝗦 𝗭𝗢𝗡𝗔 𝗖𝗢𝗟𝗘𝗚𝗜𝗢 𝗚𝗢𝗘𝗧𝗛𝗘/𝗤𝗨𝗜𝗡𝗧𝗔 𝗬𝗞𝗨𝗔 𝗦𝗔𝗧𝗜, 𝗔 𝟭 𝗖𝗨𝗔𝗗𝗥𝗔 𝗗𝗘 𝗔𝗩𝗜𝗔𝗗𝗢𝗥𝗘𝗦 𝗗𝗘𝗟 𝗖𝗛𝗔𝗖𝗢✨

Ubicada sobre la calle asfaltada Mayor Leandro Aponte a pasos del Colegio Goethe y la Quinta Ykua Satí, a tan solo 1 cuadra de la Avda. Aviadores del Chaco y a escasos minutos de los puntos más importantes de la Capital como el Eje Corporativo, Paseo La Galería, Shopping del Sol.

La propiedad se encuentra a ser refaccionada. Ideal para edificiación de residencia nueva o proyecto de dúplex.

𝗗𝗶𝘀𝘁𝗿𝗶𝗯𝘂𝗰𝗶𝗼́𝗻:

𝗣𝗹𝗮𝗻𝘁𝗮 𝗯𝗮𝗷𝗮
🚗Cochera techada para 2 vehículos,
🍃Patio,
📦Depósito,
🛋Sala,
🫕Cocina,
🍽Comedor,
♨Quincho más área de servicio con baño,
🚽Baño social.

𝗣𝗹𝗮𝗻𝘁𝗮 𝗔𝗹𝘁𝗮
🛏3 dormitorios con balcón (una en suite),
🛁1 baño familiar.

🔲𝗦𝘂𝗽𝗲𝗿𝗳𝗶𝗰𝗶𝗲 𝗱𝗲𝗹 𝘁𝗲𝗿𝗿𝗲𝗻𝗼: 384m² (12m x 32m).
📐𝗦𝘂𝗽𝗲𝗿𝗳𝗶𝗰𝗶𝗲 𝗱𝗲 𝗰𝗼𝗻𝘀𝘁𝗿𝘂𝗰𝗰𝗶𝗼́𝗻: 170 m² aprox.

💰𝗠𝗼𝗻𝘁𝗼 𝗱𝗲 𝗹𝗮 𝗶𝗻𝘃𝗲𝗿𝘀𝗶𝗼́𝗻: 200.000 USD.
📍𝗨𝗯𝗶𝗰𝗮𝗰𝗶𝗼́𝗻: https://maps.app.goo.gl/fAc6DirCf4w4djkD8",Casa - Venta - Paraguay Asunción Ycuá Satí,4.0,3.0,143014151-75,16/06/2025,,Asuncion,,,Graciela Medina,,,,,,,,,,,,,,,,,,,,,,,,,1.0,554.0,1.0,1.0,,,170.0
https://www.remax.com.py/es-py/propiedades/terreno/venta/villa-aurelia/francis-morices-casi-liberato-m-rojas-francis-morices-casi-liberato-m-rojas/143098018-42,Terreno,,115000 USD,"En venta terreno en Barrio Villa Aurelia

Ubicado a 800m de la Av. Boggiani, a 600m de la Av. Mariscal Lopez.

Superficie de terreno: 355.48 m2

Frente: 11,88 Metros.
Contrafrente: 15 Metros.
Lindero Norte: 30,10 Metros.
Lindero Sur: 22,80 Metros.

Precio venta: 115.000 USD

Ubicación: https://maps.app.goo.gl/GNu4mz7mt6owsTsp7",Terreno - Venta - Paraguay Asunción Villa Aurelia,,,143098018-42,16/06/2025,,Asuncion,,,Moises Cho,,,,,,,,,,,,,,,,,,,,,,,,,1.0,355.48,1.0,1.0,,,
https://www.remax.com.py/es-py/propiedades/departamento/venta/ycua-sati/residence-roa-en-venta-departamento-en-edificio-residence-roa/143098047-20,Departamento,,118000 USD,"🏢 En venta Residencia Roa
📍 ¡A solo 5 minutos del Paseo La Galería!

Viví con estilo en este amplio departamento de 80 m², ideal para quienes buscan comodidad y ubicación.
✨2 dormitorio
🚗 Cochera incluida (12 m²)
💰 Solo USD 118.000
🌊 Piscina + quincho como amenities

¡No dejes pasar esta oportunidad única de invertir o vivir cerca de todo!",Departamento - Venta - Paraguay Asunción Ycuá Satí,2.0,2.0,143098047-20,16/06/2025,,Asuncion,,,Francisco José Aguilera,,,,,,,,,,,,,,,,,,,,,,,,,1.0,80.0,1.0,1.0,,,
https://www.remax.com.py/es-py/propiedades/casa/venta/ciudad-nueva/gral-elizardo-aquino-e-luis-alberto-de-herrera-y-herminio-gimenez/143037131-2,Casa,,185000 USD,"Características de la unidad:
¡Tu próximo hogar te espera en Ciudad Nueva! Una
propiedad que combina comodidad y
funcionalidad, perfecta para disfrutar en familia, y con la mejor ubicación. A pasos del centro y de Villa Morra.
🏡Casa principal:
✅ 2 dormitorios
✅ Area de living y comedor
✅ Cocina moderna
✅ 5 baños en total
✅ Cochera techada
✅ 362 m2 de terreno
✅ 299 m2 de edificación

🏠Departamentos independientes:
✅ 3 monoambientes
✅ Con baños privados y kitchenet

UBICACIÓN: https://www.google.com/maps/place/25%C2%B017'44.3%22S+57%C2%B037'06.8%22W/@-25.2956486,-57.6211242,924m/data=!3m2!1e3!4b1!4m4!3m3!8m2!3d-25.2956486!4d-57.6185493!5m1!1e2?hl=es&entry=ttu&g_ep=EgoyMDI1MDUyNy4wIKXMDSoASAFQAw%3D%3D",Casa - Venta - Paraguay Asunción Ciudad Nueva,5.0,5.0,143037131-2,16/06/2025,,Asuncion,,,Roberto Kropff,,,,,,,,,,,,,,,,,,,,,,,,,1.0,635.0,1.0,1.0,,,299.0
https://www.remax.com.py/es-py/propiedades/departamento/venta/villa-morra/eusebio-lillo-robles-eusebio-lillo-robles-asuncion-001411/143063128-216,Departamento,,65948 USD,"ATENCIÓN INVERSIONISTAS‼

Departamentos ideales para inversión
✅ 13 a 14% de rentabilidad A punto de entrega Julio: 2025

Un diseño novedoso que integra arquitectura moderna, tecnología avanzada y terrazas de espacios verdes.
📍Zona estratégica para Air bnb, en el mismo corazón de Asunción. Situada entre importantes polos comerciales y corporativos con surtida gastronomía.
A pasos del World Trade Center, Shopping del Sol, Paseo La Galería y Shopping Mcal. A una cuadra de la Av San Martín.

Edificio de 13 pisos
Departamentos desde:

👉Monoambientes: 32,37 m2
💰PRECIO: 65,948 Usd

👉1 dormitorio: 45- 59 m2
💰PRECIO: 79,881 Usd

👉1 dormitorio + escritorio
💰PRECIO: 95.239 USD (solo 2 unidades)

AMENIDADES:
Parrilleros, Gimnasio, Solárium, Jardines, Wet Spa, Hidromasaje

📍https://maps.app.goo.gl/q7qzxzLnbFt5C6Wo8",Departamento - Venta - Paraguay Asunción Villa Morra,1.0,1.0,143063128-216,16/06/2025,,Asuncion,,,Elena Hernández,,,,,,,,,,,,,,,,,,,,,,,,,1.0,32.37,1.0,1.0,,,
https://www.remax.com.py/es-py/propiedades/departamento/venta/las-lomas-carmelitas/avenida-san-martin-y-la-calle-papa-juan-xxiii-avenida-san-martin-y-la-calle-papa-juan-xxiii-en/143025069-233,Departamento,,142944 USD,"Te presento una excelente oportunidad de inversión o residencia en uno de los proyectos más innovadores y completos de la capital: el Edificio Home Stay San Martín, ubicado estratégicamente sobre la Av. San Martín, entre las calles Papa Juan XXIII y Federación Rusa, en el prestigioso barrio Manorá de Asunción. A solo pasos del Shopping del Sol, el World Trade Center y Paseo La Galería, este proyecto se sitúa en el principal eje corporativo y comercial de la ciudad.

Este departamento de 2 dormitorios, con una superficie total de 60,76 m², ha sido diseñado pensando en la funcionalidad, el confort y el estilo moderno. Cada ambiente ha sido optimizado para aprovechar la luz natural, con una distribución eficiente y acabados de alta calidad.

🏢 Características del Edificio:
22 niveles de construcción

115 departamentos residenciales

Arquitectura contemporánea y diseño funcional

Seguridad y recepción las 24 horas

🌟 Amenities y Servicios Exclusivos:
Piscina con solárium y área infantil (4º piso)

Gimnasio totalmente equipado

Rooftop con Lounge Resto-Bar y vistas panorámicas

Quinchos climatizados con parrilla

Área de coworking y salas de reuniones

Lobby con cafetería y espacios de espera

Lavandería con casilleros para personal

Servicio opcional de mucama 24/7

Cocheras techadas disponibles (adquiribles por separado)

🧠 Tecnología y Comodidades:
Cerraduras electrónicas SMART

Ambientes climatizados

Cocinas equipadas

Conectividad y eficiencia energética

Este proyecto ofrece también una modalidad ideal para quienes buscan renta a corto o largo plazo, con un sistema de administración de alquileres gestionado por la propia desarrolladora, lo que permite al propietario generar ingresos sin involucrarse en la operativa diaria.

Para más información o agendar una visita, contáctame y descubrí cómo este departamento puede convertirse en tu próximo hogar o en una inversión estratégica en una de las zonas más dinámicas de Asunción.",Departamento - Venta - Paraguay Asunción Las Lomas (Carmelitas),2.0,2.0,143025069-233,16/06/2025,,Asuncion,,,Camila Otazu,,,,,,,,,,,,,,,,,,,,,,,,,1.0,67.11,1.0,1.0,,,67.11
https://www.remax.com.py/es-py/propiedades/departamento/venta/las-lomas-carmelitas/avenida-san-martin-y-la-calle-papa-juan-xxiii-avenida-san-martin-y-la-calle-papa-juan-xxiii-en/143025069-232,Departamento,,140930 USD,"Te presento una excelente oportunidad de inversión o residencia en uno de los proyectos más innovadores y completos de la capital: el Edificio Home Stay San Martín, ubicado estratégicamente sobre la Av. San Martín, entre las calles Papa Juan XXIII y Federación Rusa, en el prestigioso barrio Manorá de Asunción. A solo pasos del Shopping del Sol, el World Trade Center y Paseo La Galería, este proyecto se sitúa en el principal eje corporativo y comercial de la ciudad.

Este departamento de 2 dormitorios, con una superficie total de 60,76 m², ha sido diseñado pensando en la funcionalidad, el confort y el estilo moderno. Cada ambiente ha sido optimizado para aprovechar la luz natural, con una distribución eficiente y acabados de alta calidad.

🏢 Características del Edificio:
22 niveles de construcción

115 departamentos residenciales

Arquitectura contemporánea y diseño funcional

Seguridad y recepción las 24 horas

🌟 Amenities y Servicios Exclusivos:
Piscina con solárium y área infantil (4º piso)

Gimnasio totalmente equipado

Rooftop con Lounge Resto-Bar y vistas panorámicas

Quinchos climatizados con parrilla

Área de coworking y salas de reuniones

Lobby con cafetería y espacios de espera

Lavandería con casilleros para personal

Servicio opcional de mucama 24/7

Cocheras techadas disponibles (adquiribles por separado)

🧠 Tecnología y Comodidades:
Cerraduras electrónicas SMART

Ambientes climatizados

Cocinas equipadas

Conectividad y eficiencia energética

Este proyecto ofrece también una modalidad ideal para quienes buscan renta a corto o largo plazo, con un sistema de administración de alquileres gestionado por la propia desarrolladora, lo que permite al propietario generar ingresos sin involucrarse en la operativa diaria.

Para más información o agendar una visita, contáctame y descubrí cómo este departamento puede convertirse en tu próximo hogar o en una inversión estratégica en una de las zonas más dinámicas de Asunción.",Departamento - Venta - Paraguay Asunción Las Lomas (Carmelitas),2.0,2.0,143025069-232,16/06/2025,,Asuncion,,,Camila Otazu,,,,,,,,,,,,,,,,,,,,,,,,,1.0,67.11,1.0,1.0,,,67.11
https://www.remax.com.py/es-py/propiedades/casa/venta/recoleta/143019024-151,Casa,,410000 USD,"Ubicado sobre Avda. Choferes del Chaco entre Dr. Toribio Pacheco

La propiedad cuenta con 321 m2 Edificados con materiales de primera
-Estacionamiento para 2 vehículos
- Hall de entrada
- Altillo con biblioteca
- Baño Social
- Comedor de invitados
- Sala de Estar
- 4 Dormitorios
- Área de Servicios
- Amplio comedor con cocina integrada

Patio amplio con hermoso jardín que va ampliando el terreno
Piscina
Casa de 100 m2 independiente

OPORTUNIDAD DE INVERSION PARA DESARROLLO INMOBILIARIO
Comercial o residencial

774 m2 de terreno

PLAN REGULADOR
FRANJA MIXTA 2

franja Mixta 2
coeficiente de edificabilidad 5 sobre avenida
Tasa de ocupación máxima: hasta 75% de la superficie del terreno",Casa - Venta - Paraguay Asunción Recoleta,4.0,3.0,143019024-151,16/06/2025,,Asuncion,,,Rodrigo Melgarejo,,,,,,,,,,,,,,,,,,,,,,,,,1.0,"1,095",1.0,1.0,,,321.0
https://www.remax.com.py/es-py/propiedades/departamento/venta/las-lomas-carmelitas/avenida-san-martin-y-la-calle-papa-juan-xxiii-avenida-san-martin-y-la-calle-papa-juan-xxiii-en/143025069-231,Departamento,,130748 USD,"Te presento una excelente oportunidad de inversión o residencia en uno de los proyectos más innovadores y completos de la capital: el Edificio Home Stay San Martín, ubicado estratégicamente sobre la Av. San Martín, entre las calles Papa Juan XXIII y Federación Rusa, en el prestigioso barrio Manorá de Asunción. A solo pasos del Shopping del Sol, el World Trade Center y Paseo La Galería, este proyecto se sitúa en el principal eje corporativo y comercial de la ciudad.

Este departamento de 2 dormitorios, con una superficie total de 60,76 m², ha sido diseñado pensando en la funcionalidad, el confort y el estilo moderno. Cada ambiente ha sido optimizado para aprovechar la luz natural, con una distribución eficiente y acabados de alta calidad.

🏢 Características del Edificio:
22 niveles de construcción

115 departamentos residenciales

Arquitectura contemporánea y diseño funcional

Seguridad y recepción las 24 horas

🌟 Amenities y Servicios Exclusivos:
Piscina con solárium y área infantil (4º piso)

Gimnasio totalmente equipado

Rooftop con Lounge Resto-Bar y vistas panorámicas

Quinchos climatizados con parrilla

Área de coworking y salas de reuniones

Lobby con cafetería y espacios de espera

Lavandería con casilleros para personal

Servicio opcional de mucama 24/7

Cocheras techadas disponibles (adquiribles por separado)

🧠 Tecnología y Comodidades:
Cerraduras electrónicas SMART

Ambientes climatizados

Cocinas equipadas

Conectividad y eficiencia energética

Este proyecto ofrece también una modalidad ideal para quienes buscan renta a corto o largo plazo, con un sistema de administración de alquileres gestionado por la propia desarrolladora, lo que permite al propietario generar ingresos sin involucrarse en la operativa diaria.

Para más información o agendar una visita, contáctame y descubrí cómo este departamento puede convertirse en tu próximo hogar o en una inversión estratégica en una de las zonas más dinámicas de Asunción.",Departamento - Venta - Paraguay Asunción Las Lomas (Carmelitas),2.0,2.0,143025069-231,16/06/2025,,Asuncion,,,Camila Otazu,,,,,,,,,,,,,,,,,,,,,,,,,1.0,63.47,1.0,1.0,,,63.47
https://www.remax.com.py/es-py/propiedades/departamento/venta/loma-pyta/sgto-tomas-lombardo-25243900206382857-57538468837738044/143014166-29,Departamento,,123000 USD,"🌳🌳 Parque Las Golondrinas - ASUNCION Loma Pyta 🌳🌳 te invita a vivir en un entorno único, combinando la comodidad urbana con la tranquilidad de la naturaleza. A solo 12 minutos del Eje Corporativo de Asunción, este desarrollo inmobiliario ofrece la oportunidad de disfrutar de la paz y el verde sin renunciar a la proximidad de los servicios y comodidades de la ciudad.
🦚🦚 5.000 m2 de superficie bajo árboles añejos y exuberante vegetación, sin tener que alejarte de Asunción 🦚🦚

Departamento de 2 Dormitorios:

✓82 m2
✓2 Dormitorios(1 suite)
✓2 Baños equipados
✓Horno, anafe y extractor
✓Muebles de cocina
✓Placares y A.A en cada Dormitorio
✓Área de Lavado Independiente
💦 Agua Gratis
🛻1 Cochera techada INCLUÍDA

Amenities:
🌳Áreas Verdes
🎉Salón de eventos
🏋🏻‍♀️Gym
🏊🏻‍♀️Piscina
🛤️Circuito de caminatas.

Financiación propia hasta 5 años
Apto para crédito bancario.",Departamento - Venta - Paraguay Asunción Loma Pytá,2.0,2.0,143014166-29,16/06/2025,,Asuncion,,,Margarita Gorzen,,,,,,,,,,,,,,,,,,,,,,,,,1.0,94.50,1.0,1.0,,,
https://www.remax.com.py/es-py/propiedades/departamento/venta/herrera/denis-roa-denis-roa/143014173-34,Departamento,,115662 USD,"¡Tu nuevo hogar te espera!

Precioso departamento de 2 dormitorios en el edificio Residence Roa, ubicado en el barrio Herrera.

- Superficie: 80 m² en el 1er piso
- Características:
- Cocina amoblada (anafe, horno empotrado, extractor)
- Sala, comedor
- Balcón
- 2 baños

- Amenities:
- Piscina
- Quincho con parrilla
- Lavadero

Ubicación: https://maps.app.goo.gl/fkbk4AMq8xJebGsM9
Precio de venta: 115.662 usd + 12.000 de cochera
¡Contáctanos para más información y agenda tu visita!",Departamento - Venta - Paraguay Asunción Herrera,2.0,2.0,143014173-34,16/06/2025,,Asuncion,,,Erika Woitschach,,,,,,,,,,,,,,,,,,,,,,,,,1.0,80,1.0,1.0,,,
https://www.remax.com.py/es-py/propiedades/departamento/venta/mburucuya/av-molas-lopez-av-molas-lopez/143063187-43,Departamento,,224208 USD,"PENTHOUSE DE 2 HABITACIONES 124m2- UBICADO EN EL ''EDIFICIO DESIGNO'' - SOBRE LA AVENIDA MOLAS LOPEZ

El Proyecto Designo se erige como un ícono de elegancia y conexión con la naturaleza en la vibrante ciudad de Asunción, Paraguay, situado estratégicamente sobre la Av. Molas López a pocos metros de Itapúa, en el tradicional barrio Mburucuyá.

Este edificio boutique no solo representa un espacio habitable, sino un santuario donde el lujo de la hospitalidad se fusiona con la belleza natural.

Distribuido en 10 niveles con espacios bien aprovechados.

Amenities:

- Lobby con portería 24hs

- Sala de cine

- S.U.M

- 2 quinchos con parrilla

- Piscina con cascada y un diseño de vanguardia

- Living room

PENTHOUSE A - PISO 15 - 2 HABITACIONES 124,56 m2

INVERSION: USD 224,208.-

.Cocheras: Usd.10.000.-

.Bauleras: Usd. 3.000.-

Formas de pago:

-Entrega inicial: 30%

-Saldo a financiar has 3 años

El edificio se encuentra terminado y a estrenar.

Ubicación: https://maps.app.goo.gl/skZsXmJdTAbfC4DJ7?g_st=com.google.maps.preview.copy",Departamento - Venta - Paraguay Asunción Mburucuyá,2.0,2.0,143063187-43,16/06/2025,,Asuncion,,,Clara Sosa,,,,,,,,,,,,,,,,,,,,,,,,,1.0,124,1.0,1.0,,,
https://www.remax.com.py/es-py/propiedades/departamento/venta/mburucuya/av-molas-lopez-av-molas-lopez/143063187-42,Departamento,,158253 USD,"DEPARTAMENTO DE 2 HABITACIONES 93M2 - UBICADO EN EL ''EDIFICIO DESIGNO'' - SOBRE LA AVENIDA MOLAS LOPEZ

El Proyecto Designo se erige como un ícono de elegancia y conexión con la naturaleza en la vibrante ciudad de Asunción, Paraguay, situado estratégicamente sobre la Av. Molas López a pocos metros de Itapúa, en el tradicional barrio Mburucuyá.

Este edificio boutique no solo representa un espacio habitable, sino un santuario donde el lujo de la hospitalidad se fusiona con la belleza natural.

Distribuido en 10 niveles con espacios bien aprovechados:

- Unidades tipo monoambientes desde 46,18m2 propios

- Unidades de 1 dormitorio desde 59,63m2 propios

- Unidades de 2 dormitorios de 93,09m2 propios

Amenities:

- Lobby con portería 24hs

- Sala de cine

- S.U.M

- 2 quinchos con parrilla

- Piscina con cascada y un diseño de vanguardia

- Living room

UNIDAD 3C - PISO 4 - 93,09 m2

INVERSION: USD 158.253.-

.Cocheras: Usd.10.000.-

.Bauleras: Usd. 3.000.-

Formas de pago:

-Entrega inicial: 30%

-Saldo a financiar has 3 años

El edificio se encuentra terminado y a estrenar.

Ubicación: https://maps.app.goo.gl/skZsXmJdTAbfC4DJ7?g_st=com.google.maps.preview.copy",Departamento - Venta - Paraguay Asunción Mburucuyá,2.0,2.0,143063187-42,16/06/2025,,Asuncion,,,Clara Sosa,,,,,,,,,,,,,,,,,,,,,,,,,1.0,93,1.0,1.0,,,
https://www.remax.com.py/es-py/propiedades/departamento/venta/mburucuya/av-molas-lopez-av-molas-lopez/143063187-41,Departamento,,101371 USD,"DEPARTAMENTO DE 1 DORMITORIO 59m2 - UBICADO EN EL ''EDIFICIO DESIGNO'' - SOBRE LA AVENIDA MOLAS LOPEZ

El Proyecto Designo se erige como un ícono de elegancia y conexión con la naturaleza en la vibrante ciudad de Asunción, Paraguay, situado estratégicamente sobre la Av. Molas López a pocos metros de Itapúa, en el tradicional barrio Mburucuyá.

Este edificio boutique no solo representa un espacio habitable, sino un santuario donde el lujo de la hospitalidad se fusiona con la belleza natural.

Distribuido en 10 niveles con espacios bien aprovechados:

- Unidades tipo monoambientes desde 46,18m2 propios

- Unidades de 1 dormitorio desde 59,63m2 propios

- Unidades de 2 dormitorios de 93,09m2 propios

Amenities:

- Lobby con portería 24hs

- Sala de cine

- S.U.M

- 2 quinchos con parrilla

- Piscina con cascada y un diseño de vanguardia

- Living room

INVERSION: USD 101.371

.Cocheras: Usd.10.000.-

.Bauleras: Usd. 3.000.-

Formas de pago:

-Entrega inicial: 30%

-Saldo a financiar has 3 años

El edificio se encuentra terminado y a estrenar.

Ubicación: https://maps.app.goo.gl/skZsXmJdTAbfC4DJ7?g_st=com.google.maps.preview.copy",Departamento - Venta - Paraguay Asunción Mburucuyá,1.0,1.0,143063187-41,16/06/2025,,Asuncion,,,Clara Sosa,,,,,,,,,,,,,,,,,,,,,,,,,1.0,59,1.0,1.0,,,
https://www.remax.com.py/es-py/propiedades/departamento/venta/mburucuya/av-molas-lopez-av-molas-lopez/143063187-40,Departamento,,78506 USD,"AMPLIO MONOAMBIENTE DE 46m2 UBICADO EN EL ''EDIFICIO DESIGNO'' - SOBRE LA AVENIDA MOLAS LOPEZ

El Proyecto Designo se erige como un ícono de elegancia y conexión con la naturaleza en la vibrante ciudad de Asunción, Paraguay, situado estratégicamente sobre la Av. Molas López a pocos metros de Itapúa, en el tradicional barrio Mburucuyá.

Este edificio boutique no solo representa un espacio habitable, sino un santuario donde el lujo de la hospitalidad se fusiona con la belleza natural.

Distribuido en 10 niveles con espacios bien aprovechados:

- Unidades tipo monoambientes desde 46,18m2 propios

- Unidades de 1 dormitorio desde 59,63m2 propios

- Unidades de 2 dormitorios de 93,09m2 propios

Amenities:

- Lobby con portería 24hs

- Sala de cine

- S.U.M

- 2 quinchos con parrilla

- Piscina con cascada y un diseño de vanguardia

- Living room

.Unidades desde: Usd.78.506.-

.Cocheras: Usd.10.000.-

.Bauleras: Usd. 3.000.-

Formas de pago:

-Entrega inicial: 30%

-Saldo a financiar has 3 años

El edificio se encuentra terminado y a estrenar.

Ubicación: https://maps.app.goo.gl/skZsXmJdTAbfC4DJ7?g_st=com.google.maps.preview.copy",Departamento - Venta - Paraguay Asunción Mburucuyá,1.0,1.0,143063187-40,16/06/2025,,Asuncion,,,Clara Sosa,,,,,,,,,,,,,,,,,,,,,,,,,1.0,46,1.0,1.0,,,
https://www.remax.com.py/es-py/propiedades/departamento/venta/las-lomas-carmelitas/av-molas-lopez-juan-xxiii/143054045-82,Departamento,,119000 USD,"VENDO DEPARTAMENTO DE 1 DORMITORIO EN PETRA TOWER.

En la cima de Asunción creamos un gran proyecto: el más alto, el más importante. Un gran ícono que se alza majestuoso, en la mejor ubicación de Asunción.

TOCA EL CIELO CON LAS MANOS:
170 metros de altura.


📐 42m2, con cochera y baulera total 62m2
Piso 30.

1 Dormitorios.
Aires acondicionados en todos los ambientes.
Cocina (horno, Anafe, estractor, mobiliario)
Estar, comedor.
Placares.

AMENITIES
Playground
Day care Infantil
Baños sexados
Piscina
Quinchos Climatizados
Open kitchen
Coffee Deck


A CUADRAS DE PASEO LA GALERIA / SHOPPING DEL SOL / WORLD TRADE CENTER / SHERATON BANCOS / TORRES CORPORATIVAS / CENTROS GASTRONÓMICOS Y COMERCIALES

📍 https://maps.app.goo.gl/ZMft9AMK4HE9ab9R9?g_st=iwb",Departamento - Venta - Paraguay Asunción Las Lomas (Carmelitas),1.0,1.0,143054045-82,16/06/2025,,Asuncion,,,Minoru Shiray,,,,,,,,,,,,,,,,,,,,,,,,,1.0,42,1.0,1.0,,,
https://www.remax.com.py/es-py/propiedades/departamento/venta/las-lomas-carmelitas/143056025-166,Departamento,,185000 USD,"Edificio Forvm Molas López

🌇 Piso 25 Tip. A
📐 73,3 m2

2 dormitorios (Uno en suite)
1 baño social
Sala comedor
Cocina semi integrada
Lavadero
Amoblado

Amenities:
🏊🏻♀️ Piscina
🌃 Terrazas al aire libre
🌇 Doble Quincho climatizado
🧩 DayCare para niños
🏋️♂️ Gimnasio
🫧 Laundry

Incluye cortinas antisolares y una cochera!",Departamento - Venta - Paraguay Asunción Las Lomas (Carmelitas),2.0,2.0,143056025-166,16/06/2025,,Asuncion,,,Alexander Duré,,,,,,,,,,,,,,,,,,,,,,,,,1.0,73.30,1.0,1.0,,,
https://www.remax.com.py/es-py/propiedades/departamento/venta/las-lomas-carmelitas/143056032-188,Departamento,,105000 USD,"Edificio Forvm Molas López

Piso 25 Tip. E
47 m2

1 dormitorio
1 baño social
Sala comedor
Cocina semi integrada
Lavadero

Amenities:
🏊🏻♀️ Piscina
🌃 Terrazas al aire libre
🌇 Doble Quincho climatizado
🧩 DayCare para niños
🏋️♂️ Gimnasio
🫧 Laundry",Departamento - Venta - Paraguay Asunción Las Lomas (Carmelitas),1.0,1.0,143056032-188,16/06/2025,,Asuncion,,,Wilfredo Derotier,,,,,,,,,,,,,,,,,,,,,,,,,1.0,47,1.0,1.0,,,
https://www.remax.com.py/es-py/propiedades/casa/venta/san-roque/pai-perez-e-eligio-ayala/143084017-48,Casa,,325000 USD,"Inmueble en venta en ubicación privilegiada del Barrio San Roque, (ex consultorio médico), ubicado en la esquina de las calles Pa´i Pérez y Eligio Ayala, en la zona de los Sanatorios San Roque, Migone y de clínicas médicas y laboratorios.

Superficie del inmueble: 417 m2
Superficie construida: 460 m2

La propiedad cuenta con una infraestructura diseñada para la funcionalidad y comodidad de consultorios médicos, oficinas corporativas o espacios comerciales, distribuidas en dos pisos:

Planta baja:

• 7 Consultorios con baños

• 1 Sala de espera.

• Ascensor.

• 1 Baño social.

• ⁠ Cocina con depósito

• ⁠ Estacionamiento

Planta alta:

• ⁠Escalera

• 6 Consultorios con baños.

• 1 baño social.

• Escalera con acceso a la azotea.",Casa - Venta - Paraguay Asunción San Roque,4.0,12.0,143084017-48,16/06/2025,,Asuncion,,,Stella Mendieta,,,,,,,,,,,,,,,,,,,,,,,,,1.0,877,1.0,1.0,,,460.0
https://www.remax.com.py/es-py/propiedades/terreno/venta/mbocayaty/sargento-leguizamon-casi-madame-linch/143054107-15,Terreno,,275000 USD,"¡Oportunidad única en el barrio Mbocayaty, Asunción!

Se ofrece en venta una excelente propiedad ubicada sobre la calle asfaltada David Leguizamón, a tan solo 50 metros de la Avda. Madame Lynch, en una zona residencial tranquila y de gran crecimiento.

📐 Superficie de terreno: 780 m²
🏡 Construcción: Casa de 80 m²
🛏️ Ambientes:

2 dormitorios

Baño social

Cocina

Sala comedor integrada
🌿 Exterior: Amplio patio, ideal para futuras ampliaciones, jardines o incluso una piscina.


La ubicación estratégica garantiza fácil acceso a importantes vías de circulación, transporte público, comercios, colegios y otros servicios esenciales.

💰 Inversión: USD 275.000

¡No dejes pasar esta oportunidad! Ideal para vivienda familiar o desarrollo inmobiliario.

📞 Contactános para más información o agendar una visita.",Terreno - Venta - Paraguay Asunción Mbocayaty,1.0,2.0,143054107-15,16/06/2025,,Asuncion,,,Carolina Mazacote,,,,,,,,,,,,,,,,,,,,,,,,,1.0,860,1.0,1.0,,,80.0
https://www.remax.com.py/es-py/propiedades/departamento-con-jardin/venta/sajonia/143026190-6,Departamento con Jardín,,85000 USD,"🏡 Penthouse de Ensueño con Jardín en Sajonia, Asunción ¡Un Oasis Urbano para Vivir o Invertir!
¿Buscas algo más que un simple departamento? Este exclusivo penthouse tipo casa con jardín, ubicado en el corazón del tradicional barrio Sajonia, es la definición de confort, diseño y funcionalidad para toda la familia.

Ubicado sobre la calle Maduvira Hernandarias, en un edificio de tan solo 8 plantas, esta propiedad única te ofrece privacidad, amplitud y calidad de vida en un entorno seguro y residencial.

🔹 Distribución y espacios
Con un diseño moderno en varios niveles, este penthouse cuenta con:

4 dormitorios espaciosos, ideales para cada miembro de la familia.

4 baños elegantes y funcionales.

7 ambientes bien distribuidos, pensados para brindar comodidad, luz natural y ventilación en cada rincón.

🔹 Ambientes exteriores para disfrutar

Jardín privado, perfecto para quienes aman la naturaleza sin salir de casa.

Quincho amplio, ideal para reuniones familiares, asados o momentos inolvidables con amigos.

Balcón con vista panorámica, un espacio relajante para comenzar o terminar el día con una taza de café o una copa de vino.

🔹 Ubicación privilegiada
Situado en una zona tranquila y residencial, pero a minutos del centro de Asunción, este penthouse te permite estar cerca de todo: supermercados, colegios, áreas verdes, hospitales y vías rápidas de acceso.

🔹 Ideal como inversión o vivienda familiar
Este inmueble reúne todo lo que buscan quienes desean vivir cómodamente en la ciudad o invertir con alta proyección de rentabilidad. Su diseño y ubicación lo hacen altamente atractivo para alquiler o reventa.

📞 ¡Agendá tu visita hoy mismo!
Descubrí lo que se siente vivir en un verdadero oasis urbano. Este penthouse te espera para comenzar una nueva etapa con estilo, tranquilidad y todas las comodidades que merecés.",Departamento - Venta - Paraguay Asunción Sajonia,4.0,4.0,143026190-6,16/06/2025,,Asuncion,,,Eva Pereira,,,,,,,,,,,,,,,,,,,,,,,,,1.0,130,1.0,1.0,,,130.0
https://www.remax.com.py/es-py/propiedades/departamento/venta/las-mercedes/teniente-jara-troche-teniente-jara-troche-c-juan-de-salazar-y-espinoza/143014005-722,Departamento,,94800 USD,"✨𝗔𝗟𝗧𝗢𝗦 𝗟𝗔𝗦 𝗠𝗘𝗥𝗖𝗘𝗗𝗘𝗦: 𝗨́𝗟𝗧𝗜𝗠𝗔𝗦 𝗨𝗡𝗜𝗗𝗔𝗗𝗘𝗦 𝗘𝗡 𝗣𝗢𝗭𝗢, 𝗗𝗘𝗣𝗔𝗥𝗧𝗔𝗠𝗘𝗡𝗧𝗢𝗦 𝗜𝗗𝗘𝗔𝗟𝗘𝗦 𝗣𝗔𝗥𝗔 𝗜𝗡𝗩𝗘𝗥𝗦𝗜𝗢́𝗡 𝗘𝗡 𝗣𝗔𝗥𝗔𝗚𝗨𝗔𝗬!!✨

En la mejor zona del Barrio Las Mercedes que presenta una consolidada actividad comercial, cultural, gastronómica y educativa, el edificio en construcción 𝘈𝘭𝘵𝘰s 𝘓𝘢𝘴 𝘔𝘦𝘳𝘤𝘦𝘥𝘦𝘴 se destaca por su gran luminosidad, confort y elegancia.

Las unidades se distinguen por su excelente funcionalidad y aprovechamiento del espacio,
asegurando una vida cómoda y práctica. Además, el edificio ofrece una gama de amenidades que elevan aún más la calidad de vida de sus residentes, incluyendo:
🍢Quincho interior,
🏋‍♂Gimnasio,
🍸Bar,
🌇Terraza y piscina,
❄Espacios climatizados y equipados con conectividad wifi.

𝗗𝗲𝗽𝗮𝗿𝘁𝗮𝗺𝗲𝗻𝘁𝗼 𝟱𝟬𝟱, 𝗽𝗶𝘀𝗼 𝟱:
📐Superficie: 49.7 m² + 12.2 m² de balcón,
🛋Estar/comedor y cocina,
🛏Dormitorio con placard empotrado,
🚽Baño,
♨Balcón con parrilla y lavadero.

💰𝗠𝗼𝗻𝘁𝗼 𝗱𝗲 𝗹𝗮 𝗶𝗻𝘃𝗲𝗿𝘀𝗶𝗼́𝗻: 94.800 USD.
🚗𝗖𝗼𝗰𝗵𝗲𝗿𝗮: 12.500 USD.

📍𝗨𝗯𝗶𝗰𝗮𝗰𝗶𝗼́𝗻: https://maps.app.goo.gl/UQK1xmAhTVDuq4Va6

👷‍♂𝗗𝗲𝘀𝗮𝗿𝗿𝗼𝗹𝗹𝗮𝗱𝗼𝗿𝗮: Estudio Alcorta.
🏗𝗖𝗼𝗻𝘀𝘁𝗿𝘂𝗰𝘁𝗼𝗿𝗮: Siar.
📅𝗘𝗻𝘁𝗿𝗲𝗴𝗮: Junio 2026.",Departamento - Venta - Paraguay Asunción Las Mercedes,1.0,1.0,143014005-722,16/06/2025,,Asuncion,,,Guilhem Costa,,,,,,,,,,,,,,,,,,,,,,,,,1.0,61.90,1.0,1.0,,,61.9
https://www.remax.com.py/es-py/propiedades/departamento/venta/las-mercedes/teniente-jara-troche-teniente-jara-troche-c-juan-de-salazar-y-espinoza/143014005-721,Departamento,,91300 USD,"✨𝗔𝗟𝗧𝗢𝗦 𝗟𝗔𝗦 𝗠𝗘𝗥𝗖𝗘𝗗𝗘𝗦: 𝗨́𝗟𝗧𝗜𝗠𝗔𝗦 𝗨𝗡𝗜𝗗𝗔𝗗𝗘𝗦 𝗘𝗡 𝗣𝗢𝗭𝗢, 𝗗𝗘𝗣𝗔𝗥𝗧𝗔𝗠𝗘𝗡𝗧𝗢𝗦 𝗜𝗗𝗘𝗔𝗟𝗘𝗦 𝗣𝗔𝗥𝗔 𝗜𝗡𝗩𝗘𝗥𝗦𝗜𝗢́𝗡 𝗘𝗡 𝗣𝗔𝗥𝗔𝗚𝗨𝗔𝗬!!✨

En la mejor zona del Barrio Las Mercedes que presenta una consolidada actividad comercial, cultural, gastronómica y educativa, el edificio en construcción 𝘈𝘭𝘵𝘰s 𝘓𝘢𝘴 𝘔𝘦𝘳𝘤𝘦𝘥𝘦𝘴 se destaca por su gran luminosidad, confort y elegancia.

Las unidades se distinguen por su excelente funcionalidad y aprovechamiento del espacio,
asegurando una vida cómoda y práctica. Además, el edificio ofrece una gama de amenidades que elevan aún más la calidad de vida de sus residentes, incluyendo:
🍢Quincho interior,
🏋‍♂Gimnasio,
🍸Bar,
🌇Terraza y piscina,
❄Espacios climatizados y equipados con conectividad wifi.

𝗗𝗲𝗽𝗮𝗿𝘁𝗮𝗺𝗲𝗻𝘁𝗼 𝟯𝟬𝟱, 𝗽𝗶𝘀𝗼 𝟯:
📐Superficie: 49.7 m² + 12.2 m² de balcón,
🛋Estar/comedor y cocina,
🛏Dormitorio con placard empotrado,
🚽Baño,
♨Balcón con parrilla y lavadero.

💰𝗠𝗼𝗻𝘁𝗼 𝗱𝗲 𝗹𝗮 𝗶𝗻𝘃𝗲𝗿𝘀𝗶𝗼́𝗻: 91.300 USD.
🚗𝗖𝗼𝗰𝗵𝗲𝗿𝗮: 12.500 USD.

📍𝗨𝗯𝗶𝗰𝗮𝗰𝗶𝗼́𝗻: https://maps.app.goo.gl/UQK1xmAhTVDuq4Va6

👷‍♂𝗗𝗲𝘀𝗮𝗿𝗿𝗼𝗹𝗹𝗮𝗱𝗼𝗿𝗮: Estudio Alcorta.
🏗𝗖𝗼𝗻𝘀𝘁𝗿𝘂𝗰𝘁𝗼𝗿𝗮: Siar.
📅𝗘𝗻𝘁𝗿𝗲𝗴𝗮: Junio 2026.",Departamento - Venta - Paraguay Asunción Las Mercedes,1.0,1.0,143014005-721,16/06/2025,,Asuncion,,,Guilhem Costa,,,,,,,,,,,,,,,,,,,,,,,,,1.0,61.90,1.0,1.0,,,61.9
https://www.remax.com.py/es-py/propiedades/oficina/venta/ciudad-nueva/felix-de-azara-felix-de-azara-entre-vice-presidente-sanchez-y-cor/143001004-33,Oficina,,100000 USD,"🏢 Propiedad en Venta – Ciudad Nueva, Asunción

📍 Ubicación estratégica sobre calle Azara, entre Vicepresidente Sánchez y José María Aguilar– Barrio Ciudad Nueva

Esta propiedad ofrece una oportunidad única para profesionales o empresas que buscan un espacio funcional, versátil y en excelente estado. Se trata de una edificación de dos plantas que funcionaba como consultorio médico, pero cuya distribución y características la hacen ideal también para oficinas corporativas, estudios jurídicos, centros de capacitación o coworking.

⸻

📐 Datos del inmueble
     •     Superficie del terreno: 215,14 m²
     •     Superficie construida: 404 m²
     •     Frente: 8,985 metros
     •     Fondo: 24 metros

⸻

🏗️ Distribución por niveles

Planta Baja:
     •     Garage para 1 vehículo
     •     Hall de acceso
     •     Sala de espera
     •     Area de Administración
     •     Depósito bajo escalera
     •     Kitchinette
     •     4 baños
     •     Área de mamografía (o espacio adaptable para sala técnica)
     •     Espacio para consultorio u oficina con baño privado
     •     Patio interno tipo tragaluz, que aporta luz natural y ventilación

Planta Alta:
     •     Sala de conferencias con baño privado
     •     3 espacios para consultorios u oficinas
     •     3 baños adicionales

⸻

✅ Características destacadas
     •     Sistema de prevención de incendios
     •     Instalación eléctrica trifásica embutida
     •     Pisos de cerámica
     •     Cielorrasos de yeso
     •     Agua corriente (ESSAP)
     •     Aire acondicionado tipo split
     •     Conectado a red cloacal
     •     Excelente estado de mantenimiento
     •     Ideal para uso institucional, médico o corporativo

⸻

💡 ¿Consultorio médico o sede empresarial?

La propiedad está lista para ser utilizada como clínica o centro médico, pero su distribución flexible y ubicación en un barrio mixto de alta demanda también la hacen perfecta para instalar oficinas corporativas, consultorios jurídicos o centros de servicios.

📞 Contactanos para más información o para coordinar una visita.",Oficina - Venta - Paraguay Asunción Ciudad Nueva,,,143001004-33,29/06/2025,,Asuncion,,,César Cáceres,,,,,,,,,,,,,,,,,,,,,,,,,1.0,619.14,,,,,404.0
https://www.remax.com.py/es-py/propiedades/departamento/venta/ycua-sati/143025033-445,Departamento,,500000 USD,"En Venta Semipiso de Lujo en Edificio Miranda

Ubicación privilegiada + privacidad total
Santa Teresa e/ Emeterio Miranda

- Piso 21
- Unidad 2102
228 m² propios con palier privado
3 dormitorios en suite
Área de servicio con baño
Baño social
Cocina no integrada
2 cocheras

💰 Precio: USD 500.000",Departamento - Venta - Paraguay Asunción Ycuá Satí,3.0,3.0,143025033-445,29/06/2025,,Asuncion,,,Carolina Vega,,,,,,,,,,,,,,,,,,,,,,,,,1.0,228,,,,,
https://www.remax.com.py/es-py/propiedades/casa/venta/ciudad-nueva/9-de-mayo-entre-mayor-bullo-y-22-de-setiembre-ciudad-nueva-asuncion/143014170-63,Casa,,770000000 GS,"🏡 Propiedad en Venta – Barrio Ciudad Nueva, Asunción
📍 Ubicación estratégica, en pleno corazón de Ciudad Nueva

💼 Ideal para vivienda familiar o oficina/estudio profesional, gracias a sus espacios amplios y su cercanía a centros comerciales, colegios, universidades, bancos y avenidas principales.

🔹 Distribución funcional:

🛋️ Sala principal amplia con altillo y depósito

🛏️ 2 habitaciones (una con placard)

🚿 1 baño compartido

🍽️ Cocina-comedor

🛋️ Sala íntima

🛏️ 2 habitaciones más con placares

🚽 1 baño completo + 1 baño social


🔹 Área de servicio y exteriores:

🌿 Terraza

🍖 Quincho

🧼 Área de servicio con baño

🧱 Depósito independiente


🚗 Garaje para 1 vehículo con portón automático.

📄 Documentación al día y lista para transferir.

💰 Precio: 770.000.000 Gs

Ubicación: https://maps.app.goo.gl/QcknKSgdnhDbv6t4A

📞 Contactanos para más información y agendá tu visita.",Casa - Venta - Paraguay Asunción Ciudad Nueva,4.0,4.0,143014170-63,29/06/2025,,Asuncion,,,Montserrat Ascencio,,,,,,,,,,,,,,,,,,,,,,,,,1.0,240,,,,,240.0
https://www.remax.com.py/es-py/propiedades/departamento/venta/mburucuya/143100020-39,Departamento,,200000 USD,"Departamento - Venta - Paraguay Asunción Mburucuyá
🏢 The 🌳 Forest Viví en el corazón de la naturaleza y la ciudad
El edificio The 🌳 Forest con 2 torres de departamentos en un mismo predio de más de 4.500 m2 con mas de 15 amenidades para disfrutar.

Un exclusivo complejo con dos torres de departamentos en un predio de más de 4.500 m², rodeado de árboles, senderos y más de 15 amenidades pensadas para tu bienestar.

📍 Ubicación privilegiada:
Avda. Primer Presidente casi Itapúa
Uno de los barrios residenciales más valorados de Asunción, con excelente conectividad.

🚘 A solo:

100 metros del Jardín Botánico
10 minutos del nuevo centro comercial
15 minutos del centro con acceso directo por Av. Costanera
10 minutos del Aeropuerto y Luque
🌇 Departamento en venta Piso 4, Torre 1

Distribución:

3 habitaciones (una en suite), todas con placares y espejos
Amplio balcón con vista al jardín interno
1 cochera de 12,5 m²
equipamientos como aires acondicionados, anafe, horno y extractor.

🎯 Amenidades para disfrutar todos los días:

4 piscinas (al aire libre y climatizadas para adultos y niños)
Hidromasaje
Sendero de más de 160 metros rodeado de árboles
Sala de reuniones
Parque infantil al aire libre
Sala de juegos para adultos, teens y niños
2 salones de eventos climatizados con cocina
2 áreas de parrilleros
Laundry en cada torre
Seguridad 24/7
Estacionamiento para invitados
📞 ¡No esperes más! Consultá hoy mismo y conocé tu nuevo hogar en The Forest.

¿Querés que te lo prepare en formato gráfico para compartir en redes o como PDF?",Departamento - Venta - Paraguay Asunción Mburucuyá,3.0,3.0,143100020-39,29/06/2025,,Asuncion,,,Yusbely Reyes,,,,,,,,,,,,,,,,,,,,,,,,,1.0,127,,,,,100.0
https://www.remax.com.py/es-py/propiedades/departamento/venta/recoleta/cruz-del-chaco-c-dr-eduardo-lopez-moreira-cruz-del-chaco-c-dr-eduardo-lopez-moreira/143014005-729,Departamento,,77900 USD,"✨𝗔𝗙𝗜𝗔𝗡𝗭𝗔 𝗠𝗔𝗥𝗜𝗦𝗖𝗔𝗟: 𝗨𝗡 𝗘𝗗𝗜𝗙𝗜𝗖𝗜𝗢 𝗗𝗜𝗦𝗘Ñ𝗔𝗗𝗢 𝗣𝗔𝗥𝗔 𝗜𝗡𝗩𝗘𝗥𝗦𝗢𝗥𝗘𝗦 𝗗𝗘 𝗥𝗘𝗡𝗧𝗔, 𝗔 𝗣𝗔𝗦𝗢𝗦 𝗗𝗘𝗟 𝗦𝗛𝗢𝗣𝗣𝗜𝗡𝗚 𝗠𝗔𝗥𝗜𝗦𝗖𝗔𝗟.✨

A tan sólo 100 metros de la nueva peatonal gastronómica ""La Cuadrita"", AFIANZA Mariscal se ubica en una esquina dentro de un entorno residencial pero muy cerca de los Shoppings y con una oferta gastronómica impresionante a su alrededor.

💎Arquitectura y diseño de primera clase, inspirados por un entorno único, pensado en aquellos que buscan: Ubicación y Calidad Constructiva Superior, además de Alta Rentabilidad.

Estilo de vida inspirado en un Apart Hotel.

𝗔𝗺𝗲𝗻𝗶𝘁𝗶𝗲𝘀 𝗲𝗻 𝘁𝗲𝗿𝗿𝗮𝘇𝗮:
🧖‍♂Spa con hidromasaje, sauna seco y sala de masajes.
☀Amplia terraza solárium con hidromasaje exterior.
🏊‍♂Piscina de 13 metros de largo.
♨Quincho cubierto con terraza.
🧑‍🍳Outdoor Kitchen.
🏋‍♂Gimnasio con terraza.

𝗣𝗹𝗮𝗻𝘁𝗮 𝗕𝗮𝗷𝗮:
🛋Hall de recepción con seguridad 24hs.
🎙Sala de reuniones.
🧑‍🔧Vestuario personal de servicio.
🧺Laundry.

Unidad 702, piso 7, terraza con parrilla.
🛏𝗗𝗲𝗽𝗮𝗿𝘁𝗮𝗺𝗲𝗻𝘁𝗼 𝗱𝗲 𝟭 𝗱𝗼𝗿𝗺𝗶𝘁𝗼𝗿𝗶𝗼: 77.900 USD.
📐𝗦𝘂𝗽𝗲𝗿𝗳𝗶𝗰𝗶𝗲: 42.5 m².

🚗𝗖𝗼𝗰𝗵𝗲𝗿𝗮: 12.500 USD.

📍𝗨𝗯𝗶𝗰𝗮𝗰𝗶𝗼́𝗻: https://maps.app.goo.gl/uKVwdt7FYxKrB8gt6

🏗 𝗖𝗼𝗻𝘀𝘁𝗿𝘂𝗰𝘁𝗼𝗿𝗮: Salum & Wenz.
📅𝗘𝗻𝘁𝗿𝗲𝗴𝗮: Abril 2026.",Departamento - Venta - Paraguay Asunción Recoleta,1.0,1.0,143014005-729,29/06/2025,,Asuncion,,,Guilhem Costa,,,,,,,,,,,,,,,,,,,,,,,,,1.0,42,,,,,
https://www.remax.com.py/es-py/propiedades/departamento/venta/ycua-sati/143056031-631,Departamento,,38400 USD,"VENDO DEPARTAMENTO EN POZO EN BARRIO YKUA SATI

Características:

Piso 5, Tipología d

1 dormitorio
Cochera
Balcón

Precio: 73.650 USD",Departamento - Venta - Paraguay Asunción Ycuá Satí,1.0,1.0,143056031-631,29/06/2025,,Asuncion,,,Guadalupe Villoslada,,,,,,,,,,,,,,,,,,,,,,,,,1.0,54.32,,,,,
https://www.remax.com.py/es-py/propiedades/departamento/venta/ycua-sati/143056031-630,Departamento,,73650 USD,"VENDO DEPARTAMENTO EN POZO EN BARRIO YKUA SATI

Características:

Piso 5, Tipología d

1 dormitorio
Cochera
Balcón

Precio: 73.650 USD",Departamento - Venta - Paraguay Asunción Ycuá Satí,1.0,1.0,143056031-630,29/06/2025,,Asuncion,,,Guadalupe Villoslada,,,,,,,,,,,,,,,,,,,,,,,,,1.0,54.32,,,,,
https://www.remax.com.py/es-py/propiedades/departamento/venta/recoleta/cuartel-de-la-rivera-cuartel-de-la-rivera-amp;-juan-s-bogarin/143075092-74,Departamento,,55000 USD,"Invertí en un 𝗘𝗱𝗶𝗳𝗶𝗰𝗶𝗼 𝗕𝗼𝘂𝘁𝗶𝗾𝘂𝗲 a 1000 metros del Shopping Mariscal y el nuevo Eje Corporativo, en una de las zonas de mayor crecimiento de Asunción

ENTREGA DE LAS UNIDADES: DICIEMBRE 2026


con balcón, parrilla y terminaciones premium.
- Cerraduras Smart.
- Vidrios laminados con aberturas en aluminio.


NIX 𝗥𝗘𝗖𝗢𝗟𝗘𝗧𝗔 🍃
▪︎ 7 𝗻𝗶𝘃𝗲𝗹𝗲𝘀 𝗱𝗲 𝗗𝗲𝗽𝗮𝗿𝘁𝗮𝗺𝗲𝗻𝘁𝗼𝘀
▪︎ 24 𝗘𝘀𝘁𝗮𝗰𝗶𝗼𝗻𝗮𝗺𝗶𝗲𝗻𝘁𝗼𝘀
▪︎ 𝗥𝗼𝗼𝗳𝘁𝗼𝗽 con Amenities de Primer Nivel
𝗔𝗠𝗘𝗡𝗜𝗧𝗜𝗘𝗦 ✅️
- Piscina, Salon y Quincho Climatizado, Gym Premium, Coworking.
- Ascensor
- * A 500 mts de
La Cuadrita Paseo Peatonal de Restaurantes

Retorno del 8 % Neto en Renta Tradicional y 13 % Neto en Renta Temporal

𝗨𝗕𝗜𝗖𝗔𝗖𝗜𝗢𝗡 📍
https://maps.app.goo.gl/9cKD5LvWnMB1MoWU6?g_st=ic

Construye: SIAR con más de 12 años construyendo en el mercado",Departamento - Venta - Paraguay Asunción Recoleta,1.0,1.0,143075092-74,29/06/2025,,Asuncion,,,Betharram Galeano,,,,,,,,,,,,,,,,,,,,,,,,,1.0,45,,,,,
https://www.remax.com.py/es-py/propiedades/terreno/venta/ita-enramada/juan-bautista-gill-y-boqueron-juan-bautista-gill-y-boqueron/143098047-28,Terreno,,330000000 GS,"¡OPORTUNIDAD ÚNICA EN ITÁ ENRAMADA! 🏡📍

Terreno a solo dos cuadras de Av. Perón y una cuadra de Cacique Lambare.

Ideal para inversionistas que buscan desarrollar dúplex, depósitos u otros proyectos de alta rentabilidad.

📌 Zona en crecimiento
📌 Fácil acceso y excelente conectividad
📌 Gran potencial de valorización

Lote nro 6: 393,12 m2

No dejes pasar esta oportunidad. ¡Consultá ahora y asegurá tu inversión! 🔑",Terreno - Venta - Paraguay Asunción Itá Enramada,,,143098047-28,29/06/2025,,Asuncion,,,Francisco José Aguilera,,,,,,,,,,,,,,,,,,,,,,,,,1.0,393.12,,,,,
https://www.remax.com.py/es-py/propiedades/terreno/venta/ita-enramada/juan-bautista-gill-y-boqueron-juan-bautista-gill-y-boqueron/143098047-27,Terreno,,370000000 GS,"¡OPORTUNIDAD ÚNICA EN ITÁ ENRAMADA! 🏡📍

Terreno a solo dos cuadras de Av. Perón y una cuadra de Cacique Lambare.

Ideal para inversionistas que buscan desarrollar dúplex, depósitos u otros proyectos de alta rentabilidad.

📌 Zona en crecimiento
📌 Fácil acceso y excelente conectividad
📌 Gran potencial de valorización

Lote nro 7: 433,95 m2

No dejes pasar esta oportunidad. ¡Consultá ahora y asegurá tu inversión! 🔑",Terreno - Venta - Paraguay Asunción Itá Enramada,,,143098047-27,29/06/2025,,Asuncion,,,Francisco José Aguilera,,,,,,,,,,,,,,,,,,,,,,,,,1.0,433.95,,,,,
https://www.remax.com.py/es-py/propiedades/casa/venta/las-lomas-carmelitas/143100035-7,Casa,,348000 USD,"En Venta Residencia en Esquina lLomas Carmelitas
✅Para Empresa, oficina corporativa
◾Cerca del Shopping del Sol, detrás del BCP, Parque de la Salud, IPS Central
Superficie Total:413mts
Dimensiones:15 *27
Superf.cobstruccion: 281mts
⚠️Se divide en:
▪️Amplia Recepción
▪️8 Ambientes 5 en Suite
▪️Baño compartido
▪️Ambientes super amplios ️
✅Especial para empresa por ubicarse a min.del eje corporativo
💰Precio Alquiler:10.000.000gs iva incluido.
✔️Obs: No tiene cochera, se deja enfrente vehículos.
📍Ubicación:
https://maps.app.goo.gl/4LeLirZbW7UkjKFDA?g_st=iwb",Casa - Venta - Paraguay Asunción Las Lomas (Carmelitas),7.0,5.0,143100035-7,29/06/2025,,Asuncion,,,Lourdes Penoni,,,,,,,,,,,,,,,,,,,,,,,,,1.0,413,,,,,281.0
https://www.remax.com.py/es-py/propiedades/departamento/venta/ytay/tte-2do-benigno-caceres-tte-2do-benigno-caceres/143037037-436,Departamento,,85000 USD,"🏙️ Departamento en venta Edificio Balcones del Club

📍 Ubicado sobre Tte. 2do Benigno Cáceres casi José Pappalardo, frente mismo al CIT Barrio Ytay

Amplio y luminoso departamento de 97,5 m² propios, ubicado en el 4to piso, con una inmejorable vista directa al CIT.
Cuenta con:

🛏️ 2 habitaciones
🛁 2 baños
🍽️ Cocina integrada a sala/comedor
🌇 Balcón con parrilla
🛗 Edificio con ascensor
🚫 Sin cochera

Actualmente se encuentra alquilado por G. 3.300.000 mensuales, con contrato vigente hasta diciembre de 2025.

Ideal para quienes buscan comodidad, buena ubicación y disfrutar de una excelente vista.
¡Consultanos para agendar tu visita!

UBICACIÓN: https://maps.app.goo.gl/in24zG6fMnmgQZgH6",Departamento - Venta - Paraguay Asunción Ytay,2.0,2.0,143037037-436,29/06/2025,,Asuncion,,,Ingrid Godoy,,,,,,,,,,,,,,,,,,,,,,,,,1.0,97,,,,,
https://www.remax.com.py/es-py/propiedades/casa/venta/pinoza/pariri-casi-tobati-pariri-casi-tobati/143037125-10,Casa,,145000 USD,"Casa En Venta - Buena Ubicación - B° VISTA ALEGRE

✅ Dicha propiedad se encuentra ubicada sobre la calle asfaltada Parirí y a minutos de las Avenidas principales E. Ayala y Fdo de la Mora
✅ Zona de residencias, pero asi también en inmedaciones del sector comercial
✅ Cuenta con una construcción sólida a refaccionar, distribuída de la sgte manera:
📐Superf. Del Terreno: 15 x 28= 420 mts²
📐Superf. Construida: 300 mts²

● 1 Salón cial con su baño priv en la parte de enfrente
● Jardin frontal
● Living, estar
● 3 habitaciones
● 2 baños
● Cocina comedor
● Cochera techada
● Patio Interno
✔️ En la parte trasera también cuenta con una construcc tipo Dpto con sus dependencias:
● 2 Habitaciones
● Sala - comedor
● 1 baño

📍Ubicac.: https://maps.app.goo.gl/aYqSM4vg79CPJBkv9

💰 Precio: USD. 145.000
Documentación en regla, lista para transferir📝
Escuchamos tu Propuesta..!!

Contactá con tu Agente de Confianza👔🫱🏽‍🫲🏽",Casa - Venta - Paraguay Asunción Pinoza,4.0,6.0,143037125-10,29/06/2025,,Asuncion,,,Julio Méndez,,,,,,,,,,,,,,,,,,,,,,,,,1.0,720,,,,,300.0
https://www.remax.com.py/es-py/propiedades/casa/venta/santisima-trinidad/143054117-13,Casa,,1100000000 GS,"¡Inversión que te sorprenderá!
📍 Ubicación inmejorable en zona de alto crecimiento
Te presentamos esta excelente oportunidad de inversión, ideal para quienes buscan rentabilidad inmediata y potencial de revalorización.

🏠 Propiedad con 6 unidades habitacionales, todas actualmente alquiladas y generando USD 1.000 mensuales en ingresos. Con una renovación estratégica, podrías alcanzar hasta un 15% de rentabilidad anual. ¡Una verdadera joya para inversores inteligentes!

🚑 Alquiler garantizado gracias a su proximidad al nuevo IPS, lo que asegura una alta demanda permanente por parte del personal de salud.

📍 A tan solo una cuadra de la Avda. Artigas y muy cerca de Molas López, con asfaltado nuevo y entubamiento pluvial reciente, en una zona con gran proyección de desarrollo urbano.

🔗 Ubicación en Google Maps
https://maps.app.goo.gl/s8HNoYr4ogTPGBmb8

INVERSIÓN: GS. 1.100.000.000 GS

¡No dejes pasar esta oportunidad única en una de las zonas con mayor crecimiento de la ciudad!",Casa - Venta - Paraguay Asunción Santísima Trinidad,,,143054117-13,29/06/2025,,Asuncion,,,Emanuel Santana,,,,,,,,,,,,,,,,,,,,,,,,,1.0,386,,,,,300.0
https://www.remax.com.py/es-py/propiedades/casa/venta/ycua-sati/austria-esq-gumersindo-sosa-zona-eje-corporativo/143025145-263,Casa,,450000 USD,"Casa a refaccionar en Amplio terreno de 615 m2. en esquina.
Ubicado sobre la calle Austria ( 15.49 mts.) esq. Gumersindo Sosa. (36.64 mts.)
A pasos del eje corporativo, detrás de Paseo La Galería.
Ideal para construcción de residencia o edificio boutique.
Tiene una construcción de 294,46 m2. a refaccionar o demoler.
AR1A según plan regulador.
Coeficiente de edificabilidad: 1,5
Area edificable: Sup. del terreno x Coef. edificabilidad
Tasa de Ocupación Máx.: Hasta 60% del superficie del terreno.
Ubicación: https://maps.app.goo.gl/puMYB9MNqabyxTE87
Precio: USD. 450.000 (Escucha oferta)
Contatá con tu agente p/ mas información.",Casa - Venta - Paraguay Asunción Ycuá Satí,4.0,5.0,143025145-263,29/06/2025,,Asuncion,,,Carlos Ledesma,,,,,,,,,,,,,,,,,,,,,,,,,1.0,615,,,,,295.0
https://www.remax.com.py/es-py/propiedades/casa/venta/villa-morra/23-de-octubre-entre-del-maestro-y-olegario-victor-23-de-octubre-entre-del-maestro-y-olegario-victor/143098047-25,Casa,,340000 USD,"🏡 En venta Casa en Villa Morra
Espacios amplios, cómodos y con excelente distribución.

🔻 Planta Baja:
🚗 Garage para 4 vehículos
📚 Escritorio con baño privado
🧺 Área de servicio completa (lavadero, habitación y baño)
🍽️ Cocina amoblada con mesada de granito
🛏️ Dormitorio matrimonial en suite
🛏️ 2 dormitorios con baño compartido tipo sexado
🛋️ Sala integrada al quincho y galería
🏊 Piscina + baño exterior con depósito

🔺 Planta Alta:
🛋️ Sala de estar íntima
🧳 Depósito (opcional dormitorio)
🎮 Sala de juegos con habitación en suite
🌅 Terraza con acceso independiente a la planta baja

📍 Ubicación premium en Villa Morra",Casa - Venta - Paraguay Asunción Villa Morra,6.0,4.0,143098047-25,29/06/2025,,Asuncion,,,Francisco José Aguilera,,,,,,,,,,,,,,,,,,,,,,,,,1.0,482,,,,,400.0
https://www.remax.com.py/es-py/propiedades/duplex/venta/san-pablo/299-epifanio-mendez-299-tte-jose-felix-lopez/143014163-12,Duplex,,720000000 GS,"¡Dúplex en Venta con Excelente Ubicación!

✨ Planta Alta:
🛏️ 2 Dormitorios
🛁 1 Baño

✨ Planta Baja:
🛏️ 1 Dormitorio
🛁 1 Baño
🛋️ Sala
🍽️ Comedor
🍳 Cocina amoblada
🧑‍💻 Amplio Escritorio
🚗 2 Cocheras
📐 Sup. Terreno: 157 m²
🏗️ Sup. Construida: 165 m²
Inversión: 720.000.000 Gs.
📍https://maps.app.goo.gl/RjnripFmL3E9gUhf7?g_st=awb",Duplex - Venta - Paraguay Asunción San Pablo,2.0,3.0,143014163-12,29/06/2025,,Asuncion,,,Lorena Melgarejo,,,,,,,,,,,,,,,,,,,,,,,,,1.0,307,,,,,150.0
https://www.remax.com.py/es-py/propiedades/departamento/venta/ycua-sati/001409-victor-haedo-esq-juez-e-pinho-barrio/143061089-1,Departamento,,185000 USD,"¡Descubre esta increíble oportunidad de inversión en Asunción! Ubicado en el prestigioso barrio de Ycuá Satí Edificio AL ofrece la combinación perfecta de modernidad y comodidad.

Este magnífico departamento cuenta con:
2 dormitorios (1 en suite)
2 baños
Sala / cocina / comedor
Amoblado (placares / cocina)
Balcón con parrilla

AMENITIES/SERVICIOS

PISCINA DE 23 MTS.
PISCINA INFANTIL
SALA DE JUEGOS
PARQUE INFANTIL
PARRILLEROS
SALÓN DE EVENTOS
SALA DE REUNIONES
LOBBY
GIMNASIO
ÁREA DE FUNCIONA",Departamento - Venta - Paraguay Asunción Ycuá Satí,2.0,2.0,143061089-1,29/06/2025,,Asuncion,,,Luís Gómez,,,,,,,,,,,,,,,,,,,,,,,,,1.0,112,,,,,112.0
https://www.remax.com.py/es-py/propiedades/terreno/venta/loma-pyta/143075156-29,Terreno,,100000 USD,"VENDO TERRENO EN LOMA PYTA A 1 CUADRA DE AUTOPISTA ÑU GUASU

💡Esta propiedad se encuentra a 15 min del eje corporativo en un área industrial, ideal para construir instalaciones de producción, almacenamiento, o distribución de servicios.

📍Ubicado a
* 1 cuadra de la Autopista Ñu Guasu.
* 1 cuadra de la Av. Dr. Esteban Semidei

📐Dimensiones

* 10x50mts
Frente s/ calle Acahay

🌳Superficie total 500m2

💰Valor de inversión USD100.000

🛣️ Ubicación: https://maps.app.goo.gl/TjmNfRcdsZWAM6TH6?g_st=com.google.maps.preview.copy",Terreno - Venta - Paraguay Asunción Loma Pytá,,,143075156-29,29/06/2025,,Asuncion,,,Fiorella Riveros,,,,,,,,,,,,,,,,,,,,,,,,,1.0,500,,,,,
https://www.remax.com.py/es-py/propiedades/casa/venta/villa-aurelia/7058-tte-juan-ramon-jimenez/143020124-1,Casa,,1150000000 GS,"🏡 Oportunidad en Villa Aurelia Asunción
📍 Tte. Juan Ramón Jiménez, entre Cap. Victoriano y Cap. Pedro Villamayor

Casa principal 384 m² de terreno | 188 m² construidos:
          4 habitaciones
          1 baño completo + 1 baño social
          1 holl de entrada
          1 sala comedor
          1 cocina comedor
          1 lavadero trasero
          Patio amplio
          Quincho techado con parrilla y baño
          Estacionamiento para 4 vehículos

Dpto. independiente:
          1 habitación
          1 baño
          1 sala
          1 cocina comedor

✅ Cocina amoblada
✅ Aires acondicionados
✅ Accesible para silla de ruedas
✅ Jardín ideal para niños y mascotas
✅ Excelente conectividad y transporte público

📞 ¡Contáctame para agendar tu visita¡

📍 Mapa: https://maps.app.goo.gl/atnqRBeMxkdGk2PH6",Casa - Venta - Paraguay Asunción Villa Aurelia,2.0,5.0,143020124-1,29/06/2025,,Asuncion,,,Thiago Bogado,,,,,,,,,,,,,,,,,,,,,,,,,1.0,572,,,,,188.0
https://www.remax.com.py/es-py/propiedades/departamento/venta/las-mercedes/143063199-20,Departamento,,50000 USD,"Edificio ELALBA Las Mercedes

Diseño moderno y calidad en una ubicación estratégica

Proyecto diseñado para quien busca amplios espacios en departamentos a solo 15 minutos del eje corporativo
Sobre la calle Valois Rivarola e/ Washington y Perú

Edificios de 6 pisos con 8 departamentos
Tipo A, B, C.
Tipología B de 50m2
Departamento de 1 dormitorios.
Inversión USD. 50.000
Un dormitorio con baño.
Cocina con mesada granito muebles de Achon
Sala comedor integrado
Amplio balcón con parrilla

Amenities:
Piscina con área de descanso
Terraza con mueblerio
Quincho climatizado con parrilla
Ascensor

https://maps.app.goo.gl/zWnbznUmuLxuZqj28?g_st=com.google.maps.preview.copy
Obs. Incluye:
Termocalefon
Aires Acondicionados
Placares
Anafe y extractor
ESTACIONAMIENTO Y BAULERAINCLUIDA HASTA EL ME DE JULIO

Plan de financiación con Banco GNB
Inicio de obra: septiembre 2025
Finalización en 18 meses

¡No te pierdas esta increíble oportunidad¡",Departamento - Venta - Paraguay Asunción Las Mercedes,1.0,1.0,143063199-20,29/06/2025,,Asuncion,,,Erika Dominguez,,,,,,,,,,,,,,,,,,,,,,,,,1.0,50,,,,,50.0
https://www.remax.com.py/es-py/propiedades/terreno/venta/loma-pyta/143075004-178,Terreno,,100000 USD,"VENDO TERRENO EN LOMA PYTA A 1 CUADRA DE AUTOPISTA ÑU GUASU

💡Esta propiedad se encuentra a 15 min del eje corporativo en un área industrial, ideal para construir instalaciones de producción, almacenamiento, o distribución de servicios.

📍Ubicado a
* 1 cuadra de la Autopista Ñu Guasu.
* 1 cuadra de la Av. Dr. Esteban Semidei

📐Dimensiones

* 10x50mts
Frente s/ calle Acahay

🌳Superficie total 500m2

💰Valor de inversión USD 100.000

🛣️ Ubicación: https://maps.app.goo.gl/TjmNfRcdsZWAM6TH6?g_st=com.google.maps.preview.copy",Terreno - Venta - Paraguay Asunción Loma Pytá,,,143075004-178,29/06/2025,,Asuncion,,,Verónica Ferreira,,,,,,,,,,,,,,,,,,,,,,,,,1.0,500,,,,,
https://www.remax.com.py/es-py/propiedades/terreno/venta/sajonia/2258-cala%C2%B4a-c-nuflo-chavez-cala%C2%B4a-c-nuflo-chavez/143026188-52,Terreno,,115000 USD,"VENDO CASA A DEMOLER O REFACCIONAR EN SAJONIA A PRECIO DE TERRENO
📍 Zonificación AR3B ¡Potencial urbano al máximo!

¿Buscás una inversión inteligente en Asunción? Esta propiedad es la oportunidad que estabas esperando.
Ubicada en el corazón de Sajonia, sobre la calle Calaa Nuflo Chávez, ofrece lo mejor de ambos mundos: una zona residencial tranquila y con excelente conectividad a puntos clave de la ciudad.

🔹 Datos clave:
📐 Terreno de 511 m² (18m x 28m)
🏠 Construcción de 747.55 m² con 3 dormitorios y 2 baños
🚘 Espacio para 4 vehículos
🌿 Jardín y terraza
🏢 ¡Ideal para edificar duplex, departamentos o emprendimientos mixtos!

🔹 Zonificación AR3B:
Area edificable: 2683mts2
Altura maxima 7 pisos
Permite construir en altura, con uso residencial, comercial o institucional. ¡Un diamante urbano con proyección garantizada!

Invertí en una propiedad con ubicación estratégica, espacio generoso y alto potencial de rentabilidad. Ya sea para un proyecto familiar, un desarrollo moderno o una inversión a futuro, Sajonia te abre las puertas.

📞 Consultanos hoy mismo y coordiná tu visita. ¡Tu próximo gran proyecto comienza acá!",Terreno - Venta - Paraguay Asunción Sajonia,2.0,3.0,143026188-52,29/06/2025,,Asuncion,,,Andrea Urbina,,,,,,,,,,,,,,,,,,,,,,,,,1.0,747.55,,,,,236.55
https://www.remax.com.py/es-py/propiedades/terreno/venta/salvador-del-mundo/143104001-43,Terreno,,720000000 GS,"📍 Terreno Exclusivo en Barrio Salvador del Mundo ¡Oportunidad de Inversión!

🚀 Ubicación estratégica, alto potencial de valorización y versatilidad para desarrollos residenciales

🔹 Zonificación AR2A → Perfecto para desarrollar dúplex, condominios o departamentos boutique de hasta 4 pisos.
🔹 Superficie total: 223,74 m²
📏 Dimensiones:
Frente y contrafrente: 11 metros
Laterales: 20,34 y 20,37 metros

🏠 Estado actual: Casa antigua a demoler → Terreno listo para un proyecto 100% nuevo.

🌆 Ubicación estratégica
📍 A solo 200 metros de la Avda. Madame Lynch y Avda. Aviadores del Chaco → Rápido acceso a toda la ciudad.
🌳 Cercano al Parque Ñu Guasu → Espacios verdes para recreación y deporte.
✈️ A pocos minutos del Aeropuerto Silvio Pettirossi → Ideal para viajeros frecuentes.
🛍 Próximo a Shopping del Sol y Shopping La Galería → Comercios, gastronomía y entretenimiento.
🏢 Cerca de hoteles y centros corporativos como Sheraton y WTC → Gran atractivo para ejecutivos y familias.

💰 Ventajas exclusivas
✔ Precio competitivo en relación con zonas premium como Ykua Satí y Carmelitas.
✔ Alto potencial de valorización → Barrio en crecimiento con múltiples desarrollos en curso.
✔ Entorno residencial seguro y en expansión → Perfecto para vivir o invertir.

📑 Condiciones de venta
🔹 Negociación inmediata con condiciones flexibles.
🔹 Excelente relación precio-calidad → Inversión con alta rentabilidad a mediano y largo plazo.

📞 No dejes pasar esta oportunidad. Contáctame hoy y agenda tu visita.

#TerrenoEnVenta #InversiónSegura #Asunción #DesarrolloResidencial #BarrioSalvadorDelMundo

https://maps.app.goo.gl/qU7F9xFvF6eVS4GN7",Terreno - Venta - Paraguay Asunción Salvador del Mundo,,,143104001-43,29/06/2025,,Asuncion,,,Marcelo Richer,,,,,,,,,,,,,,,,,,,,,,,,,1.0,224.25,,,,,
https://www.remax.com.py/es-py/propiedades/departamento/venta/ytay/143098038-31,Departamento,,528063000 GS,"Vendo Departamento🌆
Edificio Insignia Soho 1
Ytay, Asunción

Ubicación:
https://maps.app.goo.gl/XbB3RDmn8mHhqVMK8?g_st=com.google.maps.preview.copy

A 1 cuadra de Santa Teresa.
A 1 cuadra del Club Internacional de Tenis.

Precio: 70.000 USD

Info:
59 mt2
Piso 4
2 dormitorios (1 en suite) con placares
Baño social
Sala - comedor
Cocina amoblada
Área de lavado
Incluye una cochera
Balcón

Incluye muebles de cocina, aires acondicionados, placares y luces.
Quincho con parrilla en la terraza
Gimnasio equipado
Parque infantil
Ascensores

Departamento con Renta actual",Departamento - Venta - Paraguay Asunción Ytay,2.0,2.0,143098038-31,29/06/2025,,Asuncion,,,Grasieli Albrecht,,,,,,,,,,,,,,,,,,,,,,,,,1.0,59,,,,,
https://www.remax.com.py/es-py/propiedades/departamento/venta/recoleta/cuartel-de-la-rivera-entre-juan-s-bogarin-y-rodol-recoleta/143075142-11,Departamento,,58495 USD,"LA MEJOR UBICACIÓN y RENTABILIDAD en RECOLETA. ¡CONTACTA AHORA!

✨️🏢 Invertí en un 𝗘𝗱𝗶𝗳𝗶𝗰𝗶𝗼 𝗕𝗼𝘂𝘁𝗶𝗾𝘂𝗲 a 1000 metros del Shopping Mariscal DESDE 38.175 USD
📍A 500 metros de la Cuadrita, en una de las zonas de mayor crecimiento de Asunción.

NIX 𝗥𝗘𝗖𝗢𝗟𝗘𝗧𝗔 🍃
▪︎ 7 𝗻𝗶𝘃𝗲𝗹𝗲𝘀 𝗱𝗲 𝗗𝗲𝗽𝗮𝗿𝘁𝗮𝗺𝗲𝗻𝘁𝗼𝘀
▪︎ 24 𝗘𝘀𝘁𝗮𝗰𝗶𝗼𝗻𝗮𝗺𝗶𝗲𝗻𝘁𝗼𝘀
▪︎ 𝗥𝗼𝗼𝗳𝘁𝗼𝗽 con Amenities de Primer Nivel

Departamentos monoambientes y de 1 dormitorio con balcón, parrilla y terminaciones premium.

📐 Tipologías disponibles:
Estudio Basic (Monoambiente): 28 m² propios
Estudio Plus (Monoambiente): 32,20 m² propios
Estudio Premium (Monoambiente): 33,30 m² propios
Departamento de 1 Dormitorio: 45,40 m² propios

🪑 ¡Aprovechá las OFERTAS por unidades AMOBLADAS!
🎯 Promoción por tiempo limitado.

𝗔𝗠𝗘𝗡𝗜𝗧𝗜𝗘𝗦 ✅️

Piscina

Salón y Quincho Climatizado

Gym Premium

Coworking
✨ Balcón con parrilla en todas las unidades

📍 A 500 metros de La Cuadrita Paseo Peatonal de Restaurantes

Rentabilidad:
🔹 8 % Neto en Renta Tradicional
🔹 13 % Neto en Renta Temporal

📍 UBICACIÓN:
https://maps.app.goo.gl/9cKD5LvWnMB1MoWU6?g_st=ic

Construye: SIAR, con más de 12 años construyendo en el mercado.",Departamento - Venta - Paraguay Asunción Recoleta,1.0,1.0,143075142-11,29/06/2025,,Asuncion,,,Kevin Franco,,,,,,,,,,,,,,,,,,,,,,,,,1.0,45.40,,,,,
https://www.remax.com.py/es-py/propiedades/departamento/venta/sajonia/de-las-llanas-de-las-llanas-casi-carlos-a-lopez/143025142-16,Departamento,,150000 USD,"🏙 Elegante Departamento en Venta – Edificio Tribunales, Barrio Sajonia

Descubrí tu nuevo hogar en una de las zonas más tradicionales y estratégicas de Asunción. Este sofisticado departamento, ubicado en el exclusivo Edificio Tribunales del Barrio Sajonia, combina confort, diseño y funcionalidad.

📐 Superficie: 100 m²
🛏 2 habitaciones, incluyendo una suite principal amplia y cómoda, ideal para tu descanso diario.
🍽 Cocina moderna integrada al living-comedor, creando un ambiente luminoso y acogedor.
🚗 Cochera propia, un valor agregado en esta codiciada ubicación.

Una oportunidad ideal para quienes valoran la calidad de vida, el estilo contemporáneo y la proximidad a servicios, comercios y espacios verdes.

💰 Inversión: USD 150.000

🔑 ¡No dejes pasar esta oportunidad! Contactanos hoy mismo y agendá tu visita. ¡Tu nuevo hogar te está esperando!",Departamento - Venta - Paraguay Asunción Sajonia,2.0,2.0,143025142-16,29/06/2025,,Asuncion,,,Raúl Araujo,,,,,,,,,,,,,,,,,,,,,,,,,1.0,100,,,,,
https://www.remax.com.py/es-py/propiedades/departamento/venta/las-lomas-carmelitas/cirilo-caceres-cirilo-caceres/143063031-267,Departamento,,100000 USD,"📍 ¡Inversión estratégica en zona premium!
💼 Ideal para renta temporal

🔝 Ubicación inmejorable: a solo 50 metros del Shopping del Sol, uno de los puntos más buscados por turistas y ejecutivos.

🏢 Edificio Houze Piso 2, Unidad 208
🛋️ Monoambiente en venta
📐 36 m² propios

Distribución:
          Baño completo
          Balcón
          Cocina equipada con horno, anafe y extractor
          Espacio para habitación con placard

✨ Amenities premium:
Coworking, business center, piscina, gimnasio, sala de masajes, sauna, lavandería, doble quincho con parrilla y salón gourmet para eventos.

💰 Precio: USD 100.000
ubicacion:https://maps.app.goo.gl/s4h3e2KbKEesmHVJ8
🔑 Oportunidad ideal para inversores que buscan rentabilidad rápida y segura en la mejor zona de Asunción.",Departamento - Venta - Paraguay Asunción Las Lomas (Carmelitas),1.0,1.0,143063031-267,29/06/2025,,Asuncion,,,Antonella Narvaja,,,,,,,,,,,,,,,,,,,,,,,,,1.0,36,,,,,
https://www.remax.com.py/es-py/propiedades/edificio/venta/sajonia/143075156-27,Edificio,,400000 USD,"📍VENDO EDIFICIO EN SAJONIA S/ Carlos A Lopez - Con Renta Activa


🔸 Sobre Avda. C.A. López
🏢 Edificio de 3 pisos (contiene 1 dpto por c/ piso )
          🛍️ 3 Locales comerciales

-Tipología de cada Departamento :
* 2 habitaciones
* 1 baño social
* 1 sala comedor
* 1 cocina
* Área de servicio con 1 pieza y baño

     Casa
4 habitaciones
Una en suite
Área de servicio completa
Sala
Comedor
Área de estar
Cocina
Quincho con parrilla
Piscina
Patio amplio

📐 Superficie: 634 m2. Frente de 21 metros x 30 metros de fondo.

💸 Precio: 400.000 USD.

📍Ubicación: https://maps.app.goo.gl/9LX6aGMV5zZ4Kkqq8?g_st=iw

📲 Contáctame para más detalles o para coordinar una visita.",Edificio - Venta - Paraguay Asunción Sajonia,3.0,6.0,143075156-27,29/06/2025,,Asuncion,,,Fiorella Riveros,,,,,,,,,,,,,,,,,,,,,,,,,1.0,634,,,,,633.0
https://www.remax.com.py/es-py/propiedades/edificio/venta/sajonia/143075156-26,Edificio,,250000 USD,"📍 EDIFICIO EN SAJONIA S/ Dr. Paiva - Con Renta Activa

🔸 Sobre Dr. Paiva
          📐 Superficie: 462 m2. Frente de 11 metros x 35 metros de fondo
          🏢 Edificio de 3 pisos ( contiene 1 dpto por c/ piso )
          🛍️ Locales comerciales integrados

-Tipología de cada Departamento :
* 1 habitación en suite
* 2 habitaciones
* 2 baños sociales
* 1 sala comedor amplia
* 1 cocina amoblada
* Área de servicio con 1 pieza y baño

Obs. Cuenta con una terraza amplia con quincho techado

🚪 Accesos:
          Entrada principal sobre Avda. C.A. López
          Salida trasera sobre calle Dr. Paiva

✅ Ideal para inversión comercial y desarrollo mixto (residencial + comercial )

Ubicación: https://maps.app.goo.gl/9LX6aGMV5zZ4Kkqq8?g_st=iw

💵 Precio: 250.000 USD

📲 Contáctame para más detalles o para coordinar una visita.",Edificio - Venta - Paraguay Asunción Sajonia,2.0,3.0,143075156-26,29/06/2025,,Asuncion,,,Fiorella Riveros,,,,,,,,,,,,,,,,,,,,,,,,,1.0,462,,,,,
https://www.remax.com.py/es-py/propiedades/local-comercial/venta/mariscal-estigarribia/av-espana-2062-av-espana-2062/143098011-266,Local Comercial,,2200000 USD,"TENEMOS LA MEJOR UBICACION PARA TU NEGOCIO!!!!

LOCAL COMERCIAL SOBRE LA MEJOR ZONA DE AVENIDA ESPAÑA CON AMPLIO FRENTE SOBRE LA CALLE.

Amplio y luminoso complejo de salones comerciales de 1268 mts.2. con cinco locales comerciales con vidriera de pared a pared y del piso al techo de blindex.
Planta libre con kichinette y baños individuales.
Poseen AA.
Todos cuentan con puerta posterior al estacionamiento.
Cuenta con instalaciones de PCI - Detección
Frente al local se encuentran doce cocheras y en la parte posterior catorce lugares de estacionamiento compartido mas.
Al ser planta libre de gran altura da la opción a utilizarlo de esta manera o sectorizarlo.
Se encuentra sobre la Av. España teniendo una gran afluencia de tráfico",Local Comercial - Venta - Paraguay Asunción Mariscal Estigarribia,,,143098011-266,29/06/2025,,Asuncion,,,Nora Caballero,,,,,,,,,,,,,,,,,,,,,,,,,1.0,"1,268",,,,,1.27
https://www.remax.com.py/es-py/propiedades/terreno/venta/santisima-trinidad/143063199-19,Terreno,,350000 USD,"¡Oportunidad excepcional en Santísima Trinidad, Asunción!
Superficie de 2500 m²
50 x 50 metros
Ubicado sobre Teniente Bernal, a solo 300 metros de la Av. Artigas.
https://maps.google.com/?q=-25.256857,-57.589943

Gran potencial para quienes buscan invertir en Centro Logísticos, Iglesia o desarrollos potenciales.
Comodidades, IPS Geriátrico, colegios, centros comerciales, supermercado el Pueblito sobre Artigas, y el jardín Botánico, además de un fácil acceso a la Costanera de Asunción y principales arterias de la ciudad.

Santísima Trinidad es conocida por ser una zona en constante crecimiento, lo que asegura una excelente valorización de la inversión a largo plazo.

Inversión USD.350.000

¡Contáctanos hoy mismo para más información",Terreno - Venta - Paraguay Asunción Santísima Trinidad,,,143063199-19,29/06/2025,,Asuncion,,,Erika Dominguez,,,,,,,,,,,,,,,,,,,,,,,,,1.0,"2,500",,,,,
https://www.remax.com.py/es-py/propiedades/departamento/venta/barrio-jara/143098027-67,Departamento,,145000 USD,"Características:
65m2 propios
87,35m2 totales

2 habitaciones (una en suite)
1 con baño familiar
Sala / cocina
2 cocheras

Amenities:
Amplia terraza con parrilla, con vista al eje corporativo
Quincho

Precio de venta: 145.000 USD

Ubicación: https://maps.app.goo.gl/AEsB24LGtij63rbc7
A 2 cuadras de la universidad Americana,
4 cuadras del colegio Huerto,
A pocas cuadras de la AV. España y del Sanatorio Italiano",Departamento - Venta - Paraguay Asunción Barrio Jara,2.0,3.0,143098027-67,29/06/2025,,Asuncion,,,Matías Vera,,,,,,,,,,,,,,,,,,,,,,,,,1.0,65,,,,,107.0
https://www.remax.com.py/es-py/propiedades/edificio/venta/sajonia/143075004-177,Edificio,,250000 USD,"📍 EDIFICIO EN SAJONIA S/ Dr. Paiva - Con Renta Activa

🔸 Sobre Dr. Paiva
          📐 Superficie: 462 m2. Frente de 11 metros x 35 metros de fondo
          🏢 Edificio de 3 pisos ( contiene 1 dpto por c/ piso )
          🛍️ Locales comerciales integrados

-Tipología de cada Departamento :
* 1 habitación en suite
* 2 habitaciones
* 2 baños sociales
* 1 sala comedor amplia
* 1 cocina amoblada
* Área de servicio con 1 pieza y baño

Obs. Cuenta con una terraza amplia con quincho techado

🚪 Accesos:
          Entrada principal sobre Avda. C.A. López
          Salida trasera sobre calle Dr. Paiva

✅ Ideal para inversión comercial y desarrollo mixto (residencial + comercial )

Ubicación: https://maps.app.goo.gl/9LX6aGMV5zZ4Kkqq8?g_st=iw

💵 Precio: 250.000 USD

📲 Consultanos para más detalles o para coordinar una visita.",Edificio - Venta - Paraguay Asunción Sajonia,12.0,12.0,143075004-177,29/06/2025,,Asuncion,,,Verónica Ferreira,,,,,,,,,,,,,,,,,,,,,,,,,1.0,462,,,,,
https://www.remax.com.py/es-py/propiedades/terreno/venta/trinidad/143063104-161,Terreno,,200000 USD,"¡Nueva en el mercado!
Descubre este increíble terreno disponible para la venta en el corazón de Trinidad, Asunción.
Ubicado estratégicamente en la calle asfaltada Cap. Lombardo esquina Prof. Silvia Enciso, a menos de 300 metros de la Av. Sacramento
Esta propiedad sin construcción ofrece múltiples oportunidades para desarrollos residenciales o corporativos, gracias a su designación por el
Plan Regulador Municipal : FM1A - 4 pisos - ocupación 70% - área edificable: 954 m2

Con una superficie total de 318 metros cuadrados, este terreno se beneficia de una perfecta conectividad con diferentes zonas de Asunción
Ya sea que estés buscando desarrollar un espacio de oficina moderno o una nueva residencia, la vida en la ciudad y el clima cálido de Asunción garantizan un entorno excepcional.

La ubicación de esta propiedad no solo proporciona una oportunidad para generar un negocio próspero, sino que también permite disfrutar de todas las amenidades de vida urbana que Asunción tiene para ofrecer.
No pierdas la oportunidad de invertir en un área de revitalización constante y asegura un retorno significativo gracias a la estratégica y privilegiada ubicación de este terreno.

¡Contáctanos hoy mismo para más información y permite que tu visión de desarrollo tome forma en este destacado terreno disponible!",Terreno - Venta - Paraguay Asunción Trinidad,,,143063104-161,29/06/2025,,Asuncion,,,Josefina Fernandez,,,,,,,,,,,,,,,,,,,,,,,,,1.0,318,,,,,
https://www.remax.com.py/es-py/propiedades/departamento/venta/botanico/143056046-54,Departamento,,79500 USD,"¡Excelente oportunidad de inversión en el corazón de Asunción! Presentamos este encantador departamento ubicado en el prestigioso barrio Botánico, específicamente en Algodonal y Acahay. Con una superficie total de 65 m², este departamento de 2 dormitorios y 1 baño es la opción ideal para quienes buscan una vivienda cómoda y moderna en una de las zonas más cotizadas de la ciudad.

Este inmueble, parte del reconocido RE/MAX Residencial, se encuentra en buena condición y destaca por sus aspectos únicos como un amplio balcón, una refrescante piscina y una terraza perfecta para disfrutar de los atardeceres asuncenos. Además, cuenta con un quincho ideal para tus reuniones familiares y de amigos, todo ello en un entorno urbano que permite la convivencia con mascotas.

Situado en el sexto piso de un edificio moderno, el departamento ofrece un espacio de estacionamiento exterior, garantizando la seguridad de tu vehículo. Su localización estratégica en el centro de Asunción facilita el acceso a transporte público, permitiendo que te muevas con facilidad por la ciudad.

Con un total de 3 ambientes, este departamento es la combinación perfecta de comodidad y funcionalidad, ideal para quienes desean experimentar la vibrante vida urbana. Aprovecha esta oportunidad única para invertir en un hogar que ofrece comodidad y estilo en el corazón de Paraguay. ¡Contáctanos hoy mismo para más información y agenda tu visita!",Departamento - Venta - Paraguay Asunción Botánico,1.0,2.0,143056046-54,29/06/2025,,Asuncion,,,Rodrigo Duré,,,,,,,,,,,,,,,,,,,,,,,,,1.0,65,,,,,
https://www.remax.com.py/143075004-176,Edificio,,650000 USD,"📍VENDO EDIFICIO EN SAJONIA S/ Carlos A Lopez - Con Renta Activa

🔹 Superficie total dividida en 2 sectores: 1096 m2

🔸 Sobre Avda. C.A. López
🏢 Edificio de 3 pisos (contiene 1 dpto por c/ piso )
          🛍️ 3 Locales comerciales

Edificio de 3 pisos, con 3 departamentos, uno en cada planta:

-Tipología de cada Departamento :
* 2 habitaciones
* 1 baño social
* 1 sala comedor
* 1 cocina
* Área de servicio con 1 pieza y baño

     Casa
4 habitaciones
Una en suite
Área de servicio completa
Sala
Comedor
Área de estar
Cocina
Quincho con parrilla
Piscina
Patio amplio

📐 Superficie: 634 m2. Frente de 21 metros x 30 metros de fondo
     

🔸 Sobre Dr. Paiva
          📐 Superficie: 462 m2. Frente de 11 metros x 35 metros de fondo
          🏢 Edificio de 3 pisos ( contiene 1 dpto por c/ piso )
          🛍️ 2 Locales comerciales integrados

-Tipología de cada Departamento :
* 1 habitación en suite
* 2 habitaciones
* 2 baños sociales
* 1 sala comedor amplia
* 1 cocina amoblada
* Área de servicio con 1 pieza y baño

Obs. Cuenta con una terraza amplia con quincho techado

🚪 Accesos:
          Entrada principal sobre Avda. C.A. López
          Salida trasera sobre calle Dr. Paiva

✅ Ideal para inversión comercial y desarrollo mixto (residencial + comercial )

Ubicación: https://maps.app.goo.gl/9LX6aGMV5zZ4Kkqq8?g_st=iw

💵 Precio: 650.000 USD

📲 Consultanos para más detalles o para coordinar una visita.",Edificio - Venta - Paraguay Asunción Sajonia,,,143075004-176,29/06/2025,,Asuncion,,,Verónica Ferreira,,,,,,,,,,,,,,,,,,,,,,,,,1.0,"1,096",,,,,
https://www.remax.com.py/es-py/propiedades/local-comercial/venta/san-pablo/defensores-del-chaco-defensores-del-chaco-defensores-del-chaco/143092063-17,Local Comercial,,270000 USD,"¡Oportunidad Única para Desarrolladores e Inversores! Propiedad Estratégica en Avenida de Alto Tráfico
Se presenta una oportunidad inigualable para desarrolladores e inversores visionarios: una propiedad con gran potencial comercial y de desarrollo vertical, ubicada estratégicamente sobre una de las avenidas más concurridas de la ciudad, en el límite con varias localidades importantes.
La ubicación es clave: a pocos metros de un viaducto principal, garantizando una conexión fluida y constante. Además, se encuentra en las proximidades de centros comerciales renombrados, lo que asegura un flujo continuo de público y un entorno comercial consolidado.
Esta propiedad es ideal para proyectos de desarrollo inmobiliario, con la posibilidad de construir hasta 5 pisos adicionales, lo que multiplica exponencialmente su valor y retorno de inversión.
Características destacadas de la propiedad:
* Dos salones comerciales con baño en planta baja: Con acceso directo a la avenida, perfectos para cualquier tipo de negocio y generando ingresos inmediatos.
* Departamento con entrada independiente: Ofrece flexibilidad para alquiler residencial o para integrar en un proyecto de uso mixto.
* Vivienda en la parte trasera: Con garaje para 2 vehículos, brindando una opción residencial o de oficina privada.
* Circuito cerrado de seguridad: Proporcionando tranquilidad y seguridad a la inversión.
No pierda la oportunidad de adquirir un activo con ubicación privilegiada y potencial ilimitado para un desarrollo exitoso. Esta es la inversión que su portafolio estaba esperando.

INVERSIÓN USD 270.000

UBICACIÓN https://maps.app.goo.gl/nThU3gquVKC8NVJT7?g_st=awb

¡Contáctenos hoy mismo para agendar una visita y descubrir el verdadero potencial de esta propiedad!",Local Comercial - Venta - Paraguay Asunción San Pablo,,,143092063-17,29/06/2025,,Asuncion,,,Nahir Cortessi,,,,,,,,,,,,,,,,,,,,,,,,,1.0,780,,,,,300.0
https://www.remax.com.py/es-py/propiedades/departamento/venta/mariscal-estigarribia/ceferino-vega-c-guido-boggiani-barrio-mariscal-e-villa-morra/143036034-135,Departamento,,175000 USD,"Lujoso y amplio departamento amoblado listo para habitar en el edificio MIAMI TOWER ubicado en zona de Villa Morra, a metros de las avenidas Mariscal López y Boggiani, a minutos del eje corporativo de Asunción, ubicación estratégica con todos los servicios en puerta. Este departamento te ofrece comodidad y redefinira tu estilo de vida!

Piso 5 | Área Propia: 92,52 m2. | Área Común 36,31 m2. | Área Total: 130,83 m2.

Características:
2 Habitaciones (1 en Suite con amplio vestidor de piso a techo)
Amplio baño familiar.
Cocina con desayunador totalmente equipado.
Sala de estar y comedor.
Área de lavado.

Destaques:
Muebles de cocina Florence.
Aire acondicionado central VR.
Departamento domotizado con manejo a distancia.
Departamento con vidriado DVH.
Estructura postensada sin columnas interiores.

Amenities en dos niveles:
Spa con piscina interior y exterior semiolimpica de 25 m. Piscina HM temperada.
Área de Sauna.
Gimnasio.
Solarium.
Cancha de squash y tenis de mesa.
Terraza social con pergolado y parrilla.
Consta de Helipuerto.
Seguridad 24 hs.

Precio: USD. 175.000.-",Departamento - Venta - Paraguay Asunción Mariscal Estigarribia,2.0,2.0,143036034-135,29/06/2025,,Asuncion,,,Sergio Forestieri,,,,,,,,,,,,,,,,,,,,,,,,,1.0,130,,,,,
https://www.remax.com.py/es-py/propiedades/edificio/venta/sajonia/143075004-173,Edificio,,400000 USD,"📍VENDO EDIFICIO EN SAJONIA S/ Carlos A Lopez - Con Renta Activa


🔸 Sobre Avda. C.A. López
🏢 Edificio de 3 pisos (contiene 1 dpto por c/ piso )
          🛍️ 3 Locales comerciales

-Tipología de cada Departamento :
* 2 habitaciones
* 1 baño social
* 1 sala comedor
* 1 cocina
* Área de servicio con 1 pieza y baño

     Casa
4 habitaciones
Una en suite
Área de servicio completa
Sala
Comedor
Área de estar
Cocina
Quincho con parrilla
Piscina
Patio amplio

📐 Superficie: 634 m2. Frente de 21 metros x 30 metros de fondo.

💸 Precio: 400.000 USD.

📍Ubicación: https://maps.app.goo.gl/9LX6aGMV5zZ4Kkqq8?g_st=iw

📲Consultanos para más detalles o para coordinar una visita.",Edificio - Venta - Paraguay Asunción Sajonia,8.0,14.0,143075004-173,29/06/2025,,Asuncion,,,Verónica Ferreira,,,,,,,,,,,,,,,,,,,,,,,,,1.0,634,,,,,
https://www.remax.com.py/es-py/propiedades/terreno/venta/mburucuya/143028010-153,Terreno,,185000 USD,"EN VENTA Terreno en Barrio Mburucuyá !!
🚨 ¡Oportunidad en una de las zonas más cotizadas de Asunción! 🚨
💰 Precio: USD 185.000

📍 Ubicación inmejorable:
📌 Dr. José Gómez Brizuela casi Julio Correa
📌 A solo 1 cuadra de Av. Primer Presidente
📌 A pasos del Centro Paraguayo Japonés
📌 Cerca de:
▪️ Shopping del Sol
▪️ Paseo La Galería
▪️ Supermercados, colegios y clínicas
▪️ Acceso inmediato a avenidas principales

🏡 Zona residencial premium: tranquila, segura y con gran proyección de valorización

📐 Dimensiones: 12 x 30 m (360 m²)
📄 Documentación al día Apto para crédito bancario
🔁 Listo para transferir

🔨 Ideal para:
▪️ Construcción de vivienda familiar
▪️ Proyecto inmobiliario
▪️ Inversión de alta rentabilidad

🌟 ¡Terrenos con esta ubicación no aparecen todos los días!",Terreno - Venta - Paraguay Asunción Mburucuyá,,,143028010-153,29/06/2025,,Asuncion,,,Carla Morinigo,,,,,,,,,,,,,,,,,,,,,,,,,1.0,360,,,,,
https://www.remax.com.py/es-py/propiedades/bloque-de-departamentos/venta/herrera/143080002-346,Bloque de departamentos,,65000 USD,"VENDO DEPARTAMENTOS EN POZO-EDIFICIO BERTONI-BARRIO HERRERA. ENTREGA DICIEMBRE 2.025

En venta unidades en pozo en EDIFICIO BERTONI, con la mejor ubicación en Asunción, BARRIO HERRERA, Moisés Bertoni entre Sgto. Silva y Victoriano Abente

Se entrega en diciembre 2025, 30 departamentos y 37 cocheras. Estarán equipados con muebles de cocina, placares de la Marca Achon y electrodomésticos de la marca Whirlpool
     A 500mts de la Municipalidad de Asunción
 A 200mts de Mcal Lopez
     A 100mts del Centro Familiar de Adoración Central
     A 10 minutos de Mcal López Shopping
     A 12 minutos del Shopping del Sol
     
PRECIOS POR LANZAMIENTO y PLANES DE PAGO
     Descuentos por pago al contado
     Entrega de seña 20%
     Plan de financiamiento propio hasta la entrega de la unidad
     Se escucha propuestas de pago
     Unidades de 1 dormitorio desde USD 65.000
     Unidades de 2 dormitorios, una en suite desde USD 129.000
     Unidades de 3 dormitorios, una en suite desde USD 207.000
     Del 1ro al 3er piso 6 departamentos de 1 y 2 dormitorios
     4to piso 6 departamentos de 1, 2 y 3 dormitorios
     Del 5to al 6to 3 departamentos de 2 y 3 dormitorios
Precio por cochera USD.17.000
EQUIPAMIENTOS Y DETALLES DE TERMINACION
     Muebles de cocina y placares de Achon
 Horno eléctrico
     Aire acondicionado central
     termo calefones
     Extractor de aire de cocina (conducción externa)
     Trituradora de basura
     Lavarropas
     Secarropas
     Lavavajillas
     Heladera
     Anafe
     Ascensores de 2x1,40x2.50, preparados para camillas en caso de emergencia y mudanzas para muebles de gran
tamaño
     Sistema de Seguridad con acceso autorizado solo por propietarios
     Ventanales de vidrio doble y cámara de aire hermética
     A.A. Central con domótica ( ahorro del 30% de consumo)
     Cámaras de seguridad a través de Apps
     Terminación de paredes con revoque de Yeso
     Buzón de correspondencia individuales de bronce

AMENITIES
     Piscina con dock
     Gimnasio
     Salón climatizado para eventos
     Terraza con quinchos",Bloque de departamentos - Venta - Paraguay Asunción Herrera,,,143080002-346,29/06/2025,,Asuncion,,,Bertha Mora,,,,,,,,,,,,,,,,,,,,,,,,,1.0,,,,,,
https://www.remax.com.py/es-py/propiedades/casa/venta/san-roque/143063130-81,Casa,,120000 USD,"Vendo hermosa casa en el centro de Asuncion, sobre la calle Mariscal Estigarribia entre Estados Unidos y Tacuari, cercano a instituciones estatales, colegios, hospitales, supermercados y todo tipo de Centros Comerciales
La casa se distribuye de la siguiente manera
Entrada Principal
Sala comedor social
Sala Estar
Comedor diario
2 habitaciones
2 baños
Cocina
Lavadero
Patio externo

Planta Alta
1 habitación independiente con baño
Ubicacion https://maps.app.goo.gl/6PEBLzxSf6NwNwN19?g_st=com.google.maps.preview.copy",Casa - Venta - Paraguay Asunción San Roque,3.0,3.0,143063130-81,29/06/2025,,Asuncion,,,Monserrat Miers,,,,,,,,,,,,,,,,,,,,,,,,,1.0,382,,,,,200.0
https://www.remax.com.py/es-py/propiedades/departamento/venta/villa-morra/fibonacci-mariscal-quesada-esquina-torreani-viera/143025134-65,Departamento,,63889 USD,"✨ FIBONACCI MARISCAL. ✨

La combinación perfecta entre espacio, buen gusto y el placer de vivir en un lugar perfecto, con terminaciones y equipamiento High- End.
Entrega Junio 2026

Ubicación privilegiada, en medio de los barrios villa morra y recoleta... a 180 mts del Shopping Mariscal y villa morra.


✨ Tipología 1 Dormitorio USD 63,889 de 32,59m2

- 1dormitorios con placares
- 1 baños con todos los muebles
- Sala Comedor
- Cocina Integrada
- Conexión para lavasecarropas
- Aire acondicionado en todos los ambientes
- Muebles de cocina la Bella Cucina
- Anafe, extractor, purificador
- Cerraduras Inteligentes.

✨ Amenities:
- Piscina con solarium.
- Hoyo 3, mini cancha de golf
- Quincho
- Gym.
- Generador eléctrico.
- Golden Lounge.
- Laundry.
- Housekeeping Warehouse
- Pet shower.

Contactame para mas información...",Departamento - Venta - Paraguay Asunción Villa Morra,1.0,1.0,143025134-65,29/06/2025,,Asuncion,,,Celia Meza,,,,,,,,,,,,,,,,,,,,,,,,,1.0,"3,259",,,,,
https://www.remax.com.py/es-py/propiedades/departamento/venta/las-lomas-carmelitas/san-juan-xxiii-san-juan-xxiii/143038046-150,Departamento,,85000 USD,"Este HIT se encuentra en el nuevo centro de Asunción. Salí a caminar para disfrutar de los dos shoppings más grandes del país, rodeados por las cadenas de hoteles más importantes del mundo, bancos internacionales,imponentes edificios corporativos y una amplia variedad de opciones gastronómicas y de entretenimiento. Todo a un paso, como un gran escenario donde vos sos la estrella principal.
DEPARTAMENTO DE 1 DORMITORIO DE 35.17 m2
Cuenta con
* Sala-cocina-comedor integrados
* Baño
* 1 dormitorio
* Balcon
AMENITIES
* Café & Restó
* Piscina con solarium Coworking & Quincho Flex
* Gym Terrazas Privadas
* VIP lounge
* Laundry
* Housekeeping Warehouse
* Estacionamiento para autos eléctricos
* Generador Propio
* Monitoreo 24 horas
* Pet Wash
* APP Hit
* Cerradura Electrónica",Departamento - Venta - Paraguay Asunción Las Lomas (Carmelitas),1.0,1.0,143038046-150,29/06/2025,,Asuncion,,,Carmen Galindo,,,,,,,,,,,,,,,,,,,,,,,,,1.0,35.17,,,,,
https://www.remax.com.py/es-py/propiedades/departamento/venta/las-lomas-carmelitas/san-juan-xxiii-san-juan-xxiii/143038046-149,Departamento,,81000 USD,"Este HIT se encuentra en el nuevo centro de Asunción. Salí a caminar para disfrutar de los dos shoppings más grandes del país, rodeados por las cadenas de hoteles más importantes del mundo, bancos internacionales,imponentes edificios corporativos y una amplia variedad de opciones gastronómicas y de entretenimiento. Todo a un paso, como un gran escenario donde vos sos la estrella principal.
DEPARTAMENTO DE 1 DORMITORIO DE 32.5 m2
Cuenta con
* Sala-cocina-comedor integrados
* Baño
* 1 dormitorio
* Balcon
AMENITIES
* Café & Restó
* Piscina con solarium Coworking & Quincho Flex
* Gym Terrazas Privadas
* VIP lounge
* Laundry
* Housekeeping Warehouse
* Estacionamiento para autos eléctricos
* Generador Propio
* Monitoreo 24 horas
* Pet Wash
* APP Hit
* Cerradura Electrónica",Departamento - Venta - Paraguay Asunción Las Lomas (Carmelitas),1.0,1.0,143038046-149,29/06/2025,,Asuncion,,,Carmen Galindo,,,,,,,,,,,,,,,,,,,,,,,,,1.0,32.50,,,,,
https://www.remax.com.py/es-py/propiedades/edificio/venta/sajonia/143075004-172,Edificio,,650000 USD,"📍VENDO EDIFICIO EN SAJONIA S/ Carlos A Lopez - Con Renta Activa

🔹 Superficie total dividida en 2 sectores: 1096 m2

🔸 Sobre Avda. C.A. López
🏢 Edificio de 3 pisos (contiene 1 dpto por c/ piso )
          🛍️ 3 Locales comerciales

Edificio de 3 pisos, con 3 departamentos, uno en cada planta:

-Tipología de cada Departamento :
* 2 habitaciones
* 1 baño social
* 1 sala comedor
* 1 cocina
* Área de servicio con 1 pieza y baño

     Casa
4 habitaciones
Una en suite
Área de servicio completa
Sala
Comedor
Área de estar
Cocina
Quincho con parrilla
Piscina
Patio amplio

📐 Superficie: 634 m2. Frente de 21 metros x 30 metros de fondo
     

🔸 Sobre Dr. Paiva
          📐 Superficie: 462 m2. Frente de 11 metros x 35 metros de fondo
          🏢 Edificio de 3 pisos ( contiene 1 dpto por c/ piso )
          🛍️ 2 Locales comerciales integrados

-Tipología de cada Departamento :
* 1 habitación en suite
* 2 habitaciones
* 2 baños sociales
* 1 sala comedor amplia
* 1 cocina amoblada
* Área de servicio con 1 pieza y baño

Obs. Cuenta con una terraza amplia con quincho techado

🚪 Accesos:
          Entrada principal sobre Avda. C.A. López
          Salida trasera sobre calle Dr. Paiva

✅ Ideal para inversión comercial y desarrollo mixto (residencial + comercial )

Ubicación: https://maps.app.goo.gl/9LX6aGMV5zZ4Kkqq8?g_st=iw

💵 Precio: 650.000 USD

📲 Consultanos para más detalles o para coordinar una visita.",Edificio - Venta - Paraguay Asunción Sajonia,,,143075004-172,29/06/2025,,Asuncion,,,Verónica Ferreira,,,,,,,,,,,,,,,,,,,,,,,,,1.0,"1,096",,,,,
https://www.remax.com.py/es-py/propiedades/casa/venta/la-encarnacion/1028-14-de-mayo-casi-manduvira-14-de-mayo-casi-manduvira/143014167-76,Casa,,550000000 GS,"📣𝗖𝗛𝗔𝗟𝗘𝗧 𝗔 𝗥𝗘𝗙𝗔𝗖𝗖𝗜𝗢𝗡𝗔𝗥 𝗣𝗔𝗥𝗔 𝗩𝗜𝗩𝗜𝗘𝗡𝗗𝗔 𝗨 𝗢𝗙𝗜𝗖𝗜𝗡𝗔 𝗘𝗡 𝗘𝗟 𝗖𝗘𝗡𝗧𝗥𝗢 𝗗𝗘 𝗔𝗦𝗨𝗡𝗖𝗜𝗢́𝗡 - 𝗕𝗔𝗥𝗥𝗜𝗢 𝗟𝗔 𝗘𝗡𝗖𝗔𝗥𝗡𝗔𝗖𝗜𝗢́𝗡📣

Ubicado en la zona céntrica de Asunción, a tan sólo 5 min. de Sajonia, a media cuadra de la reconocida Plaza Italia y a 2 cuadras de la Av. Ygatimi que conecta a la Av. Colón, zona del Ministerio Público, Fiscalía General del Estado, Colegio Cristo Rey, entre otros.

La casa de una planta cuenta con las siguientes características
🛋Amplio estar
🫕Cocina
🛏Una habitación en suite
🛏 Segunda habitación u oficina
🌳Pequeño patio con parralera de uvas
🚽Baño social al fondo de la propiedad

📐𝗗𝗶𝗺𝗲𝗻𝘀𝗶𝗼𝗻𝗲𝘀: 6,5m x 22m
🏡𝗦𝘂𝗽𝗲𝗿𝗳𝗶𝗰𝗶𝗲 𝗰𝗼𝗻𝘀𝘁𝗿𝘂𝗶𝗱𝗮: 94,5m²

📃Titulo al día, apta para crédito bancario.
📍𝗨𝗯𝗶𝗰𝗮𝗰𝗶𝗼́𝗻: https://maps.app.goo.gl/yPZkBarvLbhrZZX7A
💰𝗠𝗼𝗻𝘁𝗼 𝗱𝗲 𝗹𝗮 𝗶𝗻𝘃𝗲𝗿𝘀𝗶𝗼́𝗻: Gs. 550.000.000",Casa - Venta - Paraguay Asunción La Encarnación,2.0,2.0,143014167-76,29/06/2025,,Asuncion,,,Jazmín Giacomuzzi,,,,,,,,,,,,,,,,,,,,,,,,,1.0,237.50,,,,,94.5
https://www.remax.com.py/es-py/propiedades/departamento/venta/ycua-sati/alfredo-villamayor-ykua-sati/143025155-204,Departamento,,125685 USD,"☀️VENDO DEPARTAMENTO EDIFICIO ECO 🏙️1
🍀🌳🪴Naturaleza plena en el barrio Ykua Sati a 150 mts. Del Paseo La Galería.
📍EJE CORPORATIVO🏙️
✨ Exclusividad, confort y diseño en cada detalle ✨
Tu nuevo estilo de vida comienza aquí‼️
Torre boutique piso 1
Medidas dpto 66.42

🛋️Living,🍽️ comedor, 👩‍🍳cocina integrados.
🛏️1 habitacion
🚽Baño.
1 Estacionamiento.
🪴🌱Amplio balcón.
🚗 Estacionamiento techado.
*Las unidades se entregan con:*
Aires acondicionados, heladera Samsung, Horno empotrado Samsung, microondas empotrado Samsung, anafe Samsug, estractor Livetech, lavasecarropa Samsung, mesada de granito, muebles de cocina Achon y dormitorio empotrados.
*Amenities:*
🪞Lobby
👨🏻‍✈️Porteria 24hs.
🚽Baño de servicio
☘️🌳🌴Espacios verdes.
🏊‍♂️Piscina.
Solarium.
➡️Salòn de uso mùltiple con cocina integrada y 🔥parrilla.
🛗Ascensor.
⚡ Generador.
*mejor precio por m2 de la zona!*
💰146.685. USD. viví la diferencia de un espacio pensado para vos.
✅ Entrega JULIO 2025.
➡️ No te quedes sin tu unidad!

📲 Consultanos por disponibilidad.",Departamento - Venta - Paraguay Asunción Ycuá Satí,1.0,1.0,143025155-204,29/06/2025,,Asuncion,,,Shylene Ayala,,,,,,,,,,,,,,,,,,,,,,,,,1.0,66.42,,,,,
https://www.remax.com.py/es-py/propiedades/departamento/venta/ycua-sati/alfredo-villamayor-ykua-sati/143025155-203,Departamento,,184210 USD,"🏙️VENDO DEPARTAMENTOS EN EL EDIFICIO ECO 1
🍀🌳🪴Naturaleza plena en pleno barrio Ykua Sati a 150 mts. Del Paseo La Galería.

✨ Exclusividad, confort y diseño en cada detalle ✨
Tu nuevo estilo de vida comienza aquí‼️
En una torre boutique de solo 8 unidades, este edificio de PB + 4 pisos + azotea combina lujo, comodidad y elegancia, pensado para quienes valoran el espacio, la privacidad y el buen vivir al *mejor precio por m2 de la zona!*

🛋️ Departamentos amplios y funcionales de 1 y 2 dormitorios, con terminaciones de primer nivel, amplio balcón y equipamiento completo de marcas premium: Samsung, Livetech,Achón y más🔝🔝

🏊‍♂️ Piscina | ☀️ Solarium | 🔥 Quincho climatizado | 🛗 Ascensor
🔒 Control de acceso | ⚡ Generador | 🚗 Estacionamiento cerrado
👨🏻‍✈️Portería 24hs.

💰: USD 184,210 viví la diferencia de un espacio pensado para vos.
✅ Entrega JULIO 2025.
➡️ No te quedes sin tu unidad!

📲 Consultanos por disponibilidad.",Departamento - Venta - Paraguay Asunción Ycuá Satí,1.0,2.0,143025155-203,29/06/2025,,Asuncion,,,Shylene Ayala,,,,,,,,,,,,,,,,,,,,,,,,,1.0,88.96,,,,,
https://www.remax.com.py/es-py/propiedades/departamento/venta/ycua-sati/alfredo-villamayor-villa-morra/143025155-202,Departamento,,168210 USD,"🏙️VENDO DEPARTAMENTOS EN EL EDIFICIO ECO 1
🍀🌳🪴Naturaleza plena en pleno barrio Ykua Sati a 150 mts. Del Paseo La Galería.

✨ Exclusividad, confort y diseño en cada detalle ✨
Tu nuevo estilo de vida comienza aquí‼️
En una torre boutique de solo 8 unidades, este edificio de PB + 4 pisos + azotea combina lujo, comodidad y elegancia, pensado para quienes valoran el espacio, la privacidad y el buen vivir al *mejor precio por m2 de la zona!*

🛋️ Departamentos amplios y funcionales de 1 y 2 dormitorios, con terminaciones de primer nivel, amplio balcón y equipamiento completo de marcas premium: Samsung, Livetech,Achón y más🔝🔝

🏊‍♂️ Piscina | ☀️ Solarium | 🔥 Quincho climatizado | 🛗 Ascensor
🔒 Control de acceso | ⚡ Generador | 🚗 Estacionamiento cochera adicional.
👨🏻‍✈️Portería 24hs.

💰: USD 168.210, viví la diferencia de un espacio pensado para vos.
✅ Entrega JULIO 2025.
➡️ No te quedes sin tu unidad!

📲 Consultanos por disponibilidad.",Departamento - Venta - Paraguay Asunción Ycuá Satí,1.0,2.0,143025155-202,29/06/2025,,Asuncion,,,Shylene Ayala,,,,,,,,,,,,,,,,,,,,,,,,,1.0,"8,896",,,,,
https://www.remax.com.py/es-py/propiedades/casa/venta/sajonia/143095011-36,Casa,,670000000 GS,"Vendo Casa en Asunción Barrio Sajonia

La casa esta ubicada sobre las calles Juan Díaz de Solís y Cptan. Aranda sobre asfalto
La propiedad posee:

6 (seis) dormitorios
3 (tres) Baños
Sala, cocina, comedor.
La casa esta al costado del Estadio Defensores del chaco y se encuentra en buenas condiciones.
En frente tiene un pequeño patio con techo, totalmente con rejas.
Estacionamiento para 1 (un ) vehículo.
Las dimensiones de la propiedad tiene 10 x 30 : 300 m2

Titulo a transferir.
Ubicación: https://maps.app.goo.gl/g1Luh4R7XRo5CNV17",Casa - Venta - Paraguay Asunción Sajonia,3.0,6.0,143095011-36,29/06/2025,,Asuncion,,,Daniel López,,,,,,,,,,,,,,,,,,,,,,,,,1.0,300,,,,,250.0
https://www.remax.com.py/es-py/propiedades/residencia/venta/villa-morra/143063159-30,Residencia,,900000 USD,"Esta residencia está ubicada sobre Eusebio Lillo entre Gonzalo Bulnes y Malutín, en el Barrio Villa Morra. A unos 400mts de la Avda. San Martín y 200mts de la Avda. España, zona altamente comercial.
Esta casa combina elegancia con practicidad, renovaciones recientes en sanitarios, pisos e instalaciones eléctricas.

Dimensiones 📐
Superficie del terreno: 903m2
Superficie construida: 767m2

La propiedad cuenta con:
PLANTA BAJA:
- Hall de entrada principal
- Escritorio
- Baño social
- Amplia sala principal con chimenea y comedor
- Estar/recibidor íntimo con chimenea
- Cocina amoblada
- Altillo (puede ser utilizado como oficina, o estar íntimo)
- 1 Habtiación en suite
- Espacio de despensa
- Área de servicio: 2 habitaciones con baño, comedor de servicio.
- Pequeño patio interno

PLANTA ALTA:
- 2 Mastersuite con vestidores, ambas habitaciones con salida al balcón

En la parte posterior de esta propiedad se encuentra:
Jardín con piscina y área con potencial expansión.
PB:
- Amplio quincho climatizado
- Baño social completo
- Pequeño depósito

PA:
- 2 Dependencias amplias que puede ser utilizados como sala de juegos, gimnasio, área de spa
- 1 Baño completo: jacuzzi, sauna húmedo y ducha con hidromasaje

Plan regulador: AR2A

📍Ubicación de la propiedad: https://maps.app.goo.gl/xhuBDeQeQ9Hm3Vbs8?g_st=aw

Consulta hoy mismo para agendar una visita 📲",Residencia - Venta - Paraguay Asunción Villa Morra,5.0,5.0,143063159-30,29/06/2025,,Asuncion,,,Tamara Samudio,,,,,,,,,,,,,,,,,,,,,,,,,1.0,"1,670",,,,,767.0
https://www.remax.com.py/es-py/propiedades/departamento/venta/ycua-sati/alfredo-villamayor-villa-morra/143025155-201,Departamento,,196560 USD,"🏙️VENDO DEPARTAMENTO
EDIFICIO ECO 1
🍀🌳🪴Naturaleza plena en el barrio Ykua Sati a 150 mts. Del Paseo La Galería.
📍EJE CORPORATIVO🏙️
✨ Exclusividad, confort y diseño en cada detalle ✨
Tu nuevo estilo de vida comienza aquí‼️
Torre boutique piso 1
Medidas 112.80m2
🛋️Living,🍽️ comedor, 👩‍🍳cocina integrados.
🛏️2 habitaciones, una en suite.
🚽Baño.
🧽Lavadero.
🪴🌱Amplio balcón.
🚗 Estacionamiento techado.
*Las unidades se entregan con:*
Aires acondicionados, heladera Samsung, Horno empotrado Samsung, microondas empotrado Samsung, anafe Samsug, estractor Livetech, lavasecarropa Samsung, mesada de granito, muebles de cocina Achon y dormitorio empotrados.
*Amenities:*
🪞Lobby
👨🏻‍✈️Porteria 24hs.
🚽Baño de servicio
☘️🌳🌴Espacios verdes.
🏊‍♂️Piscina.
☀️Solarium.
➡️Salòn de uso mùltiple con cocina integrada y 🔥parrilla.
🛗Ascensor.
⚡ Generador.
*mejor precio por m2 de la zona!*
💰196.560. USD. viví la diferencia de un espacio pensado para vos.
✅ Entrega JULIO 2025.
➡️ No te quedes sin tu unidad!

📲 Consultanos por disponibilidad.",Departamento - Venta - Paraguay Asunción Ycuá Satí,1.0,2.0,143025155-201,29/06/2025,,Asuncion,,,Shylene Ayala,,,,,,,,,,,,,,,,,,,,,,,,,1.0,"8,464",,,,,
https://www.remax.com.py/es-py/propiedades/departamento/venta/villa-morra/alfredo-villamayor-villa-morra/143025155-200,Departamento,,226735 USD,"🏙️VENDO DEPARTAMENTO
EDIFICIO ECO 1
🍀🌳🪴Naturaleza plena en el barrio Ykua Sati a 150 mts. Del Paseo La Galería.
📍EJE CORPORATIVO🏙️
✨ Exclusividad, confort y diseño en cada detalle ✨
Tu nuevo estilo de vida comienza aquí‼️
Torre boutique piso 1
Medidas 112.80m2
🛋️Living,🍽️ comedor, 👩‍🍳cocina integrados.
🛏️2 habitaciones, una en suite.
🚽Baño.
🧽Lavadero.
🪴🌱Amplio balcón.
🚗 Estacionamiento techado.
*Las unidades se entregan con:*
Aires acondicionados, heladera Samsung, Horno empotrado Samsung, microondas empotrado Samsung, anafe Samsug, estractor Livetech, lavasecarropa Samsung, mesada de granito, muebles de cocina Achon y dormitorio empotrados.
*Amenities:*
🪞Lobby
👨🏻‍✈️Porteria 24hs.
🚽Baño de servicio
☘️🌳🌴Espacios verdes.
🏊‍♂️Piscina.
☀️Solarium.
➡️Salòn de uso mùltiple con cocina integrada y 🔥parrilla.
🛗Ascensor.
⚡ Generador.
*mejor precio por m2 de la zona!*
💰226.735 USD. viví la diferencia de un espacio pensado para vos.
✅ Entrega JULIO 2025.
➡️ No te quedes sin tu unidad!

📲 Consultanos por disponibilidad.",Departamento - Venta - Paraguay Asunción Villa Morra,1.0,2.0,143025155-200,29/06/2025,,Asuncion,,,Shylene Ayala,,,,,,,,,,,,,,,,,,,,,,,,,1.0,90,,,,,
https://www.remax.com.py/es-py/propiedades/edificio/venta/pettirossi/143068053-152,Edificio,,450000 USD,"En venta Edificio en el Barrio Pettirossi de la Ciudad de Asunción, sobre Rodríguez de Francia e/ Brasil con rentabilidad activa!

Usd. 450.000.-

Compuesto de 16 unidades.
5 Salones comerciales.
11 Departamentos.

Sup. constuida de 749m2.
Sup, del terreno 465,7m2.

Título listo a transferir.

Agenda una visita!

Link de la ubicación: https://maps.app.goo.gl/UzPnrYG7J29BfxDu5",Edificio - Venta - Paraguay Asunción Pettirossi,,,143068053-152,29/06/2025,,Asuncion,,,Patricia Aguilera,,,,,,,,,,,,,,,,,,,,,,,,,1.0,749,,,,,749.0
https://www.remax.com.py/es-py/propiedades/terreno/venta/santisima-trinidad/jose-felix-gonzalez/143054048-93,Terreno,,425000 USD,"⚠️ En venta amplio terreno en Santísima trinidad!
Sobre la calle Padre José González y Pablo Neruda, a dos cuadras de Molas López.

🔹 Inversión: 425.000 Usd

🔹 Dimensiones del terreno:
Frente: 22,90
Contra frente: 22,85
Costado norte: 33,04
Costado sur: 34,53
🔹 Superficie: 761 m2

Cuenta con construcción
🔹 Construcción: 340 m2

🔹 Casa Principal:
Hall de entrada, galería, cocina, comedor, 3 habitaciones una en suite, 2 con baño compartido. Amplísimo patio trasero, piscina con niveles para adulto y niños.

🔹 Casa secundaria:
Zona de servicio con lavadero, 1 departamento con sala cocina y comedor integrados, baño y una habitación, galería y quincho.

📌 https://goo.gl/maps/dT4y7NTmnhrmQZTk7",Terreno - Venta - Paraguay Asunción Santísima Trinidad,,,143054048-93,29/06/2025,,Asuncion,,,Rocío Duarte,,,,,,,,,,,,,,,,,,,,,,,,,1.0,"1,101",,,,,340.0
https://www.remax.com.py/es-py/propiedades/departamento/venta/ycua-sati/alfredo-villamayor-ykua-sati/143025155-199,Departamento,,141685 USD,"🏙️VENDO DEPARTAMENTO EDIFICIO ECO 1
🍀🌳🪴Naturaleza plena en el barrio Ykua Sati a 150 mts. Del Paseo La Galería.
📍EJE CORPORATIVO🏙️
✨ Exclusividad, confort y diseño en cada detalle ✨
Tu nuevo estilo de vida comienza aquí‼️
Torre boutique piso 1
Medidas dpto 66.42

🛋️Living,🍽️ comedor, 👩‍🍳cocina integrados.
🛏️1 habitacion
🚽Baño.
1 Estacionamiento
🪴🌱Amplio balcón.
🚗 Estacionamiento techado.
*Las unidades se entregan con:*
Aires acondicionados, heladera Samsung, Horno empotrado Samsung, microondas empotrado Samsung, anafe Samsug, estractor Livetech, lavasecarropa Samsung, mesada de granito, muebles de cocina Achon y dormitorio empotrados.
*Amenities:*
🪞Lobby
👨🏻‍✈️Porteria 24hs.
🚽Baño de servicio
☘️🌳🌴Espacios verdes.
🏊‍♂️Piscina.
☀️Solarium.
➡️Salòn de uso mùltiple con cocina integrada y 🔥parrilla.
🛗Ascensor.
⚡ Generador.
*mejor precio por m2 de la zona!*
💰146.685. USD. viví la diferencia de un espacio pensado para vos.
✅ Entrega JULIO 2025.
➡️ No te quedes sin tu unidad!

📲 Consultanos por disponibilidad.",Departamento - Venta - Paraguay Asunción Ycuá Satí,1.0,1.0,143025155-199,29/06/2025,,Asuncion,,,Shylene Ayala,,,,,,,,,,,,,,,,,,,,,,,,,1.0,66.42,,,,,
https://www.remax.com.py/es-py/propiedades/casa/venta/recoleta/juan-sinforiano-bogarin-juan-sinforiano-bogarin-entre-dr-eduardo-lopez-mor/143001004-32,Casa,,595000 USD,"Ubicada sobre la calle Juan Sinforiano Bogarín, entre Dr. Eduardo López Moreira y Alberto de Souza, esta exclusiva residencia de una sola planta combina amplitud, confort y funcionalidad, ideal para familias que buscan calidad de vida en una zona residencial privilegiada.

📐 Superficie del terreno: 906,4 m²
📏 Frente: 20,44 m sobre la calle
Fondo: 19,58 m
Costado Norte: 45,17 m
Costado Sur: 45,40 m

Distribución y ambientes:
🔹 Garage para 3 vehículos o más
🔹 Sala de estar con comedor social
🔹 Comedor diario
🔹 Cocina amoblada
🔹 Estar íntimo con baño social
🔹 1 habitación máster en suite con vestidor
🔹 2 habitaciones en suite
🔹 1 oficina privada
🔹 Jardín con piscina, quincho y parrilla
🔹 Galería techada
🔹 Baño exterior con ducha
🔹 Sauna a vapor
🔹 Gimnasio
🔹 Lavadero privado
🔹 1 Habitación de servicio en suite
🔹 Espacio independiente para taller o utilería
🔹 1 depósito

Todos los ambientes están climatizados con aire acondicionado.

Esta propiedad lo tiene todo: espacios amplios, excelente ubicación y detalles que hacen la diferencia.
Una verdadera joya en Barrio Recoleta.

💬 Se escuchan Ofertas o Propuestas
No dudes en consultarnos, estamos abiertos a negociar.",Casa - Venta - Paraguay Asunción Recoleta,6.0,4.0,143001004-32,29/06/2025,,Asuncion,,,César Cáceres,,,,,,,,,,,,,,,,,,,,,,,,,1.0,"1,392.40",,,,,486.0
https://www.remax.com.py/es-py/propiedades/terreno/venta/san-vicente/143019017-30,Terreno,,620000000 GS,"Oportunidad de inversión en una de las zonas más activas y con mayor proyección de Asunción. Ubicada sobre Tte. Garay esquina Picuiba, en pleno Barrio San Vicente, esta propiedad se encuentra a tan solo 4 cuadras del Mercado 4 y a 6 cuadras de la Avda. Félix Bogado, y a una cuadra la Avda, Pozo Favorito
📐 Terreno de 444,45 m²
🏗 Construcción de aprox. 80 m² (a reorganizar)
🔹 Cuenta con un salón con blíndex al frente (actualmente roperia), 4 piezas tipo alquiler. espacio donde funcionaba un lavadero.
🚽 Baño compartido
📍 Acceso sobre calle asfaltada (excepto lateral)

💡 Ideal para:

Comercio o salón de ventas

Desarrollo de locales comerciales y habitaciones para renta

Inversión a mediano plazo con alto potencial de plusvalía

ubicacion: https://goo.gl/maps/4zLhQ1hwwMJhU495A?g_st=awb",Terreno - Venta - Paraguay Asunción San Vicente,,,143019017-30,29/06/2025,,Asuncion,,,William Cáceres,,,,,,,,,,,,,,,,,,,,,,,,,1.0,442,,,,,80.0
https://www.remax.com.py/es-py/propiedades/departamento/venta/general-diaz/estados-unidos-barrio-gral-diaz/143100009-51,Departamento,,434500000 GS,"PRECIO EN OFERTA POR TIEMPO ILIMITADO

Si estás buscando una excelente inversión en zona centro de Asunción, ¡este es el departamento que buscas!

El edificio Loma Tarumá cuenta con 6 pisos y 30 unidades de departamentos, con 5 tipologías por piso, de 1 y 2 dormitorios, que van desde 42m2 a 73m2.

📍Ubicado en el Barrio Gral. Díaz, sobre las calles E.E.U.U y Lomas Valentinas, te ofrecemos este hermoso y amplio departamento en oferta.

🔹Características:
-Superficie: 62m²
-2 dormitorios
-1 baño
-Sala amplia e iluminada
-Cocina-comedor totalmente amoblada (Achon)
-Calefón en baño
-Ambientes climatizados
-Balcón con vistas panorámicas a la ciudad
-Alarma contra incendios
-Ascensor
-Cochera techada

-Portero las 24 horas
🔹Amenities:
-Terraza
-Parrilla

PRECIO CON COCHERA: 65.000 USD

💰 APTO PARA CREDITO BANCARIO

📍 Edificio Loma Tarumá
https://maps.app.goo.gl/stLavkY6zi9vP7ye6",Departamento - Venta - Paraguay Asunción General Díaz,1.0,2.0,143100009-51,29/06/2025,,Asuncion,,,Julio Medina,,,,,,,,,,,,,,,,,,,,,,,,,1.0,62,,,,,
https://www.remax.com.py/es-py/propiedades/departamento/venta/ycua-sati/alfredo-villamayor-ykua-sati/143025155-198,Departamento,,212560 USD,"🏙️VENDO DEPARTAMENTO
EDIFICIO ECO 1
🍀🌳🪴Naturaleza plena en el barrio Ykua Sati a 150 mts. Del Paseo La Galería.
📍EJE CORPORATIVO🏙️
✨ Exclusividad, confort y diseño en cada detalle ✨
Tu nuevo estilo de vida comienza aquí‼️
Torre boutique piso 1
Medidas 112.80m2
🛋️Living,🍽️ comedor, 👩‍🍳cocina integrados.
🛏️2 habitaciones, una en suite.
🚽Baño.
🧽Lavadero.
🪴🌱Amplio balcón.
🚗 Estacionamiento techado Adicional 16.000 Usd.
Las unidades se entregan con:
Aires acondicionados, heladera Samsung, Horno empotrado Samsung, microondas empotrado Samsung, anafe Samsung, extractor Livetech, lava secarropa Samsung, mesada de granito, muebles de cocina Achón y dormitorio empotrados.
Amenities:
🪞Lobby
👨🏻‍✈️Portería 24hs.
🚽Baño de servicio
☘️🌳🌴Espacios verdes.
🏊‍♂️Piscina.
☀️Solárium.
➡️Salón de uso múltiple con cocina integrada y 🔥parrilla.
🛗Ascensor.
⚡ Generador.
mejor precio por m2 de la zona!
💰 USD. 210.735 viví la diferencia de un espacio pensado para vos.
✅ Entrega JULIO 2025.
➡️ No te quedes sin tu unidad!

📲 Consultanos por disponibilidad.",Departamento - Venta - Paraguay Asunción Ycuá Satí,1.0,2.0,143025155-198,29/06/2025,,Asuncion,,,Shylene Ayala,,,,,,,,,,,,,,,,,,,,,,,,,1.0,112.80,,,,,
https://www.remax.com.py/es-py/propiedades/edificio/venta/pinoza/mencia-de-sanabria-y-luis-morquio/143079048-53,Edificio,,1200000000 GS,"¡Excelente oportunidad para Inversionistas! Presentamos este increíble edificio residencial en venta, ubicado estratégicamente sobre la calle Mencia de Sanabria paralela a la Avda. Fernando de la Mora zona la Barca.

Este edificio cuenta con 7 departamentos tipo Loft, cada uno con dormitorio, baño y kichenette. En un terreno de 360 metros cuadrados, además una oficina de dos ambientes con baño y estacionamiento para 3 vehículos.

Con inquilinos activos y una rentabilidad del 12% anual lo que convierte a esta propiedad en una inversión sólida y rentable desde el primer día.

¡No pierdas esta oportunidad! Contáctanos para más información o para agendar una visita. ¡Este podría ser una excelente inversión en el creciente mercado inmobiliario!

Apto para crédito bancario.",Edificio - Venta - Paraguay Asunción Pinoza,7.0,7.0,143079048-53,29/06/2025,,Asuncion,,,Joel Doldan,,,,,,,,,,,,,,,,,,,,,,,,,1.0,360,,,,,
https://www.remax.com.py/es-py/propiedades/departamento/venta/san-vicente/edificio-robelini-el-carmen-y-cap-bernardino-cab/143014041-430,Departamento,,480000000 GS,"EN VENTA A NUEVO PRECIO, APTO PARA CRÉDITO BANCARIO!

Moderno y amplio departamento de una habitación de bellas terminaciones y una cochera, del Edificio Robelini, barrio San Vicente, Asunción.

Monto de la Inversión: Gs. 480.000.000.- (*)
(*) Facilidad de firma de venta y pago en Argentina. Abiertos a negociar en USD.
(*) Financiación propia hasta en 24 meses!

El edificio se encuentra en una zona residencial, tranquila, pero a solo dos cuadras de la Avda. Félix Bogado, teniendo al alcance múltiples opciones comerciales, gastronómicas, supermercados, farmacias y demás. Su ubicación le permite estar a solo 10 minutos del microcentro, como también tener fácil salida a la ciudad de Lambaré.

El departamento 403 de 46.5 m2, está ubicado en el 4to piso, que por la distribución del edificio representa a un 6to nivel de altura. La unidad cuenta con:
- Sala de estar y comedor.
- Dormitorio con placard.
- Cocina amoblada, con mesada, integrada.
- 1 Baño.
- Amplio balcón con parrilla.
- 1 Cochera.

El Edificio de departamentos Robelini se compone de setenta unidades habitacionales de entre 35 y 80 metros cuadrados, todas cuentan con espacios luminosos y su mayoría cuentan con balcones y parrillas. El sector de amenities ubicado en el noveno piso cuenta con una piscina al aire libre con espectaculares vistas al Río y el Cerro Lambaré. Además el edificio cuenta con 3 niveles destinados a estacionamiento

El edificio ofrece:
- Cámaras de vigilancia
- 3 Niveles de estacionamiento.
- Gimnasio
- Piscina con gran vista a la ciudad, hacia el Cerro Lambaré y alrededores.
- Solárium
- Terraza
- Portería 24hs.
- Quincho
- Salón climatizado de uso común

Ubicación: https://maps.app.goo.gl/fCa95rhaQLnkFM4v8

Unidad actualmente alquilada.

Agendemos una visita!",Departamento - Venta - Paraguay Asunción San Vicente,1.0,1.0,143014041-430,29/06/2025,,Asuncion,,,Stefania Scura,,,,,,,,,,,,,,,,,,,,,,,,,1.0,46.50,,,,,
https://www.remax.com.py/es-py/propiedades/departamento/venta/las-lomas-carmelitas/avda-molas-lopez-las-lomas/143036098-48,Departamento,,181841 USD,"ALBOR es un proyecto premium de vanguardia que permitirá ampliar tu perspectiva.

Diseñado con el objetivo de insertar en el barrio LAS LOMAS a un público joven adulto y a familias con proyección a futuro ya que cuenta con una excelente conectividad y fácil acceso al eje corporativo con todos los beneficios que eso supone al estar a solo 100 mts de Aviadores del Chaco.

Cerca de todo, para disfrutar de todos los momentos del día y la noche, en pareja, con amigos o familia.

Un nuevo estilo de vida en el cual los residentes podrán disfrutar de cada espacio, pensado en las necesidades actuales de personas inmersas en una vida moderna.

Unidad de 113.65 m2, estratégicamente distribuidos, cuenta con:
Cocina
Estar
Baño social
Balcón
2 dormitorios en suite (+flex, puede ser un escritorio o vestidor)

Disponibles en los pisos 17 al 19

* 5 niveles de estacionamiento y bauleras

*Cocheras
16,500$

*Bauleras
3.500$

FUNCIONALIDADES
3 ascensores
Circuito cerrado
Portero eléctrico
Generador para áreas comunes

AMENITIES
Quinchos climatizados con parrilla
Cocina gourmet
Sauna femenino y masculino
Área de pileta con solárium
Parrilla exterior
Salón multiuso
Coworking
Sala de cine
Playroom
Gimnasio
3 terrazas al aire libre

Impuesto inmobiliario 1.5$/mts2
Expensas 1.2$/mts2
El mejor precio por mts2 para el lujo que te ofrecemos!

Financiamiento propio durante obra
20% 40% 40%
Financiamiento vía Banco Atlas

Desarrollado por LEJOCO y Construido por Codas Vuyk



Ubicación https://maps.app.goo.gl/dJHhuj2t8S9gcSji6",Departamento - Venta - Paraguay Asunción Las Lomas (Carmelitas),3.0,2.0,143036098-48,29/06/2025,,Asuncion,,,Verenna Jara,,,,,,,,,,,,,,,,,,,,,,,,,1.0,113.65,,,,,113.65
https://www.remax.com.py/es-py/propiedades/departamento/venta/las-lomas-carmelitas/avda-molas-lopez-las-lomas/143036098-47,Departamento,,176158 USD,"ALBOR es un proyecto premium de vanguardia que permitirá ampliar tu perspectiva.

Diseñado con el objetivo de insertar en el barrio LAS LOMAS a un público joven adulto y a familias con proyección a futuro ya que cuenta con una excelente conectividad y fácil acceso al eje corporativo con todos los beneficios que eso supone al estar a solo 100 mts de Aviadores del Chaco.

Cerca de todo, para disfrutar de todos los momentos del día y la noche, en pareja, con amigos o familia.

Un nuevo estilo de vida en el cual los residentes podrán disfrutar de cada espacio, pensado en las necesidades actuales de personas inmersas en una vida moderna.

Unidad de 113.65 m2, estratégicamente distribuidos, cuenta con:
Cocina
Estar
Baño social
Balcón
2 dormitorios en suite (+flex, puede ser un escritorio o vestidor)

Disponibles en los pisos 10 al 16

* 5 niveles de estacionamiento y bauleras

*Cocheras
16,500$

*Bauleras
3.500$

FUNCIONALIDADES
3 ascensores
Circuito cerrado
Portero eléctrico
Generador para áreas comunes

AMENITIES
Quinchos climatizados con parrilla
Cocina gourmet
Sauna femenino y masculino
Área de pileta con solárium
Parrilla exterior
Salón multiuso
Coworking
Sala de cine
Playroom
Gimnasio
3 terrazas al aire libre

Impuesto inmobiliario 1.5$/mts2
Expensas 1.2$/mts2
El mejor precio por mts2 para el lujo que te ofrecemos!

Financiamiento propio durante obra
20% 40% 40%
Financiamiento vía Banco Atlas

Desarrollado por LEJOCO y Construido por Codas Vuyk



Ubicación https://maps.app.goo.gl/dJHhuj2t8S9gcSji6",Departamento - Venta - Paraguay Asunción Las Lomas (Carmelitas),3.0,2.0,143036098-47,29/06/2025,,Asuncion,,,Verenna Jara,,,,,,,,,,,,,,,,,,,,,,,,,1.0,113.65,,,,,113.65
https://www.remax.com.py/es-py/propiedades/departamento/venta/las-lomas-carmelitas/avda-molas-lopez-las-lomas/143036098-46,Departamento,,170476 USD,"ALBOR es un proyecto premium de vanguardia que permitirá ampliar tu perspectiva.

Diseñado con el objetivo de insertar en el barrio LAS LOMAS a un público joven adulto y a familias con proyección a futuro ya que cuenta con una excelente conectividad y fácil acceso al eje corporativo con todos los beneficios que eso supone al estar a solo 100 mts de Aviadores del Chaco.

Cerca de todo, para disfrutar de todos los momentos del día y la noche, en pareja, con amigos o familia.
Un nuevo estilo de vida en el cual los residentes podrán disfrutar de cada espacio, pensado en las necesidades actuales de personas inmersas en una vida moderna.

Unidad de 113.65 m2, estratégicamente distribuidos, cuenta con:
Cocina/Comedor integrados
Baño social
Balcón
2 dormitorios en suite

Disponibles en los pisos 7 al 13

* 5 niveles de estacionamiento y bauleras

*Cocheras
16,500$
*Bauleras
3.500$

FUNCIONALIDADES
3 ascensores
Circuito cerrado
Portero eléctrico
Generador para áreas comunes

AMENITIES
Quinchos climatizados con parrilla
Cocina gourmet
Sauna femenino y masculino
Área de pileta con solárium
Parrilla exterior
Salón multiuso
Coworking
Sala de cine
Playroom
Gimnasio
3 terrazas al aire libre

Impuesto inmobiliario 1.5$/mts2
Expensas 1.2$/mts2
El mejor precio por mts2 para el lujo que te ofrecemos!

Financiamiento propio durante obra
20% 40% 40%
Financiamiento vía Banco Atlas

Desarrollado por LEJOCO y Construido por Codas Vuyk



Ubicación https://maps.app.goo.gl/dJHhuj2t8S9gcSji6",Departamento - Venta - Paraguay Asunción Las Lomas (Carmelitas),3.0,2.0,143036098-46,29/06/2025,,Asuncion,,,Verenna Jara,,,,,,,,,,,,,,,,,,,,,,,,,1.0,113.65,,,,,113.65
https://www.remax.com.py/es-py/propiedades/terreno/venta/recoleta/143094002-54,Terreno,,295000 USD,"Ubicado sobre San Roque González casi De Las Palmeras, en una zona de gran movimiento y desarrollo.

✅ Ideal para emprendimientos comerciales, corporativos o edificios residenciales
📍 A 3 minutos del Shopping Mariscal y cerca de República Argentina
📐 551 m² | Zona ARB2 | Coef. 3,25 | Altura máx. 5 pisos (+ incentivos)
💰 Precio: USD 295.000
📌 Ubicación https://maps.app.goo.gl/z5zCVvrBXDtcUDJP6",Terreno - Venta - Paraguay Asunción Recoleta,,,143094002-54,29/06/2025,,Asuncion,,,Emilce Bolchan,,,,,,,,,,,,,,,,,,,,,,,,,1.0,552,,,,,
https://www.remax.com.py/es-py/propiedades/terreno/venta/san-pablo/143054077-52,Terreno,,800000000 GS,"Vendo interesante propiedad sobre la Avda Defensores del chaco o Calle Ultima.

El terreno se encuentra a 100 metros del Supermercado Casa Grutter y a pasos de Chacomer 4 mojones.

Ideal para comercios o desarrollos habitacionales debido a su excelente Ubicación.

Medidas del terreno 12 de frente, 12,23 de contrafrente. Costado 36,72 y su contra costado 39,09.

Plan Regulador A.I 1.

Ubicacion: https://rem.ax/4jTYsUg",Terreno - Venta - Paraguay Asunción San Pablo,,,143054077-52,29/06/2025,,Asuncion,,,Rodney Pomata,,,,,,,,,,,,,,,,,,,,,,,,,1.0,454.86,,,,,
https://www.remax.com.py/es-py/propiedades/terreno/venta/mariscal-estigarribia/alas-paraguayas-dr-benigno-ferreira-y-pancha-garmendia/143098065-9,Terreno,,350000 USD,"PRECIO DE TERRENO - BARRIO MARISCAL

UBICACIÓN: Alas Paraguaya

Tan solo USD 522 x m²
(Promedio en la zona: USD 560 x m²)


Características del Terreno:
* 📐 Superficie: 671m² - AR1B
* 📏 Frente: 12 m / Fondo: 56 m
* Coef. + incentivo: 3,9
Altura máxima 4.***
Edificabilidad con del incentivo sobre calle 165,00 m2
* Área edificable: hasta 1.008 m²
* Altura máx. con incentivo: PB + 4

Ideal para:
* Desarrollos habitacionales o corporativos
* Proyectos multifamiliares
* Oficinas, locales comerciales o inversiones mixtas

PRECIO DE OPORTUNIDAD: USD 350.000! _(522 $ / m2)


¿Querés más info o coordinar una visita al terreno? Escribime y te paso todo.",Terreno - Venta - Paraguay Asunción Mariscal Estigarribia,,,143098065-9,29/06/2025,,Asuncion,,,Cynthia Godoy,,,,,,,,,,,,,,,,,,,,,,,,,1.0,671,,,,,256.0
https://www.remax.com.py/es-py/propiedades/departamento/venta/loma-pyta/sgto-tomas-lombardo-25243909910620623-57538479566574104/143014166-31,Departamento,,90000 USD,"✨ PARQUE LAS GOLONDRINAS - ASUNCION Loma Pyta: EN VENTA DEPARTAMENTO DE 1 DORMITORIO Y UNA COCHERA INCLUÍDA ✨

❣️Enamórate de tu nuevo hogar❣️ Con 5.000 m2 de superficie está rodeado de árboles y vegetación, creando una tranquilidad en la naturaleza sin tener que alejarte de Asunción 🌳🌱☘️

DPTO 1 DORMITORIO
✓ 60.8 m2
✓ Sala - Comedor con AA
✓1Dormitorio
✓1 Baño equipado
✓Cocina amoblada
✓Horno, anafe y extractor
✓Placares y AA en cada Dormitorio
✓Área de Lavado Independiente
✓Balcón con parrilla
💦 Agua Gratis
🛻1 Cochera techada

Amenities exclusivas que brindan calidad de vida y entretenimiento:
🌳Áreas Verdes
🎉Salón de eventos
🏋🏻‍♀️Gym
🏊🏻‍♀️Piscina
🛤️Circuito de caminatas.

💰 Monto de la inversión: 90.000 USD

Financiación propia hasta 5 años
Apto para crédito bancario.

📍Ubicación: https://maps.app.goo.gl/Y6oMDvpVQfcNGWjy5

No te pierdas esta oportunidad para tu hogar propio.
¡¡ NO HAY LUGAR COMO EL HOGAR !!",Departamento - Venta - Paraguay Asunción Loma Pytá,1.0,1.0,143014166-31,29/06/2025,,Asuncion,,,Margarita Gorzen,,,,,,,,,,,,,,,,,,,,,,,,,1.0,60.80,,,,,
https://www.remax.com.py/es-py/propiedades/terreno/venta/general-diaz/blas-garay-esquina-paraguari-calle-blas-garay-4a-proyectada-esq-paraguari/143014125-241,Terreno,,600000000 GS,"🏡 TERRENO EN ESQUINA – BARRIO GRAL. DÍAZ / BARRIO OBRERO 🧱

📍 Blas Garay (Cuarta) esq. Paraguarí
📍https://maps.app.goo.gl/746prrQ4dNf8ARqD6

🔹 Superficie total: 280 m²
🔹 Frente sobre Cuarta: 28 metros
🔹 Frente sobre Paraguarí: 10 metros
🔹 Ubicado en el límite entre el Barrio General Díaz y Barrio Obrero
🔹 Zona con alto potencial de desarrollo residencial o comercial

💰 Monto de inversión: Gs. 600.000.000

📌 Ideal para construcción de dúplex, locales comerciales o vivienda familiar en una ubicación estratégica.",Terreno - Venta - Paraguay Asunción General Díaz,,,143014125-241,29/06/2025,,Asuncion,,,Gabriela Rodo,,,,,,,,,,,,,,,,,,,,,,,,,1.0,280,,,,,
https://www.remax.com.py/es-py/propiedades/departamento/venta/ycua-sati/alejandro-villamayor-villamayor/143025155-197,Departamento,,210735 USD,"🏙️VENDO DEPARTAMENTO
EDIFICIO ECO 1
🍀🌳🪴Naturaleza plena en el barrio Ykua Sati a 150 mts. Del Paseo La Galería.
📍EJE CORPORATIVO🏙️
✨ Exclusividad, confort y diseño en cada detalle ✨
Tu nuevo estilo de vida comienza aquí‼️
Torre boutique piso 1
Medidas 112.80m2
🛋️Living,🍽️ comedor, 👩‍🍳cocina integrados.
🛏️2 habitaciones, una en suite.
🚽Baño.
🧽Lavadero.
🪴🌱Amplio balcón.
🚗 Estacionamiento techado Adhicional 16.000 Usd.
Las unidades se entregan con:
Aires acondicionados, heladera Samsung, Horno empotrado Samsung, microondas empotrado Samsung, anafe Samsug, estractor Livetech, lavasecarropa Samsung, mesada de granito, muebles de cocina Achon y dormitorio empotrados.
Amenities:
🪞Lobby
👨🏻‍✈️Porteria 24hs.
🚽Baño de servicio
☘️🌳🌴Espacios verdes.
🏊‍♂️Piscina.
☀️Solarium.
➡️Salòn de uso mùltiple con cocina integrada y 🔥parrilla.
🛗Ascensor.
⚡ Generador.
mejor precio por m2 de la zona!
💰210.735. USD. viví la diferencia de un espacio pensado para vos.
✅ Entrega JULIO 2025.
➡️ No te quedes sin tu unidad!

📲 Consultanos por disponibilidad.",Departamento - Venta - Paraguay Asunción Ycuá Satí,1.0,2.0,143025155-197,29/06/2025,,Asuncion,,,Shylene Ayala,,,,,,,,,,,,,,,,,,,,,,,,,1.0,90,,,,,
https://www.remax.com.py/es-py/propiedades/departamento/venta/las-lomas-carmelitas/narciso-r-colman-narciso-r-colman-c-prof-emiliano-gomez-rios/143014005-726,Departamento,,84600 USD,"✨𝗗𝗘𝗣𝗔𝗥𝗧𝗔𝗠𝗘𝗡𝗧𝗢 𝗗𝗘 𝟭 𝗗𝗢𝗥𝗠𝗜𝗧𝗢𝗥𝗜𝗢 𝗘𝗡 𝗧𝗢𝗥𝗥𝗘 𝗡𝗔𝗥𝗖𝗜𝗦𝗢: 𝗧𝗨 𝗠𝗘𝗝𝗢𝗥 𝗜𝗡𝗩𝗘𝗥𝗦𝗜𝗢́𝗡 𝗘𝗡 𝗣𝗢𝗭𝗢 𝗔 𝟭𝟱𝟬 𝗠𝗧𝗦 𝗗𝗘𝗟 𝗦𝗛𝗢𝗣𝗣𝗜𝗡𝗚 𝗗𝗘𝗟 𝗦𝗢𝗟!!✨

En la zona más cotizada y solicitada de Asunción, a tan solo 150 mts del Shopping del Sol, 𝗧𝗢𝗥𝗥𝗘 𝗡𝗔𝗥𝗖𝗜𝗦𝗢 está en plena construcción para una entrega en 𝗮𝗴𝗼𝘀𝘁𝗼/𝘀𝗲𝗽𝘁𝗶𝗲𝗺𝗯𝗿𝗲 𝟮𝟬𝟮𝟲.
Con 7 pisos y 41 departamentos, este edificio por su ubicación, su diseño y calidad constructiva será tu mejor inversión en Paraguay!! Ideal parar vivir o alquilar tanto de manera anual como temporal vía Airbnb.

📐𝗧𝗶𝗽𝗼𝗹𝗼𝗴í𝗮 𝗱𝗲 𝟭 𝗱𝗼𝗿𝗺𝗶𝘁𝗼𝗿𝗶𝗼, desde 49,5 m2:
🫕Cocina amoblada y equipada con anafe, horno y purificador,
🛏1 Dormitorio con placar,
🚽1 Baño,
🛋Sala/comedor,
♨Balcón con parrilla,
🧺Área o espacio de lavadero,
❄AA en todos los ambientes.

𝗔𝗺𝗲𝗻𝗶𝘁𝗶𝗲𝘀:
🏊‍♂Amplia piscina,
☀Solarium,
🏋‍♂Gimnasio,
🧖‍♂Spa/Sala de masaje,
👨‍💻Sala de reunión/Coworking,
♨Quincho climatizado con parrilla,
🌇Terraza abierta.

💰𝗜𝗻𝘃𝗲𝗿𝘀𝗶𝗼́𝗻 𝗱𝗲𝘀𝗱𝗲: 84.600 USD.
📆𝗙𝗼𝗿𝗺𝗮 𝗱𝗲 𝗽𝗮𝗴𝗼: contado o entrega de 20% y financiación a 20 o 40 meses.
🚗𝗖𝗼𝗰𝗵𝗲𝗿𝗮: 15.000 USD.

📍𝗨𝗯𝗶𝗰𝗮𝗰𝗶𝗼́𝗻: https://maps.app.goo.gl/Cs5rjC19dqe4x2dMA

👷‍♂𝗗𝗲𝘀𝗮𝗿𝗿𝗼𝗹𝗹𝗮: URBANUS.
🏗𝗖𝗼𝗻𝘀𝘁𝗿𝘂𝘆𝗲: GRUPO UNOTRES.",Departamento - Venta - Paraguay Asunción Las Lomas (Carmelitas),1.0,1.0,143014005-726,29/06/2025,,Asuncion,,,Guilhem Costa,,,,,,,,,,,,,,,,,,,,,,,,,1.0,49,,,,,
https://www.remax.com.py/es-py/propiedades/departamento/venta/las-lomas-carmelitas/narciso-r-colman-narciso-r-colman-c-prof-emiliano-gomez-rios/143014005-725,Departamento,,89800 USD,"✨𝗗𝗘𝗣𝗔𝗥𝗧𝗔𝗠𝗘𝗡𝗧𝗢 𝗗𝗘 𝟭 𝗗𝗢𝗥𝗠𝗜𝗧𝗢𝗥𝗜𝗢 𝗘𝗡 𝗧𝗢𝗥𝗥𝗘 𝗡𝗔𝗥𝗖𝗜𝗦𝗢: 𝗧𝗨 𝗠𝗘𝗝𝗢𝗥 𝗜𝗡𝗩𝗘𝗥𝗦𝗜𝗢́𝗡 𝗘𝗡 𝗣𝗢𝗭𝗢 𝗔 𝟭𝟱𝟬 𝗠𝗧𝗦 𝗗𝗘𝗟 𝗦𝗛𝗢𝗣𝗣𝗜𝗡𝗚 𝗗𝗘𝗟 𝗦𝗢𝗟!!✨

En la zona más cotizada y solicitada de Asunción, a tan solo 150 mts del Shopping del Sol, 𝗧𝗢𝗥𝗥𝗘 𝗡𝗔𝗥𝗖𝗜𝗦𝗢 está en plena construcción para una entrega en 𝗮𝗴𝗼𝘀𝘁𝗼/𝘀𝗲𝗽𝘁𝗶𝗲𝗺𝗯𝗿𝗲 𝟮𝟬𝟮𝟲.
Con 7 pisos y 41 departamentos, este edificio por su ubicación, su diseño y calidad constructiva será tu mejor inversión en Paraguay!! Ideal parar vivir o alquilar tanto de manera anual como temporal vía Airbnb.

📐𝗧𝗶𝗽𝗼𝗹𝗼𝗴í𝗮 𝗱𝗲 𝟭 𝗱𝗼𝗿𝗺𝗶𝘁𝗼𝗿𝗶𝗼, desde 52.5 m2:
🫕Cocina amoblada y equipada con anafe, horno y purificador,
🛏1 Dormitorio con placar,
🚽1 Baño,
🛋Sala/comedor,
♨Balcón con parrilla,
🧺Área o espacio de lavadero,
❄AA en todos los ambientes.

𝗔𝗺𝗲𝗻𝗶𝘁𝗶𝗲𝘀:
🏊‍♂Amplia piscina,
☀Solarium,
🏋‍♂Gimnasio,
🧖‍♂Spa/Sala de masaje,
👨‍💻Sala de reunión/Coworking,
♨Quincho climatizado con parrilla,
🌇Terraza abierta.

💰𝗜𝗻𝘃𝗲𝗿𝘀𝗶𝗼́𝗻 𝗱𝗲𝘀𝗱𝗲: 89.800 USD.
📆𝗙𝗼𝗿𝗺𝗮 𝗱𝗲 𝗽𝗮𝗴𝗼: contado o entrega de 20% y financiación a 20 o 40 meses.
🚗𝗖𝗼𝗰𝗵𝗲𝗿𝗮: 15.000 USD.

📍𝗨𝗯𝗶𝗰𝗮𝗰𝗶𝗼́𝗻: https://maps.app.goo.gl/Cs5rjC19dqe4x2dMA

👷‍♂𝗗𝗲𝘀𝗮𝗿𝗿𝗼𝗹𝗹𝗮: URBANUS.
🏗𝗖𝗼𝗻𝘀𝘁𝗿𝘂𝘆𝗲: GRUPO UNOTRES.",Departamento - Venta - Paraguay Asunción Las Lomas (Carmelitas),1.0,1.0,143014005-725,29/06/2025,,Asuncion,,,Guilhem Costa,,,,,,,,,,,,,,,,,,,,,,,,,1.0,52,,,,,
https://www.remax.com.py/es-py/propiedades/deposito/venta/san-vicente/madrinas-de-la-guerra-del-chaco-entre-ingavi-y-can-madrinas-de-la-guerra-del-chaco-entre-ingavi-y-can/143098041-14,Depósito,,130000 USD,"🏢 ¡Venta de Propiedad en San Vicente – Asunción!
📍 A 1 cuadra de Avda. Félix Bogado
💵 USD 130.000

🔹 Terreno de 10x30 m – 300 m²
🔹 300 m² construidos
🔹 2 departamentos en planta alta
🔹 Lavandería + estacionamiento
🔹 Depósito/oficinas al fondo

✅ Zona alta y comercial
✅ Cerca de súper, escuelas, iglesias y más
✅ Ideal para inversión, renta o uso comercial

📍 ¡Agendá tu visita!
https://maps.app.goo.gl/Nio9FKLufQcVo5As6",Depósito - Venta - Paraguay Asunción San Vicente,,,143098041-14,29/06/2025,,Asuncion,,,Cristhian Gaona,,,,,,,,,,,,,,,,,,,,,,,,,1.0,300,,,,,
https://www.remax.com.py/es-py/propiedades/departamento/venta/las-lomas-carmelitas/narciso-r-colman-narciso-r-colman-c-prof-emiliano-gomez-rios/143014005-724,Departamento,,141700 USD,"✨𝗗𝗘𝗣𝗔𝗥𝗧𝗔𝗠𝗘𝗡𝗧𝗢 𝗗𝗘 𝟮 𝗗𝗢𝗥𝗠𝗜𝗧𝗢𝗥𝗜𝗢𝗦 𝗘𝗡 𝗧𝗢𝗥𝗥𝗘 𝗡𝗔𝗥𝗖𝗜𝗦𝗢: 𝗧𝗨 𝗠𝗘𝗝𝗢𝗥 𝗜𝗡𝗩𝗘𝗥𝗦𝗜𝗢́𝗡 𝗘𝗡 𝗣𝗢𝗭𝗢 𝗔 𝟭𝟱𝟬 𝗠𝗧𝗦 𝗗𝗘𝗟 𝗦𝗛𝗢𝗣𝗣𝗜𝗡𝗚 𝗗𝗘𝗟 𝗦𝗢𝗟!!✨

En la zona más cotizada y solicitada de Asunción, a tan solo 150 mts del Shopping del Sol, 𝗧𝗢𝗥𝗥𝗘 𝗡𝗔𝗥𝗖𝗜𝗦𝗢 está en plena construcción para una entrega en 𝗮𝗴𝗼𝘀𝘁𝗼/𝘀𝗲𝗽𝘁𝗶𝗲𝗺𝗯𝗿𝗲 𝟮𝟬𝟮𝟲.
Con 7 pisos y 41 departamentos, este edificio por su ubicación, su diseño y calidad constructiva será tu mejor inversión en Paraguay!! Ideal parar vivir o alquilar tanto de manera anual como temporal vía Airbnb.

📐𝗧𝗶𝗽𝗼𝗹𝗼𝗴í𝗮 𝗱𝗲 𝟮 𝗱𝗼𝗿𝗺𝗶𝘁𝗼𝗿𝗶𝗼𝘀, 82,9 m2 propios:
🫕Cocina amoblada y equipada con anafe, horno y purificador,
🛏2 Dormitorios con placar (1 en suite),
🚽Baño familiar/social,
🛋Sala/comedor,
♨Balcón con parrilla,
🧺Espacio de lavadero,
❄AA en todos los ambientes.

𝗔𝗺𝗲𝗻𝗶𝘁𝗶𝗲𝘀:
🏊‍♂Amplia piscina,
☀Solarium,
🏋‍♂Gimnasio,
🧖‍♂Spa/Sala de masaje,
👨‍💻Sala de reunión/Coworking,
♨Quincho climatizado con parrilla,
🌇Terraza abierta.

💰𝗜𝗻𝘃𝗲𝗿𝘀𝗶𝗼́𝗻 𝗱𝗲𝘀𝗱𝗲: 141.700 USD.
📆𝗙𝗼𝗿𝗺𝗮 𝗱𝗲 𝗽𝗮𝗴𝗼: contado o entrega de 20% y financiación a 20 o 40 meses .
🚗𝗖𝗼𝗰𝗵𝗲𝗿𝗮: 15.000 USD.

📍𝗨𝗯𝗶𝗰𝗮𝗰𝗶𝗼́𝗻: https://maps.app.goo.gl/Cs5rjC19dqe4x2dMA

👷‍♂𝗗𝗲𝘀𝗮𝗿𝗿𝗼𝗹𝗹𝗮: URBANUS.
🏗𝗖𝗼𝗻𝘀𝘁𝗿𝘂𝘆𝗲: GRUPO UNOTRES.",Departamento - Venta - Paraguay Asunción Las Lomas (Carmelitas),2.0,2.0,143014005-724,29/06/2025,,Asuncion,,,Guilhem Costa,,,,,,,,,,,,,,,,,,,,,,,,,1.0,82,,,,,
https://www.remax.com.py/es-py/propiedades/departamento/venta/las-lomas-carmelitas/narciso-r-colman-narciso-r-colman-c-prof-emiliano-gomez-rios/143014005-723,Departamento,,173400 USD,"✨𝗗𝗘𝗣𝗔𝗥𝗧𝗔𝗠𝗘𝗡𝗧𝗢 𝗗𝗘 𝟯 𝗗𝗢𝗥𝗠𝗜𝗧𝗢𝗥𝗜𝗢𝗦 𝗘𝗡 𝗧𝗢𝗥𝗥𝗘 𝗡𝗔𝗥𝗖𝗜𝗦𝗢: 𝗧𝗨 𝗠𝗘𝗝𝗢𝗥 𝗜𝗡𝗩𝗘𝗥𝗦𝗜𝗢́𝗡 𝗘𝗡 𝗣𝗢𝗭𝗢 𝗔 𝟭𝟱𝟬 𝗠𝗧𝗦 𝗗𝗘𝗟 𝗦𝗛𝗢𝗣𝗣𝗜𝗡𝗚 𝗗𝗘𝗟 𝗦𝗢𝗟!!✨

En la zona más cotizada y solicitada de Asunción, a tan solo 150 mts del Shopping del Sol, 𝗧𝗢𝗥𝗥𝗘 𝗡𝗔𝗥𝗖𝗜𝗦𝗢 está en plena construcción para una entrega en 𝗮𝗴𝗼𝘀𝘁𝗼/𝘀𝗲𝗽𝘁𝗶𝗲𝗺𝗯𝗿𝗲 𝟮𝟬𝟮𝟲.
Con 7 pisos y 41 departamentos, este edificio por su ubicación, su diseño y calidad constructiva será tu mejor inversión en Paraguay!! Ideal parar vivir o alquilar tanto de manera anual como temporal vía Airbnb.

𝗨́𝗻𝗶𝗰𝗼 𝗱𝗲𝗽𝗮𝗿𝘁𝗮𝗺𝗲𝗻𝘁𝗼 𝗱𝗲 𝟯 𝗱𝗼𝗿𝗺𝗶𝘁𝗼𝗿𝗶𝗼𝘀:
🫕Cocina amoblada y equipada con anafe, horno y purificador,
🛏1 Mastersuite con vestidor,
🛏2 Dormitorios con placar y baño familiar compartido,
🛋Sala/comedor,
♨Balcón con parrilla,
🧺Área de lavadero,
🚽Baño social,
❄AA en todos los ambientes,
📐Superficie propia: 97,1 m2 + amplia terraza de 13m x 2,7m.

𝗔𝗺𝗲𝗻𝗶𝘁𝗶𝗲𝘀:
🏊‍♂Amplia piscina,
☀Solarium,
🏋‍♂Gimnasio,
🧖‍♂Spa/Sala de masaje,
👨‍💻Sala de reunión/Coworking,
♨Quincho climatizado con parrilla,
🌇Terraza abierta.

💰𝗜𝗻𝘃𝗲𝗿𝘀𝗶𝗼́𝗻 𝗱𝗲𝘀𝗱𝗲: 173.400 USD.
📆𝗙𝗼𝗿𝗺𝗮 𝗱𝗲 𝗽𝗮𝗴𝗼: contado o entrega de 20% y financiación a 20 o 40 meses .
🚗𝗖𝗼𝗰𝗵𝗲𝗿𝗮: 15.000 USD.

📍𝗨𝗯𝗶𝗰𝗮𝗰𝗶𝗼́𝗻: https://maps.app.goo.gl/Cs5rjC19dqe4x2dMA

👷‍♂𝗗𝗲𝘀𝗮𝗿𝗿𝗼𝗹𝗹𝗮: URBANUS.
🏗𝗖𝗼𝗻𝘀𝘁𝗿𝘂𝘆𝗲: GRUPO UNOTRES.",Departamento - Venta - Paraguay Asunción Las Lomas (Carmelitas),3.0,3.0,143014005-723,29/06/2025,,Asuncion,,,Guilhem Costa,,,,,,,,,,,,,,,,,,,,,,,,,1.0,97,,,,,
https://www.remax.com.py/es-py/propiedades/terreno/venta/villa-morra/143063159-28,Terreno,,900000 USD,"Esta residencia está ubicada sobre Eusebio Lillo entre Gonzalo Bulnes y Malutín, en el Barrio Villa Morra. A unos 400mts de la Avda. San Martín y 200mts de la Avda. España, zona altamente comercial.
Esta casa combina elegancia con practicidad, renovaciones recientes en sanitarios, pisos e instalaciones eléctricas.

Dimensiones 📐
Superficie del terreno: 903m2
Superficie construida: 767m2

La propiedad cuenta con:
PLANTA BAJA:
- Hall de entrada principal
- Escritorio
- Baño social
- Amplia sala principal con chimenea y comedor
- Estar/recibidor íntimo con chimenea
- Cocina amoblada
- Altillo (puede ser utilizado como oficina, o estar íntimo)
- 1 Habtiación en suite
- Espacio de despensa
- Área de servicio: 2 habitaciones con baño, comedor de servicio.
- Pequeño patio interno

PLANTA ALTA:
- 2 Mastersuite con vestidores, ambas habitaciones con salida al balcón

En la parte posterior de esta propiedad se encuentra:
Jardín con piscina y área con potencial expansión.
PB:
- Amplio quincho climatizado
- Baño social completo
- Pequeño depósito

PA:
- 2 Dependencias amplias que puede ser utilizados como sala de juegos, gimnasio, área de spa
- 1 Baño completo: jacuzzi, sauna húmedo y ducha con hidromasaje

Plan regulador: AR2A

📍Ubicación de la propiedad: https://maps.app.goo.gl/xhuBDeQeQ9Hm3Vbs8?g_st=aw

Consulta hoy mismo para agendar una visita 📲",Terreno - Venta - Paraguay Asunción Villa Morra,,,143063159-28,29/06/2025,,Asuncion,,,Tamara Samudio,,,,,,,,,,,,,,,,,,,,,,,,,1.0,903,,,,,
https://www.remax.com.py/es-py/propiedades/terreno/venta/ycua-sati/pablo-alborno-pablo-alborno/143028065-53,Terreno,,315000 USD,"📢 ¡OPORTUNIDAD ÚNICA DE INVERSIÓN TERRENO YCUA SATI!

📍 Terreno en Esquina de 423,79 m² a solo 1 cuadra de Av. Aviadores del Chaco, en el corazón del eje corporativo de Asunción (Casa a demoler).
🔹 Ubicación privilegiada:
Situado sobre la calle Pablo Alborno, a pasos de puntos estratégicos como:
•     Shopping del Sol (1 cuadra)
•     Paseo La Galería (2 cuadras)
•     Av. Aviadores del Chaco (1 cuadra)
💼 Ideal para desarrollos inmobiliarios, proyectos corporativos o comerciales. Su cercanía a centros empresariales y comerciales lo convierten en una excelente oportunidad para inversionistas.
🏗 Coeficiente de edificabilidad FM2: teniendo un área Edificable de hasta 2.100 metros cuadrados y posibilidad de crecimiento en altura hasta 7 pisos.

📐 Superficie del terreno: 423,79 m² – Terreno en esquina
💰 Precio de inversión: USD 315.000

🔗 Ubicación en Google Maps:
https://maps.app.goo.gl/Gi4DsBcEBNUh9H5h6


📢 ¡OPORTUNIDAD ÚNICA DE INVERSIÓN TERRENO YCUA SATI!

📍 Terreno en Esquina de 423,79 m² a solo 1 cuadra de Av. Aviadores del Chaco, en el corazón del eje corporativo de Asunción (Casa a demoler).
🔹 Ubicación privilegiada:
Situado sobre la calle Pablo Alborno, a pasos de puntos estratégicos como:
•     Shopping del Sol (1 cuadra)
•     Paseo La Galería (2 cuadras)
•     Av. Aviadores del Chaco (1 cuadra)
💼 Ideal para desarrollos inmobiliarios, proyectos corporativos o comerciales. Su cercanía a centros empresariales y comerciales lo convierten en una excelente oportunidad para inversionistas.
🏗 Coeficiente de edificabilidad FM2: teniendo un área Edificable de hasta 2.100 metros cuadrados y posibilidad de crecimiento en altura hasta 7 pisos.

📐 Superficie del terreno: 423,79 m² – Terreno en esquina
💰 Precio de inversión: USD 315.000

🔗 Ubicación en Google Maps:
https://maps.app.goo.gl/Gi4DsBcEBNUh9H5h6",Terreno - Venta - Paraguay Asunción Ycuá Satí,,,143028065-53,29/06/2025,,Asuncion,,,Bianca Barreto,,,,,,,,,,,,,,,,,,,,,,,,,1.0,423,,,,,
https://www.remax.com.py/es-py/propiedades/departamento/venta/las-mercedes/espana-las-mercedes/143063088-12,Departamento,,200000 USD,"✨ 𝗚𝗥𝗘𝗘𝗡 𝗣𝗔𝗥𝗞 - 𝗟𝗔𝗦 𝗠𝗘𝗥𝗖𝗘𝗗𝗘𝗦: 𝗘𝗦𝗣𝗔𝗖𝗜𝗢, 𝗧𝗥𝗔𝗗𝗜𝗖𝗜𝗢́𝗡 𝗬 𝗖𝗢𝗡𝗙𝗢𝗥𝗧 𝗘𝗡 𝗨𝗡 𝗘𝗡𝗧𝗢𝗥𝗡𝗢 𝗥𝗘𝗦𝗜𝗗𝗘𝗡𝗖𝗜𝗔𝗟 ✨

En el tradicional barrio Las Mercedes, te espera un hogar con todo lo que necesitás para vivir con comodidad y tranquilidad. El edificio Green Park, combina infraestructura moderna con el encanto de una zona histórica y residencial.

📍 Ubicado sobre calle España frente a la Embajada Argentina a pasos de colegios como el Internacional de Asunción, San José , Las Teresas y de las oficinas de Itaipú y Yasyretá.

https://maps.app.goo.gl/VcUD5WSXJUqcBB12A

📐 Superficie: 160 m² propios
🛏 3 dormitorios (todos en suite vestidor)
🛋 Amplio estar comedor con salida al balcón
🍽 Cocina amoblada y equipada.
🚽 Baño social
🚗 1 cochera

🛎 Amenidades del edificio:

🌊 Piscina
🍢 Quincho
🛡 Seguridad 24 horas

💰 Precio: USD 200.000

Contactáte para conocer esta oportunidad unica!",Departamento - Venta - Paraguay Asunción Las Mercedes,4.0,3.0,143063088-12,29/06/2025,,Asuncion,,,Santiago Benítez,,,,,,,,,,,,,,,,,,,,,,,,,1.0,160,,,,,
https://www.remax.com.py/es-py/propiedades/terreno/venta/nazareth/143098069-20,Terreno,,435000000 GS,"📣𝗧𝗘𝗥𝗥𝗘𝗡𝗢 𝗘𝗡 𝗘𝗦𝗤𝗨𝗜𝗡𝗔 𝗕𝗔𝗥𝗥𝗜𝗢 𝗡𝗔𝗭𝗔𝗥𝗘𝗧𝗛📣

𝗜𝗗𝗘𝗔𝗟 𝗣𝗔𝗥𝗔 𝗗𝗨́𝗣𝗟𝗘𝗫 𝗢 𝗖𝗛𝗔𝗟𝗘𝗧

Ubicado sobre empedrado, en la mejor Zona del Barrio Nazareth.
A solo 50 metros de la Avda. Médicos del Chaco, 500 metros de la Avda. Eusebio Ayala y 600 metros de Avda. Fndo. de la Mora.
Con casita de 80 m2 a demoler.

📐𝗦𝘂𝗽𝗲𝗿𝗳𝗶𝗰𝗶𝗲 𝘁𝗼𝘁𝗮𝗹: 160 m2
⏹️ 𝗠𝗲𝗱𝗶𝗱𝗮𝘀: 10 m de frente x 16m
💰𝗠𝗼𝗻𝘁𝗼 𝗱𝗲 𝗹𝗮 𝗜𝗻𝘃𝗲𝗿𝘀𝗶𝗼́𝗻: Gs. 435.000.000
📍𝗨𝗯𝗶𝗰𝗮𝗰𝗶𝗼́𝗻: https://maps.app.goo.gl/dWEGR41hDTSZmdDA9",Terreno - Venta - Paraguay Asunción Nazareth,,,143098069-20,29/06/2025,,Asuncion,,,Ana Karina Garcia,,,,,,,,,,,,,,,,,,,,,,,,,1.0,160,,,,,80.0
https://www.remax.com.py/es-py/propiedades/duplex/venta/vista-alegre/143089099-19,Duplex,,180000 USD,"📍 Ubicación privilegiada en esquina, zona residencial y de alta demanda

Descubrí este espectacular dúplex de alta gama con todas las comodidades que buscás para vivir con estilo, confort y seguridad. Ideal para familias o quienes desean invertir en una propiedad con excelente valor y ubicación.

🔹 Distribución y características:
📐 Superficie construida: 231 m² | Terreno: 246 m²

🔸 Planta baja:

Estacionamiento para 4 vehículos

Amplia sala de estar

Cocina amoblada y comedor integrados

Baño social

Área de servicio independiente

Quincho con baño

Piscina privada

🔸 Planta alta:

2 dormitorios con placares, baño compartido

1 habitación en suite con placar y balcón privado

Sala íntima con balcón adicional

🔸 Extras:

Banco de baterías alimentado con energía solar, para ahorro y respaldo

Terraza techada, ideal para reuniones o expansión futura

💵 Precio contado: USD 180.000
📑 Financiación disponible con entrega inicial y saldo a convenir.

📞 ¡Coordiná tu visita y conocé tu próximo hogar!",Duplex - Venta - Paraguay Asunción Vista Alegre,4.0,4.0,143089099-19,29/06/2025,,Asuncion,,,Atilio Aquino,,,,,,,,,,,,,,,,,,,,,,,,,1.0,477,,,,,231.0
https://www.remax.com.py/es-py/propiedades/casa/venta/villa-aurelia/1425-capitan-pedro-villamayor/143098009-642,Casa,,375000 USD,"La propiedad muy funcional cuenta con un
SUBSUELO
- Amplio salón multiuso

PLANTA BAJA
Se divide en frente y fondo
Al frente contamos con una sala amplia , destinada actualmente a un estudio
Baño
Depósito
Al fondo un quincho cubierto con parrilla a nivel de la Planta Baja y abajo dos dormitorios con dos baños

PRIMER PISO
Cocina Comedor
Estar Social con chimenea
Estar intimo
Baño Social
Balcon al frente

SEGUNDO PISO
1 dormitorio en suite con vestidor
2 dormitorios que comparten un baño

TERCER PISO
2 dormitorios en suite

CUARTO PISO
Terraza
Lavadero

PATIO Y GARAGE
Tiene espacio para 8 autos comodamente estacionados
Un quincho con techo de paja
Piscina de 50 m2
Pozo Artesiano
Tanques de Agua

Aire Acondicionado en casi todos los ambientes

La casa tiene ademas el espacio preparado para ascensor y cuenta con 2 accesos de escaleras en cada lado de la propiedad

Esta propiedad es apta para vivienda como para ofic",Casa - Venta - Paraguay Asunción Villa Aurelia,6.0,7.0,143098009-642,29/06/2025,,Asuncion,,,Ingrid Evers,,,,,,,,,,,,,,,,,,,,,,,,,1.0,517,,,,,611.0
https://www.remax.com.py/es-py/propiedades/departamento/venta/ytay/teniente-maximo-caballero-y-cnel-alejo-silva-zona-cit-12min-shopping-del-sol/143028003-177,Departamento,,53000 USD,"Departamento Junior 1 Dormitorio – Piso 10, Zuba Plaza Torre 2

📍 Ubicado en una zona estratégica de Asunción, a solo 2 cuadras del CIT y 12 minutos del Shopping Del Sol, 13min Shopping Pinedo, 13min Aeropuerto Silvio Pettirossi y con vista frontal a la calle Teniente Máximo Caballero. Acceso fácil a Avda. Madame Lynch.

La Torre forma parte de Zuba Plaza, un proyecto de usos mixtos que integra vivienda, trabajo y entretenimiento en un solo lugar. Cuenta con:
- Torre corporativa, banco, minimarket
- Zona comercial y gastronómica
- Coworking y gimnasio
- 3 torres residenciales

Características del departamento:
- 1 Dormitorio
- 1 baño
- 32 m²
- Ideal para Vivienda Moderna o inversión Airbnb

Amenidades del edificio:
- 3 piscinas
- Quinchos climatizados y al aire libre
- Gimnasio al aire libre
- Área de juegos para niños
- 2 Ascensores
- Seguridad 24 hs",Departamento - Venta - Paraguay Asunción Ytay,1.0,1.0,143028003-177,29/06/2025,,Asuncion,,,Liz Schopfer,,,,,,,,,,,,,,,,,,,,,,,,,1.0,32,,,,,
https://www.remax.com.py/es-py/propiedades/local-comercial/venta/pettirossi/143100026-21,Local Comercial,,279000000 GS,"¡Oportunidad única para inversores! Se ofrece en venta un local comercial ubicado en la prestigiosa Galería M4, situada en el corazón de Pettirossi, Asunción, Paraguay. Esta ubicación estratégica garantiza un flujo constante de clientes, ideal para establecer su negocio y maximizar el rendimiento de su inversión.

El local, totalmente construido, cuenta con un área total de 4 metros cuadrados, con dimensiones de lote de 2 por 2 metros cuadrados. Este espacio compacto pero eficiente es perfecto para emprendedores que buscan establecer una tienda minorista, una oficina administrativa, o un punto de servicio en uno de los núcleos comerciales más transitados de la ciudad.

La Galería M4 es conocida por su ambiente dinámico y variada oferta comercial, lo que asegura una clientela diversa y constante. Además, su estructura moderna y bien mantenida proporciona un entorno seguro y atractivo tanto para los comerciantes como para los clientes.

No pierda esta oportunidad de formar parte de un entorno comercial próspero en uno de los barrios más emblemáticos de Asunción. Para más información o para agendar una visita, no dude en contactarnos. Este local comercial es una inversión que promete beneficios a largo plazo. ¡Contáctenos hoy mismo y asegure su lugar en el competitivo mercado de Pettirossi!",Local Comercial - Venta - Paraguay Asunción Pettirossi,,,143100026-21,29/06/2025,,Asuncion,,,Juan Simon,,,,,,,,,,,,,,,,,,,,,,,,,1.0,4,,,,,
https://www.remax.com.py/es-py/propiedades/casa/venta/ita-enramada/choferes-del-chaco-esq-guarani/143063094-223,Casa,,150000 USD,"🏡 ¡Oportunidad en Venta! Amplia Residencia en Ita Enramada - Ideal para Vivienda u Oficina

Ubicada estratégicamente a solo 3 cuadras de la Avda. Perón, sobre calle Choferes del Chaco esq. Guaraní, en el límite entre Asunción y Lambaré.

✨ La propiedad ofrece: ✔ 4 dormitorios en suite (3 con placares empotrados)
✔ Elegante hall de acceso y amplia sala social
✔ Cocina amoblada y comedor independiente
✔ Escritorio o living privado
✔ Área de servicio completa + lavadero
✔ Patio lateral + depósito
✔ Cochera para hasta 4 vehículos

💰 Inversión: USD 150.000
📍 Ver ubicación en Google Maps

📞 ¡Contactanos hoy mismo y agendá tu visita! Esta propiedad tiene todo lo que necesitás para vivir o emprender en una zona clave.",Casa - Venta - Paraguay Asunción Itá Enramada,6.0,5.0,143063094-223,29/06/2025,,Asuncion,,,Aldo Zarza,,,,,,,,,,,,,,,,,,,,,,,,,1.0,421,,,,,308.0
https://www.remax.com.py/es-py/propiedades/terreno/venta/pinoza/143098027-65,Terreno,,120000 USD,"Vendo terreno en el Barrio Pinozá

Características:
* 495m2
* 14x36

Sobre la calle Tte. Alcorta

Precio: 120.000 USD
Ubicación: https://maps.app.goo.gl/ckwDYtp8zPGwFEeq6",Terreno - Venta - Paraguay Asunción Pinoza,,,143098027-65,29/06/2025,,Asuncion,,,Matías Vera,,,,,,,,,,,,,,,,,,,,,,,,,1.0,495,,,,,
https://www.remax.com.py/es-py/propiedades/departamento/venta/mburucuya/avenida-primer-presidente-esquina-auditores-de-la-avenida-primer-presidente-esq/143063102-296,Departamento,,198000 USD,"El edificio Grand Chelsea; ubicado sobre la Avenida Primer Presidente y Auditores de la Guerra del Chaco, ofrece un estilo industrial Neoyorquino que representa el equilibrio entre lo original y lo sofisticado.

El departamento cuenta con doble altura:
Planta alta: sala de estar y baño social
Planta baja: sala cocina comedor intagrada/ cocina amoblada y equipada/ balcon de punta a punta/Dormitorio en suite/dormitorio secundario/baño compartido.

Plan de financiamiento:
Entrega 30% y te mudas a tu departamento
Saldo financiado a 60 meses con una tasa del 8% anual

En Grand Chelsea viví la experiencia del nuevo Brooklyn de Asunción.

Costo de la cochera: 17.000usd

Agenda tu visita hoy mismo",Departamento - Venta - Paraguay Asunción Mburucuyá,3.0,2.0,143063102-296,29/06/2025,,Asuncion,,,Alexandra Lezcano,,,,,,,,,,,,,,,,,,,,,,,,,1.0,110,,,,,
https://www.remax.com.py/es-py/propiedades/terreno/venta/herrera/antolin-irala-sargento-silva/143020086-23,Terreno,,900000000 GS,"TERRENO EN BARRIO HERRERA
Excelente ubicacion en uno de los barrios mas cotizados
a 4 cuadras de la venida santa teresa y a 5 cuadras de la avenida mcal Lopez a 1 cuadra de Mademe Linch
Dimensiones: 14.90 x 25. 23
area total 343..77",Terreno - Venta - Paraguay Asunción Herrera,,,,29/06/2025,,Asuncion,,,David Hermosilla,,,,,,,,,,,,,,,,,,,,,,,,,1.0,343,,,,,
https://www.remax.com.py/es-py/propiedades/departamento/venta/loma-pyta/sgto-tomas-lombardo-25243939023329276-5753851175308228/143014166-30,Departamento,,205000 USD,"🌳🌳 Parque Las Golondrinas - ASUNCION Loma Pyta 🌳🌳 te invita a vivir en un entorno único, combinando la comodidad urbana con la tranquilidad de la naturaleza. A solo 12 minutos del Eje Corporativo de Asunción, este desarrollo inmobiliario ofrece la oportunidad de disfrutar de la paz y el verde sin renunciar a la proximidad de los servicios y comodidades de la ciudad.
🦚🦚 5.000 m2 de superficie bajo árboles añejos y exuberante vegetación, sin tener que alejarte de Asunción 🦚🦚

Departamento de 3 Dormitorios:
✓ 146 m2
✓ Sala - Comedor
✓ 3 Dormitorios (1 en suite)
✓ Placares y AA en cada Dormitorio
✓ 4 Baños equipados
✓ Cocina amoblada con desayunador
✓ Horno, anafe y extractor
✓ Área de Lavado Independiente
💦 Agua Gratis
🛻1 Cochera techada INCLUÍDA

Amenities:
🌳Áreas Verdes
🎉Salón de eventos
🏋🏻‍♀️Gym
🏊🏻‍♀️Piscina
🛤️Circuito de caminatas

Monto de la inversión: USD 205.000

Financiación propia hasta 5 años
Apto para crédito bancario.",Departamento - Venta - Paraguay Asunción Loma Pytá,4.0,3.0,143014166-30,29/06/2025,,Asuncion,,,Margarita Gorzen,,,,,,,,,,,,,,,,,,,,,,,,,1.0,158.50,,,,,
https://www.remax.com.py/es-py/propiedades/departamento/venta/ciudad-nueva/25-de-mayo-esq-rca-francesa-25-de-mayo-esq-rca-francesa/143098054-32,Departamento,,119000 USD,"En venta Departamento de 2 dormitorios con cochera en Fortaleza 25 de mayo✨

💠Comfort | Amplitud | Ubicación
💡El mejor Precio por m2 de la zona

📍Zona cercana a los colegios San José, Colegio Internacional, sanatorios San Roque y Migone, varios locales comerciales y servicios sobre la calle 25 de Mayo, a no mas de 10 minutos de barrios como Villa Morra o el centro de Asunción.

💠Departamento de 2 Dormitorios sumamente versátil destacando sus amplios espacios, el diseño arquitectónico y la técnica constructiva, junto con los detalles de terminaciones y la materialidad seleccionada, lo definen como uno de los edificios mas demandados en la zona.

💠Aᴍᴇɴɪᴛɪᴇs Exᴄʟᴜsɪᴠᴏs
✅ Lobby de ingreso con juego de Living
✅ S.U.M (salón de usos múltiples)
✅ Espacios para hasta 200 personas
✅ Amplia terraza
✅ Piscina con deck🏊🏼
✅ Quincho con parrilla
💠 Vista panorámica a la ciudad🌅
✅Cɪʀᴄᴜɪᴛᴏ ᴄᴇʀʀᴀᴅᴏ, Pᴏʀᴛᴇʀᴏ ᴇʟéᴄᴛʀɪᴄᴏ
✅Sᴇɢᴜʀɪᴅᴀᴅ 24ʜs.👮🏼♂️

💠Tɪᴘᴏʟᴏɢíᴀ ʏ ᴅɪᴍᴇɴsɪᴏɴᴇs📐
❇️Piso 7 | Dpto 7A
❇️2 Dᴏʀᴍɪᴛᴏʀɪᴏs 104 ᴍ2
❇️1 suite
❇️Baño social/ familiar
❇️A.A ᴇɴ ᴛᴏᴅᴏs ʟᴏs ᴀᴍʙɪᴇɴᴛᴇs
❇️Aɴᴀғᴇ ᴅᴇ 4 ʜᴏʀɴᴀʟʟᴀs
❇️Pᴜʀɪғɪᴄᴀᴅᴏʀ
❇️Hᴏʀɴᴏ ᴇʟᴇᴄᴛʀɪᴄᴏ
❇️Mᴜᴇʙʟᴇs ᴅᴇ ᴄᴏᴄɪɴᴀ ʏ ᴘʟᴀᴄᴀʀᴅ ɪɴᴄʟᴜíᴅᴏ
❇️Área de lavado
❇️Cᴏᴄʜᴇʀᴀ 12,5 ᴍ2 🚗piso 1

Increíble precio por m2 ✨
📍Ubicación: https://maps.app.goo.gl/jhPKEuGAGsRo6T2m6
𝙈𝙤𝙣𝙩𝙤 𝙙𝙚 𝙡𝙖 𝙄𝙣𝙫𝙚𝙧𝙨𝙞ó𝙣: 𝙐𝙎𝘿 119.000",Departamento - Venta - Paraguay Asunción Ciudad Nueva,2.0,2.0,143098054-32,29/06/2025,,Asuncion,,,Junior Paredes,,,,,,,,,,,,,,,,,,,,,,,,,1.0,116.50,,,,,104.0
https://www.remax.com.py/es-py/propiedades/terreno/venta/recoleta/143019024-150,Terreno,,410000 USD,"Ubicado sobre Avda. Choferes del Chaco entre Dr. Toribio Pacheco

La propiedad cuenta con 321 m2 Edificados con materiales de primera
-Estacionamiento para 2 vehículos
- Hall de entrada
- Altillo con biblioteca
- Baño Social
- Comedor de invitados
- Sala de Estar
- 4 Dormitorios
- Área de Servicios
- Amplio comedor con cocina integrada

Patio amplio con hermoso jardín que va ampliando el terreno
Piscina
Casa de 100 m2 independiente

OPORTUNIDAD DE INVERSION PARA DESARROLLO INMOBILIARIO
Comercial o residencial

774 m2 de terreno

PLAN REGULADOR
FRANJA MIXTA 2

franja Mixta 2
coeficiente de edificabilidad 5 sobre avenida
Tasa de ocupación máxima: hasta 75% de la superficie del terreno

Ubicación: https://maps.app.goo.gl/KXpXPrGUA1JZiYY57",Terreno - Venta - Paraguay Asunción Recoleta,,,143019024-150,29/06/2025,,Asuncion,,,Rodrigo Melgarejo,,,,,,,,,,,,,,,,,,,,,,,,,1.0,"1,095",,,,,321.0
https://www.remax.com.py/es-py/propiedades/departamento/venta/recoleta/143056061-9,Departamento,,67900 USD,"🏙️ Invicta Recoleta Departamentos en Pozo en la Zona Premium de Asunción

📍 Ubicación estratégica: Mariano Molas casi Dr. Toribio Pacheco Barrio Recoleta
🛍️ A 4 min de los principales shoppings
🍽️ A 2 min de bares y restaurantes
🏦 A 4 min del eje financiero

🛏️ Tipología disponible:

🔷 1 Dormitorio 41 m²
Desde USD 61.800

🧩 Incluye en todas las unidades:
🛋️ Estar-comedor
🍳 Cocina equipada (muebles, anafe, purificador, horno*)
🌬️ Aire acondicionado
🛏️ Placard
🔐 Cerradura biométrica
🛁 Baño completo
🌿 Balcón con vista

(*Horno incluido solo en unidades de 2 dormitorios)

🌟 Amenities pensados para el estilo de vida moderno:

🌇 Sky Garden con vistas panorámicas
🔥 Zona de parrillas con quinchos y livings
🧘♀️ Zona de yoga & relax
🏋️ Calistenia y entrenamiento funcional
💼 Coworking y Garden Office con Wi-Fi al aire libre
🧺 Smart Laundry
🛒 Self-Service Store 24/7 con IA
🚲 Sharing Economy: alquiler de bicis, monopatines y electrodomésticos

💼 Ideal para inversores y profesionales jóvenes
💰 Consulte los planes de Financiación

📍Ubicación: https://maps.app.goo.gl/hZtZ4P7bfC1xVQUt8",Departamento - Venta - Paraguay Asunción Recoleta,1.0,2.0,143056061-9,29/06/2025,,Asuncion,,,Fabián Rolón,,,,,,,,,,,,,,,,,,,,,,,,,1.0,44,,,,,
https://www.remax.com.py/es-py/propiedades/departamento/venta/recoleta/143056061-8,Departamento,,67900 USD,"🏙️ Invicta Recoleta Departamentos en Pozo en la Zona Premium de Asunción

📍 Ubicación estratégica: Mariano Molas casi Dr. Toribio Pacheco Barrio Recoleta
🛍️ A 4 min de los principales shoppings
🍽️ A 2 min de bares y restaurantes
🏦 A 4 min del eje financiero

🛏️ Tipología disponible:

🔷 1 Dormitorio 41 m²
Desde USD 61.800

🧩 Incluye en todas las unidades:
🛋️ Estar-comedor
🍳 Cocina equipada (muebles, anafe, purificador, horno*)
🌬️ Aire acondicionado
🛏️ Placard
🔐 Cerradura biométrica
🛁 Baño completo
🌿 Balcón con vista

(*Horno incluido solo en unidades de 2 dormitorios)

🌟 Amenities pensados para el estilo de vida moderno:

🌇 Sky Garden con vistas panorámicas
🔥 Zona de parrillas con quinchos y livings
🧘♀️ Zona de yoga & relax
🏋️ Calistenia y entrenamiento funcional
💼 Coworking y Garden Office con Wi-Fi al aire libre
🧺 Smart Laundry
🛒 Self-Service Store 24/7 con IA
🚲 Sharing Economy: alquiler de bicis, monopatines y electrodomésticos

💼 Ideal para inversores y profesionales jóvenes
💰 Consulte los planes de Financiación

📍Ubicación: https://maps.app.goo.gl/hZtZ4P7bfC1xVQUt8",Departamento - Venta - Paraguay Asunción Recoleta,1.0,2.0,143056061-8,29/06/2025,,Asuncion,,,Fabián Rolón,,,,,,,,,,,,,,,,,,,,,,,,,1.0,44,,,,,
https://www.remax.com.py/es-py/propiedades/departamento/venta/recoleta/143056061-7,Departamento,,61800 USD,"🏙️ Invicta Recoleta Departamentos en Pozo en la Zona Premium de Asunción

📍 Ubicación estratégica: Mariano Molas casi Dr. Toribio Pacheco Barrio Recoleta
🛍️ A 4 min de los principales shoppings
🍽️ A 2 min de bares y restaurantes
🏦 A 4 min del eje financiero

🛏️ Tipología disponible:

🔷 1 Dormitorio 41 m²
Desde USD 61.800

🧩 Incluye en todas las unidades:
🛋️ Estar-comedor
🍳 Cocina equipada (muebles, anafe, purificador, horno*)
🌬️ Aire acondicionado
🛏️ Placard
🔐 Cerradura biométrica
🛁 Baño completo
🌿 Balcón con vista

(*Horno incluido solo en unidades de 2 dormitorios)

🌟 Amenities pensados para el estilo de vida moderno:

🌇 Sky Garden con vistas panorámicas
🔥 Zona de parrillas con quinchos y livings
🧘♀️ Zona de yoga & relax
🏋️ Calistenia y entrenamiento funcional
💼 Coworking y Garden Office con Wi-Fi al aire libre
🧺 Smart Laundry
🛒 Self-Service Store 24/7 con IA
🚲 Sharing Economy: alquiler de bicis, monopatines y electrodomésticos

💼 Ideal para inversores y profesionales jóvenes
💰 Consulte los planes de Financiación

📍Ubicación: https://maps.app.goo.gl/hZtZ4P7bfC1xVQUt8",Departamento - Venta - Paraguay Asunción Recoleta,1.0,2.0,143056061-7,29/06/2025,,Asuncion,,,Fabián Rolón,,,,,,,,,,,,,,,,,,,,,,,,,1.0,41,,,,,
https://www.remax.com.py/es-py/propiedades/departamento/venta/recoleta/143056061-6,Departamento,,119900 USD,"🏙️ Invicta Recoleta Departamentos en Pozo en la Zona Premium de Asunción

📍 Ubicación estratégica: Mariano Molas casi Dr. Toribio Pacheco Barrio Recoleta
🛍️ A 4 min de los principales shoppings
🍽️ A 2 min de bares y restaurantes
🏦 A 4 min del eje financiero

🛏️ Tipología disponible:

🔷 2 Dormitorios 65 m² (con 2 cocheras incluida)
USD 117.900

🧩 Incluye en todas las unidades:
🛋️ Estar-comedor
🍳 Cocina equipada (muebles, anafe, purificador, horno*)
🌬️ Aire acondicionado
🛏️ Placard
🔐 Cerradura biométrica
🛁 Baño completo
🌿 Balcón con vista

(*Horno incluido solo en unidades de 2 dormitorios)

🌟 Amenities pensados para el estilo de vida moderno:

🌇 Sky Garden con vistas panorámicas
🔥 Zona de parrillas con quinchos y livings
🧘♀️ Zona de yoga & relax
🏋️ Calistenia y entrenamiento funcional
💼 Coworking y Garden Office con Wi-Fi al aire libre
🧺 Smart Laundry
🛒 Self-Service Store 24/7 con IA
🚲 Sharing Economy: alquiler de bicis, monopatines y electrodomésticos

💼 Ideal para inversores y profesionales jóvenes
💰 Consulte los planes de Financiación

📍Ubicación: https://maps.app.goo.gl/hZtZ4P7bfC1xVQUt8",Departamento - Venta - Paraguay Asunción Recoleta,1.0,2.0,143056061-6,29/06/2025,,Asuncion,,,Fabián Rolón,,,,,,,,,,,,,,,,,,,,,,,,,1.0,90,,,,,
https://www.remax.com.py/es-py/propiedades/departamento/venta/recoleta/143056061-5,Departamento,,99800 USD,"🏙️ Invicta Recoleta Departamentos en Pozo en la Zona Premium de Asunción

📍 Ubicación estratégica: Mariano Molas casi Dr. Toribio Pacheco Barrio Recoleta
🛍️ A 4 min de los principales shoppings
🍽️ A 2 min de bares y restaurantes
🏦 A 4 min del eje financiero

🛏️ Tipología disponible:

🔷 2 Dormitorios 65 m² (con cochera incluida)
USD 99.800

🧩 Incluye en todas las unidades:
🛋️ Estar-comedor
🍳 Cocina equipada (muebles, anafe, purificador, horno*)
🌬️ Aire acondicionado
🛏️ Placard
🔐 Cerradura biométrica
🛁 Baño completo
🌿 Balcón con vista

(*Horno incluido solo en unidades de 2 dormitorios)

🌟 Amenities pensados para el estilo de vida moderno:

🌇 Sky Garden con vistas panorámicas
🔥 Zona de parrillas con quinchos y livings
🧘♀️ Zona de yoga & relax
🏋️ Calistenia y entrenamiento funcional
💼 Coworking y Garden Office con Wi-Fi al aire libre
🧺 Smart Laundry
🛒 Self-Service Store 24/7 con IA
🚲 Sharing Economy: alquiler de bicis, monopatines y electrodomésticos

💼 Ideal para inversores y profesionales jóvenes
💰 Consulte los planes de Financiación

📍Ubicación: https://maps.app.goo.gl/hZtZ4P7bfC1xVQUt8",Departamento - Venta - Paraguay Asunción Recoleta,1.0,2.0,143056061-5,29/06/2025,,Asuncion,,,Fabián Rolón,,,,,,,,,,,,,,,,,,,,,,,,,1.0,77.50,,,,,
https://www.remax.com.py/es-py/propiedades/departamento/venta/recoleta/143056061-4,Departamento,,97800 USD,"🏙️ Invicta Recoleta Departamentos en Pozo en la Zona Premium de Asunción

📍 Ubicación estratégica: Mariano Molas casi Dr. Toribio Pacheco Barrio Recoleta
🛍️ A 4 min de los principales shoppings
🍽️ A 2 min de bares y restaurantes
🏦 A 4 min del eje financiero

🛏️ Tipología disponible:

🔷 2 Dormitorios 65 m² (con cochera incluida)
USD 97.800

🧩 Incluye en todas las unidades:
🛋️ Estar-comedor
🍳 Cocina equipada (muebles, anafe, purificador, horno*)
🌬️ Aire acondicionado
🛏️ Placard
🔐 Cerradura biométrica
🛁 Baño completo
🌿 Balcón con vista

(*Horno incluido solo en unidades de 2 dormitorios)

🌟 Amenities pensados para el estilo de vida moderno:

🌇 Sky Garden con vistas panorámicas
🔥 Zona de parrillas con quinchos y livings
🧘♀️ Zona de yoga & relax
🏋️ Calistenia y entrenamiento funcional
💼 Coworking y Garden Office con Wi-Fi al aire libre
🧺 Smart Laundry
🛒 Self-Service Store 24/7 con IA
🚲 Sharing Economy: alquiler de bicis, monopatines y electrodomésticos

💼 Ideal para inversores y profesionales jóvenes
💰 Consulte los planes de Financiación

📍Ubicación: https://maps.app.goo.gl/hZtZ4P7bfC1xVQUt8",Departamento - Venta - Paraguay Asunción Recoleta,1.0,2.0,143056061-4,29/06/2025,,Asuncion,,,Fabián Rolón,,,,,,,,,,,,,,,,,,,,,,,,,1.0,77.50,,,,,
https://www.remax.com.py/es-py/propiedades/departamento/venta/recoleta/143056061-3,Departamento,,95400 USD,"🏙️ Invicta Recoleta Departamentos en Pozo en la Zona Premium de Asunción

📍 Ubicación estratégica: Mariano Molas casi Dr. Toribio Pacheco Barrio Recoleta
🛍️ A 4 min de los principales shoppings
🍽️ A 2 min de bares y restaurantes
🏦 A 4 min del eje financiero

🛏️ Tipología disponible:

🔷 2 Dormitorios 65 m² (con cochera incluida)
USD 95.400

🧩 Incluye en todas las unidades:
🛋️ Estar-comedor
🍳 Cocina equipada (muebles, anafe, purificador, horno*)
🌬️ Aire acondicionado
🛏️ Placard
🔐 Cerradura biométrica
🛁 Baño completo
🌿 Balcón con vista

(*Horno incluido solo en unidades de 2 dormitorios)

🌟 Amenities pensados para el estilo de vida moderno:

🌇 Sky Garden con vistas panorámicas
🔥 Zona de parrillas con quinchos y livings
🧘♀️ Zona de yoga & relax
🏋️ Calistenia y entrenamiento funcional
💼 Coworking y Garden Office con Wi-Fi al aire libre
🧺 Smart Laundry
🛒 Self-Service Store 24/7 con IA
🚲 Sharing Economy: alquiler de bicis, monopatines y electrodomésticos

💼 Ideal para inversores y profesionales jóvenes
💰 Consulte los planes de Financiación

📍Ubicación: https://maps.app.goo.gl/hZtZ4P7bfC1xVQUt8",Departamento - Venta - Paraguay Asunción Recoleta,1.0,2.0,143056061-3,29/06/2025,,Asuncion,,,Fabián Rolón,,,,,,,,,,,,,,,,,,,,,,,,,1.0,77.50,,,,,
https://www.remax.com.py/es-py/propiedades/departamento/venta/las-mercedes/juan-de-salazar-entre-washington-y-padre-cardozo-juan-de-salazar-entre-washington-y-padre-cardozo/143063090-60,Sin Tipo,,200000 USD,"BOSTON 842

Departamentos modernos de 1, 2 y 3 dormitorios (TIPO DÚPLEX)

Diseño industrial contemporáneo
Ambientes funcionales, cómodos y flexibles
Tipologías amplias: hasta 197 m² propios
Dúplex con área de servicio, parrilla y balcones con vista

Rodeado de cafés, restaurantes, universidades, sanatorios y clubes deportivos.
Ubicación privilegiada: Juan de Salazar, entre Washington y Padre Cardozo, en el corazón del barrio Las Mercedes
A 5 minutos del centro y 10 minutos del nuevo eje corporativo de Asunción.

Amenities premium en rooftop y terrazas:

Piscina
Rooftop grill y quinchos climatizados
Bar lounge
Gimnasio
Sala de juegos
Sauna y meeting room

TIPOLOGÍA 2D + SERVICIO = 121,96m2
VISTA FRENTE: Juan de Salazar

PISO 2A: USD 200.000
PISO 4A: USD 203.000
PISO 5A: USD 204.000

COCHERA: USD 20.000
BAULERA: USD 5.000

OBS: IMÁGENES DE LA UNIDAD MODELO

Ubicación: https://maps.app.goo.gl/4guBA4wK6ZeyhpEB6

Entrega SETIEMBRE 2025
Consulta HOY mismo los planes de financiación",Departamento - Venta - Paraguay Asunción Las Mercedes,2.0,2.0,143063090-60,29/06/2025,,Asuncion,,,Noelia Gimenez,,,,,,,,,,,,,,,,,,,,,,,,,1.0,121.96,,,,,
https://www.remax.com.py/es-py/propiedades/departamento/venta/las-mercedes/juan-de-salazar-entre-washington-y-padre-cardozo-juan-de-salazar-entre-washington-y-padre-cardozo/143063090-59,Departamento,,195000 USD,"BOSTON 842

Departamentos modernos de 1, 2 y 3 dormitorios (TIPO DÚPLEX)

Diseño industrial contemporáneo
Ambientes funcionales, cómodos y flexibles
Tipologías amplias: hasta 197 m² propios
Dúplex con área de servicio, parrilla y balcones con vista

Rodeado de cafés, restaurantes, universidades, sanatorios y clubes deportivos.
Ubicación privilegiada: Juan de Salazar, entre Washington y Padre Cardozo, en el corazón del barrio Las Mercedes
A 5 minutos del centro y 10 minutos del nuevo eje corporativo de Asunción.

Amenities premium en rooftop y terrazas:

Piscina
Rooftop grill y quinchos climatizados
Bar lounge
Gimnasio
Sala de juegos
Sauna y meeting room

TIPOLOGÍA 2D SIN SERVICIO = 121,96m2
VISTA FRENTE: Juan de Salazar
PISO 1A: USD 195.000

COCHERA: USD 20.000
BAULERA: USD 5.000

OBS: IMÁGENES DE LA UNIDAD MODELO

Ubicación: https://maps.app.goo.gl/4guBA4wK6ZeyhpEB6

Entrega SETIEMBRE 2025
Consulta HOY mismo los planes de financiación",Departamento - Venta - Paraguay Asunción Las Mercedes,2.0,2.0,143063090-59,29/06/2025,,Asuncion,,,Noelia Gimenez,,,,,,,,,,,,,,,,,,,,,,,,,1.0,121.96,,,,,
https://www.remax.com.py/es-py/propiedades/departamento/venta/sajonia/juan-de-garay-juan-de-garay/143038011-374,Departamento,,110000 USD,"Vendo departamento a una cuadra de la Avda. Carlos Antonio López con todos los servicios en puerta
El mismo se encuentra en el piso 14

Cuenta con
▪️ Living | Comedor integrados
▪️ Cocina amoblada Achón con extractor
▪️ Espacio para lavarropas
▪️ 2 Dormitorios uno en suite con placares y A/A
▪️ 1 Baño familiar con Termo calefón
▪️ Piso 142 cocheras

🔝Amenities:
• Hall de entrada
• 2 ascensores
• Escalera de emergencia
• Circuito cerrado y portero eléctrico
• Generador propio
• Playroom
• Amplia Terraza con Vista 360°
• 2 quinchos con parrilla y baños sexados",Departamento - Venta - Paraguay Asunción Sajonia,2.0,2.0,143038011-374,29/06/2025,,Asuncion,,,Celeste Mastropasqua,,,,,,,,,,,,,,,,,,,,,,,,,1.0,72,,,,,
https://www.remax.com.py/es-py/propiedades/terreno/venta/las-lomas-carmelitas/143075127-78,Terreno,,260000 USD,"Terreno de 429m2 en inmejorable ubicación, a 100m de la Avda. San Martín, 250m de la Avda. Molas López, 500m de Casa Rica, 500m del BCP, 500m del Shopping Del Sol.

ZONA DE REGULACION: AR2A

¡Oportunidad única, con el mejor precio de la zona!

Ubicación: https://maps.app.goo.gl/oUH7rbMG98UjhdnFA

Inversión: USD 260.000

Agenda una visita con tu agente de confianza!",Terreno - Venta - Paraguay Asunción Las Lomas (Carmelitas),,,143075127-78,29/06/2025,,Asuncion,,,Oswin Storrer,,,,,,,,,,,,,,,,,,,,,,,,,1.0,429.82,,,,,59.0
https://www.remax.com.py/es-py/propiedades/departamento/venta/sajonia/delfin-chamorro/143025116-44,Departamento,,280000000 GS,"Departamento en Venta Edificio Península 1, Sajonia

Ubicado en el cuarto piso del moderno Edificio Península 1, este acogedor departamento de 1 dormitorio combina comodidad, funcionalidad y una ubicación privilegiada en el tradicional barrio de Sajonia.

La propiedad cuenta con:

1 dormitorio amplio, con excelente iluminación natural y placard empotrado.

1 baño moderno, con terminaciones de calidad

Cocina funcional, equipada con muebles bajo mesada y alacena

Sala-comedor integrados, ideales para reuniones o momentos de descanso

Quincho compartido, perfecto para disfrutar de asados y reuniones al aire libre.

Ubicado a pocos metros del Parque Carlos Antonio López, ideal para caminatas y actividades al aire libre, y muy cerca del Estadio Defensores del Chaco, lo que lo convierte en una opción excelente tanto para vivir como para invertir. Además, cuenta con fácil acceso al centro de Asunción y a zonas clave de la ciudad

Ubicación: https://maps.app.goo.gl/Ybwxzbm8XFaBsu2R9",Departamento - Venta - Paraguay Asunción Sajonia,1.0,1.0,143025116-44,29/06/2025,,Asuncion,,,Veronica Piris,,,,,,,,,,,,,,,,,,,,,,,,,1.0,48,,,,,
https://www.remax.com.py/es-py/propiedades/departamento/venta/ytay/tte-maximo-caballero-tte-maximo-caballero/143063187-39,Departamento,,115000 USD,"TRINITY TOWERS 3

Situado en una de las zonas de mayor desarrollo de la Capital. A pasos de los principales accesos, zonas de entretenimiento y barrios más exclusivos de Asunción.
TRINITY TOWERS 3 se encuentra estratégicamente ubicado, con accesos rápidos al Eje Corporativo, Centro y principales ciudades de Gran Asunción.

FINANCIACION PROPIA HASTA 5 AÑOS CON ENTREGA DEL 20%

Tipologia:
-     Familiar A: 75.35m2
Piso 4 - Nivel 6
2 Habitaciones y 2 baños.

Equipamiento:
-     Muebles de cocina ACHON
-     Horno
-     Anafe
-     Purificador
-     AA
-     Placares
-     Parrilla

Áreas sociales y comunes
     Recepción amplia y moderna
     Terraza con vista panorámica
      Piscina con vista panorámica
     Deck y áreas de descanso
     Quincho climatizado con parrilla
     Gimnasio

Áreas comerciales y de servicios:
     Biggie Express
     Lavandería
     Estacionamiento para visitantes
     Farmacia

INVERSION: 115.000 USD

Cochera: USD 12.500
Baulera: USD 4.000

Ubicación: https://maps.app.goo.gl/MYhAX8zBESszjNnu6",Departamento - Venta - Paraguay Asunción Ytay,2.0,2.0,143063187-39,29/06/2025,,Asuncion,,,Clara Sosa,,,,,,,,,,,,,,,,,,,,,,,,,1.0,75,,,,,
https://www.remax.com.py/es-py/propiedades/departamento/venta/villa-morra/gral-eduardo-torreani-viera-gral-eduardo-torreani-viera/143063187-38,Departamento,,153000 USD,"ULTIMA UNIDAD A ESTRENAR DE 2 DORMITORIOS

MARQUIS está ubicado en el corazón de Villa Morra.
Cuenta con 13 pisos de departamentos y 5 niveles de cocheras.
Amenities en 2 niveles para disfrutar de una espectacular vista a toda la ciudad.
Departamentos con estilo y calidad en las terminaciones.

TIPOLOGÍA:
-Familiar D: 82.23m2
2 Dormitorios y 2 Baños


Inversión: USD 153.000

Cochera: USD 13.500

FINANCIACION PROPIA HASTA 5 AÑOS CON ENTREGA INICIAL DE 30% Y REFUERZOS.

EQUIPAMIENTO:
-Muebles de cocina ACHON,
-Horno,
-Anafe,
-Purificador,
-AA,
-Placares y
-Parrilla.

AMENITIES
-Gimnasio
-Piscina
-Quincho climatizado
-Laundry

Ubicación: https://maps.app.goo.gl/xKTcKEXcFvsKtLHh7",Departamento - Venta - Paraguay Asunción Villa Morra,2.0,2.0,143063187-38,29/06/2025,,Asuncion,,,Clara Sosa,,,,,,,,,,,,,,,,,,,,,,,,,1.0,82,,,,,
https://www.remax.com.py/es-py/propiedades/departamento/venta/ytay/tte-maximo-caballero-tte-maximo-caballero/143063187-37,Departamento,,113000 USD,"TRINITY TOWERS 3

Situado en una de las zonas de mayor desarrollo de la Capital. A pasos de los principales accesos, zonas de entretenimiento y barrios más exclusivos de Asunción.
TRINITY TOWERS 3 se encuentra estratégicamente ubicado, con accesos rápidos al Eje Corporativo, Centro y principales ciudades de Gran Asunción.

FINANCIACION PROPIA HASTA 5 AÑOS CON ENTREGA DEL 20%

Tipologia:
-     Familiar A: 75.35m2
Piso 2 - Nivel 4
2 Habitaciones y 2 baños.

Equipamiento:
-     Muebles de cocina ACHON
-     Horno
-     Anafe
-     Purificador
-     AA
-     Placares
-     Parrilla

Áreas sociales y comunes
     Recepción amplia y moderna
     Terraza con vista panorámica
      Piscina con vista panorámica
     Deck y áreas de descanso
     Quincho climatizado con parrilla
     Gimnasio

Áreas comerciales y de servicios:
     Biggie Express
     Lavandería
     Estacionamiento para visitantes
     Farmacia

INVERSION: 113.000 USD

Cochera: USD 12.500
Baulera: USD 4.000

Ubicación: https://maps.app.goo.gl/MYhAX8zBESszjNnu6",Departamento - Venta - Paraguay Asunción Ytay,2.0,2.0,143063187-37,29/06/2025,,Asuncion,,,Clara Sosa,,,,,,,,,,,,,,,,,,,,,,,,,1.0,75,,,,,
https://www.remax.com.py/es-py/propiedades/departamento/venta/ytay/tte-maximo-caballero-tte-maximo-caballero/143063187-36,Departamento,,99000 USD,"TRINITY TOWERS 3

Situado en una de las zonas de mayor desarrollo de la Capital. A pasos de los principales accesos, zonas de entretenimiento y barrios más exclusivos de Asunción.
TRINITY TOWERS 3 se encuentra estratégicamente ubicado, con accesos rápidos al Eje Corporativo, Centro y principales ciudades de Gran Asunción.


FINANCIACION PROPIA HASTA 5 AÑOS CON ENTREGA DEL 20%


Precios desde: USD 99.000
Cochera: USD 12.500
Baulera: USD 4.000

Tipologia:
-     Funcional C: 62.30m2
PISO 7

Equipamiento:
-     Muebles de cocina ACHON
-     Horno
-     Anafe
-     Purificador
-     AA
-     Placares
-     Parrilla

Áreas sociales y comunes
     Recepción amplia y moderna
     Terraza con vista panorámica
      Piscina con vista panorámica
     Deck y áreas de descanso
     Quincho climatizado con parrilla
     Gimnasio

Áreas comerciales y de servicios:
     Biggie Express
     Lavandería
     Estacionamiento para visitantes
     Farmacia

Ubicación: https://maps.app.goo.gl/MYhAX8zBESszjNnu6",Departamento - Venta - Paraguay Asunción Ytay,2.0,2.0,143063187-36,29/06/2025,,Asuncion,,,Clara Sosa,,,,,,,,,,,,,,,,,,,,,,,,,1.0,62,,,,,
https://www.remax.com.py/es-py/propiedades/departamento/venta/mburucuya/avda-santisima-trinidad-c-congreso-de-colombia-avda-santisima-trinidad-c-congreso-de-colombia/143063090-58,Departamento,,612000 USD,"DEPARTAMENTO TIPO DÚPLEX 4 DORMITORIOS EN SUITE + ÁREA DE SERVICIO = 278,45m2

THE ADDRESS, un edificio que se rige con perfecta armonía en su evolución hacia el cielo.
Un edificio de arquitectura vanguardista con residencias diseñadas para quienes valoran el confort, el diseño y el estilo de vida.
Cada espacio de este proyecto crea historias que invitan al disfrute pleno de la vida.

TIPOLOGÍA DÚPLEX B: 4 DORMITORIOS EN SUITE+ ÁREA DE SERVICIO COMPLETA = 278,45m2 de DEPARTAMENTO

PISO 21 Y 22: USD 612.000

COCHERA: USD 25.000
BAULERA: USD 5.000

4 dormitorios en SUITE completamente equipados y amoblados
Área de servicio completa
Acceso de servicio independiente
Palier recibidor PRIVADO por ambas plantas
Amplio living comedor
Cocina equipada con todos los muebles, mesadas y electrodomésticos de marcas premium
Lavadero equipado con muebles y mesada
Terraza con parrilla

AMENITIES:
Generador con cobertura del 100% para todo el edificio
Piscina
2 Parrilleros
Sala de niños
Sala de recreación
Sala de juegos de mesa
Terraza
Estacionamiento para visitantes
Gimnasio, Sauna, Pilates
Sala de coworking

Ubicado sobre una de las más importantes y exclusivas avenidas de Asunción: Santísima Trinidad, la cual ademas se define como uno de los ejes principales de nuestra ciudad.

Ubicación: https://maps.app.goo.gl/eZmeynyf4CKTNuuf8

Entrega DICIEMBRE 2025
Consulta HOY mismo los planes de financiación.",Departamento - Venta - Paraguay Asunción Mburucuyá,5.0,5.0,143063090-58,29/06/2025,,Asuncion,,,Noelia Gimenez,,,,,,,,,,,,,,,,,,,,,,,,,1.0,278.45,,,,,
https://www.remax.com.py/es-py/propiedades/departamento/venta/mburucuya/avda-santisima-trinidad-c-congreso-de-colombia-avda-santisima-trinidad-c-congreso-de-colombia/143063090-57,Departamento,,647000 USD,"DEPARTAMENTO TIPO DÚPLEX 4 DORMITORIOS EN SUITE + ÁREA DE SERVICIO = 294,14m2

THE ADDRESS, un edificio que se rige con perfecta armonía en su evolución hacia el cielo.
Un edificio de arquitectura vanguardista con residencias diseñadas para quienes valoran el confort, el diseño y el estilo de vida.
Cada espacio de este proyecto crea historias que invitan al disfrute pleno de la vida.

TIPOLOGÍA DÚPLEX A: 4 DORMITORIOS EN SUITE+ ÁREA DE SERVICIO COMPLETA = 294,14m2 de DEPARTAMENTO

PISO 21 Y 22: USD 647.000
PISO 23 Y 24: USD 650.000
COCHERA: USD 25.000
BAULERA: USD 5.000

4 dormitorios en SUITE completamente equipados y amoblados
Área de servicio completa
Acceso de servicio independiente
Palier recibidor PRIVADO
Amplio living comedor
Cocina equipada con todos los muebles, mesadas y electrodomésticos de marcas premium
Lavadero equipado con muebles y mesada
Terraza con parrilla

AMENITIES:
Generador con cobertura del 100% para todo el edificio
Piscina
2 Parrilleros
Sala de niños
Sala de recreación
Sala de juegos de mesa
Terraza
Estacionamiento para visitantes
Gimnasio, Sauna, Pilates
Sala de coworking

Ubicado sobre una de las más importantes y exclusivas avenidas de Asunción: Santísima Trinidad, la cual ademas se define como uno de los ejes principales de nuestra ciudad.

Ubicación: https://maps.app.goo.gl/eZmeynyf4CKTNuuf8

Entrega DICIEMBRE 2025
Consulta HOY mismo los planes de financiación.",Departamento - Venta - Paraguay Asunción Mburucuyá,5.0,5.0,143063090-57,29/06/2025,,Asuncion,,,Noelia Gimenez,,,,,,,,,,,,,,,,,,,,,,,,,1.0,294.14,,,,,
https://www.remax.com.py/es-py/propiedades/departamento/venta/ycua-sati/victor-haedo-casi-tte-primero-velazco/143054107-14,Departamento,,140000 USD,"EN VENTA DEPARTAMENTO EN EDIFICIO MURANO
3er Piso zona Goethe Ycua Sati
124 m 2
Cuenta con :
1 dormitorio en suite
1 oficina con A.A ( puede ser utilizado como habitación)
Baño social
Cocina amoblada
Sala comedor con A.A
Balcón con parrilla
1 Cochera y baulera
Amenities
Se Aceptan Mascotas
Listo a transferir
Inversión: USD 140.000 .
Actualmente cuenta con renta activa de 3.800.000
https://maps.app.goo.gl/nx3oETGAxoakcU4L9",Departamento - Venta - Paraguay Asunción Ycuá Satí,2.0,2.0,143054107-14,29/06/2025,,Asuncion,,,Carolina Mazacote,,,,,,,,,,,,,,,,,,,,,,,,,1.0,124,,,,,
https://www.remax.com.py/es-py/propiedades/departamento/venta/ycua-sati/143056031-625,Departamento,,50000 USD,"VENDO DEPARTAMENTO EN PIACENZA YCUA SATI

Con una ubicación privilegiada en la zona mas comercial del país y con todas las comodidades!

Características:

°Piso 3, Tipología B
°Monoambiente.
°1 baño
°Balcón
°Cochera
°25 m2 propios

Amenities:

Piscina
Jacuzzi
Co Working
Deck solarium
Laundry
Quincho climatizado y al aire libre
Gym

💲Precio: 50.000 USD
📍Piacenza Ycua Sati",Departamento - Venta - Paraguay Asunción Ycuá Satí,1.0,1.0,143056031-625,29/06/2025,,Asuncion,,,Guadalupe Villoslada,,,,,,,,,,,,,,,,,,,,,,,,,1.0,25,,,,,
https://www.remax.com.py/es-py/propiedades/departamento/venta/villa-morra/143025033-439,Departamento,,346000 USD,"Departamento de 3 dormitorios de 206 m2 Propios

TIPOLOGÍA D
Precio de lista: $ 346.000
Cocheras: $ 15.000

- 3 Dormitorios en suite
- Baño social
- Mueble para guardado de blanquearía
- Cocina no integrada con isla desayunador, lugar para lavavajillas
- Área de servicio en suite con entrada independiente
- Lavadero
- Depósito

AMENITIES:
- Jardín
- Piscina
- Parrillero
- Sala de eventos
- Gimnasio
- Sauna Sexada
- Porteria 24 horas
- Generador",Departamento - Venta - Paraguay Asunción Villa Morra,3.0,3.0,143025033-439,29/06/2025,,Asuncion,,,Carolina Vega,,,,,,,,,,,,,,,,,,,,,,,,,1.0,206,,,,,
https://www.remax.com.py/es-py/propiedades/departamento/venta/mburucuya/avda-santisima-trinidad-c-congreso-de-colombia-avda-santisima-trinidad-c-congreso-de-colombia/143063090-56,Departamento,,568355 USD,"DEPARTAMENTO DE 3D + ÁREA DE SERVICIO - 272,88m2

THE ADDRESS, un edificio que se rige con perfecta armonía en su evolución hacia el cielo.
Un edificio de arquitectura vanguardista con residencias diseñadas para quienes valoran el confort, el diseño y el estilo de vida.
Cada espacio de este proyecto crea historias que invitan al disfrute pleno de la vida.

TIPOLOGÍA SEMIPISO A: 3 DORMITORIOS + ÁREA DE SERVICIO COMPLETA = 272,88m2 de DEPARTAMENTO
PISO 7A: USD 568.355 - UNIDAD AMOBLADA / MODELO

PISO 12A: USD 565.000
PISO 13A: USD 575.000
PISO 14A: USD 585.000
PISO 15A: USD 595.000
PISO 16A: USD 605.000
PISO 17A: USD 610.000
COCHERA: USD 25.000
BAULERA: USD 5.000

3 dormitorios en SUITE completamente equipados y amoblados
Área de servicio completa
Acceso de servicio independiente
Palier recibidor PRIVADO
Amplio living comedor
Cocina equipada con todos los muebles, mesadas y electrodomésticos de marcas premium
Lavadero equipado con muebles y mesada
Terraza con parrilla

AMENITIES:
Generador con cobertura del 100% para todo el edificio
Piscina
2 Parrilleros
Sala de niños
Sala de recreación
Sala de juegos de mesa
Terraza
Estacionamiento para visitantes
Gimnasio, Sauna, Pilates
Sala de coworking

Ubicado sobre una de las más importantes y exclusivas avenidas de Asunción: Santísima Trinidad, la cual ademas se define como uno de los ejes principales de nuestra ciudad.

Ubicación: https://maps.app.goo.gl/eZmeynyf4CKTNuuf8

Entrega DICIEMBRE 2025
Consulta HOY mismo los planes de financiación.",Departamento - Venta - Paraguay Asunción Mburucuyá,5.0,4.0,143063090-56,29/06/2025,,Asuncion,,,Noelia Gimenez,,,,,,,,,,,,,,,,,,,,,,,,,1.0,272.88,,,,,
https://www.remax.com.py/es-py/propiedades/departamento/venta/mburucuya/avda-santisima-trinidad-c-congreso-de-colombia-avda-santisima-trinidad-c-congreso-de-colombia/143063090-54,Departamento,,322858 USD,"DEPARTAMENTO DE 3D + ÁREA DE SERVICIO - 160,08m2

THE ADDRESS, un edificio que se rige con perfecta armonía en su evolución hacia el cielo.
Un edificio de arquitectura vanguardista con residencias diseñadas para quienes valoran el confort, el diseño y el estilo de vida.
Cada espacio de este proyecto crea historias que invitan al disfrute pleno de la vida.

TIPOLOGÍA D: 3 DORMITORIOS + ÁREA DE SERVICIO 160,08m2 de DEPARTAMENTO
PISO 7D: USD 322.858 - UNIDAD AMOBLADA / MODELO

PISO 8D: USD 299.000
PISO 9D: USD 305.000
PISO 13D: USD 324.000
COCHERA: USD 25.000
BAULERA: USD 5.000

3 dormitorios en SUITE completamente equipados
Área de servicio completa
Acceso de servicio independiente
Palier SEMIPRIVADO
Amplio living comedor
Cocina equipada con todos los muebles, mesadas y electrodomésticos de marcas premium
Lavadero equipado con muebles y mesada
Terraza con parrilla

AMENITIES:
Generador con cobertura del 100% para todo el edificio
Piscina
2 Parrilleros
Sala de niños
Sala de recreación
Sala de juegos de mesa
Terraza
Estacionamiento para visitantes
Gimnasio, Sauna, Pilates
Sala de coworking

Ubicado sobre una de las más importantes y exclusivas avenidas de Asunción: Santísima Trinidad, la cual ademas se define como uno de los ejes principales de nuestra ciudad.

Ubicación: https://maps.app.goo.gl/eZmeynyf4CKTNuuf8

Entrega DICIEMBRE 2025
Consulta HOY mismo los planes de financiación.",Departamento - Venta - Paraguay Asunción Mburucuyá,4.0,4.0,143063090-54,29/06/2025,,Asuncion,,,Noelia Gimenez,,,,,,,,,,,,,,,,,,,,,,,,,1.0,160,,,,,
https://www.remax.com.py/es-py/propiedades/departamento/venta/recoleta/143063147-84,Departamento,,441600000 GS,"Con su diseño distintivo de 11 departamentos por planta, Filum Recoleta ofrece una variedad de tipologías que satisfacen las necesidades de todos los gustos y estilos de vida.

El estacionamiento no es un problema en Filum Recoleta, con un total de 80 unidades disponibles para vehículos y motocicletas distribuidas en tres plantas. Desde el semi subsuelo hasta la planta de estacionamiento, cada detalle se ha pensado cuidadosamente para ofrecer comodidad y facilidad a los residentes.

Departamentos:

- Monoambiente de 27m2, 30m2 y 33m2 desde $ 51.000 USD

- 1 Dormitorio de 40 m2 desde $ 68.000 Frontal y posterior

- 1 Dormitorio de 48 m2 desde $ 81.600 Frontal y posterior

- 2 Dormitorios de 77 m2 desde $ 130.900 Frontal y posterior

En Filum Recoleta, la vida en comunidad adquiere una nueva dimensión. La azotea ofrece un quincho climatizado y una terraza al aire libre, una piscina refrescante, un soleado solárium y un relajante sauna. Además, tendrás a tu disposición un moderno espacio de coworking, una sala de TV, un práctico laundry y un gimnasio equipado para satisfacer todas tus necesidades.

Únete a la comunidad de Filum Recoleta y descubre el significado de vivir en el epicentro de la conveniencia en Asunción. Contáctanos hoy mismo y sé parte de esta experiencia única.

Fecha final de obra: 2026 (Mes a confirmar)",Departamento - Venta - Paraguay Asunción Recoleta,1.0,1.0,143063147-84,29/06/2025,,Asuncion,,,Silvana Gimenez,,,,,,,,,,,,,,,,,,,,,,,,,1.0,30,,,,,
https://www.remax.com.py/es-py/propiedades/terreno/venta/ycua-sati/mayor-leandro-aponte-mayor-leandro-aponte-c-cap-leandro-britos/143014151-66,Terreno,,200000 USD,"✨𝗧𝗘𝗥𝗥𝗘𝗡𝗢 𝗗𝗘 𝟯𝟴𝟰 𝗠² 𝗭𝗢𝗡𝗔 𝗖𝗢𝗟𝗘𝗚𝗜𝗢 𝗚𝗢𝗘𝗧𝗛𝗘/𝗤𝗨𝗜𝗡𝗧𝗔 𝗬𝗞𝗨𝗔 𝗦𝗔𝗧𝗜, 𝗔 𝟭 𝗖𝗨𝗔𝗗𝗥𝗔 𝗗𝗘 𝗔𝗩𝗜𝗔𝗗𝗢𝗥𝗘𝗦 𝗗𝗘𝗟 𝗖𝗛𝗔𝗖𝗢✨

Ubicada sobre la calle asfaltada Mayor Leandro Aponte a pasos del Colegio Goethe y la Quinta Ykua Satí, a tan solo 1 cuadra de la Avda. Aviadores del Chaco y a escasos minutos de los puntos más importantes de la Capital como el Eje Corporativo, Paseo La Galería, Shopping del Sol.

El terreno cuenta con una construcción a ser demolida o refaccionada. Ideal para edificiación de residencia nueva o proyecto de dúplex.

🔲𝗦𝘂𝗽𝗲𝗿𝗳𝗶𝗰𝗶𝗲 𝗱𝗲𝗹 𝘁𝗲𝗿𝗿𝗲𝗻𝗼: 384m² (12m x 32m).

💰𝗠𝗼𝗻𝘁𝗼 𝗱𝗲 𝗹𝗮 𝗶𝗻𝘃𝗲𝗿𝘀𝗶𝗼́𝗻: 200.000 USD.
📍𝗨𝗯𝗶𝗰𝗮𝗰𝗶𝗼́𝗻: https://maps.app.goo.gl/fAc6DirCf4w4djkD8",Terreno - Venta - Paraguay Asunción Ycuá Satí,,,143014151-66,29/06/2025,,Asuncion,,,Graciela Medina,,,,,,,,,,,,,,,,,,,,,,,,,1.0,384,,,,,
https://www.remax.com.py/es-py/propiedades/departamento/venta/mburucuya/avda-santisima-trinidad-c-congreso-de-colombia-avda-santisima-trinidad-c-congreso-de-colombia/143063090-53,Departamento,,295000 USD,"DEPARTAMENTO DE 3D + ÁREA DE SERVICIO - 160,08m2

THE ADDRESS, un edificio que se rige con perfecta armonía en su evolución hacia el cielo.
Un edificio de arquitectura vanguardista con residencias diseñadas para quienes valoran el confort, el diseño y el estilo de vida.
Cada espacio de este proyecto crea historias que invitan al disfrute pleno de la vida.

TIPOLOGÍA C: 3 DORMITORIOS + ÁREA DE SERVICIO 160,08m2 de DEPARTAMENTO
PISO 7C: USD 295.000
COCHERA: USD 25.000
BAULERA: USD 5.000

3 dormitorios en SUITE completamente equipados
Área de servicio completa
Acceso de servicio independiente
Palier recibidor SEMIPRIVADO
Amplio living comedor
Cocina equipada con todos los muebles, mesadas y electrodomésticos de marcas premium
Lavadero equipado con muebles y mesada
Terraza con parrilla

AMENITIES:
Generador con cobertura del 100% para todo el edificio
Piscina
2 Parrilleros
Sala de niños
Sala de recreación
Sala de juegos de mesa
Terraza
Estacionamiento para visitantes
Gimnasio, Sauna, Pilates
Sala de coworking

Ubicado sobre una de las más importantes y exclusivas avenidas de Asunción: Santísima Trinidad, la cual ademas se define como uno de los ejes principales de nuestra ciudad.

Ubicación: https://maps.app.goo.gl/eZmeynyf4CKTNuuf8

Entrega DICIEMBRE 2025
Consulta HOY mismo los planes de financiación.",Departamento - Venta - Paraguay Asunción Mburucuyá,4.0,4.0,143063090-53,29/06/2025,,Asuncion,,,Noelia Gimenez,,,,,,,,,,,,,,,,,,,,,,,,,1.0,160,,,,,
https://www.remax.com.py/es-py/propiedades/duplex/venta/republicano/nathalie-bruel/143026188-47,Duplex,,620000000 GS,"🏡 ¡Dúplex en venta en Asunción Barrio Republicano!
📍 A pasos del Club Pettirossi, a solo 2 cuadras del campus de la Universidad Católica y a 3 cuadras de la Avda. Japón.

Esta propiedad es ideal para quienes buscan una ubicación estratégica, comodidad y un gran potencial de ampliación o inversión. Si estás pensando en una vivienda familiar con posibilidad de remodelación o un proyecto rentable, ¡esta es tu oportunidad!

🔹 Superficie del terreno: 123,13 m² (6,06 x 20,06 m)

🏠 Distribución funcional y espacios pensados para aprovechar al máximo
🔸 Planta Baja:
✔️ Estacionamiento cubierto para 3 a 4 vehículos una ventaja clave en la ciudad.
✔️ Sala y comedor integrados, brindando amplitud y buena circulación.
✔️ 1 habitación en suite, perfecta para mayor comodidad o para uso como oficina.
✔️ Quincho con parrilla
✔️ 1 baño social de uso práctico para visitas.

🔸 Planta Alta:
✔️ 3 dormitorios bien distribuidos.
✔️ 1 baño compartido.
✔️ Balcón que aporta luz natural y ventilación.
✔️ Hall de distribución que permite una circulación fluida.
✔️ Terraza o espacio disponible para futuras ampliaciones, ya sea una suite, un área social, oficina o incluso una segunda planta independiente.

🔧 ¡Es un inmueble perfecto para ser refaccionado y adaptado a tu gusto o necesidades! Ya sea que busques tu primera vivienda, un espacio más amplio para tu familia o un proyecto para alquilar a estudiantes universitarios, este dúplex lo tiene todo: ubicación, estructura sólida y mucho potencial.

📍 Zona de alta demanda, con cercanía a universidades, servicios, transporte, centros deportivos y comerciales.

📞 Contáctame hoy mismo para más detalles o para agendar una visita. ¡No dejes pasar esta oportunidad de inversión con gran proyección en Asunción!",Duplex - Venta - Paraguay Asunción Republicano,3.0,4.0,143026188-47,29/06/2025,,Asuncion,,,Andrea Urbina,,,,,,,,,,,,,,,,,,,,,,,,,1.0,323.13,,,,,200.0
https://www.remax.com.py/es-py/propiedades/departamento/venta/los-laureles/143063159-27,Departamento,,154613 USD,"NUEVO LANZAMIENTO VERALTA LOS LAURELES

Un espacio diseñado para ofrecerte la comodidad que mereces en el corazón de Los Laureles. Descubre una vida de club con amenidades de primer nivel. En Veralta, cada rincon esta pensado para que disfrutes al máximo con más de 1.200m2 de verde, cada espacio esta diseñado para brindarte el equilibrio perfecto entre comodidad, naturaleza, exclusividad.
Aprovechá los precios de preventa e invertí en un departamento con tipologías de Monoambiente, 1, 2 y 3 dormitorios.

Características del Edificio:
✔ 3 torres de departamentos
✔ Torre 1 con 16 niveles

3 dormitorios: 99,75m2, 105,30m2 (Consultar precios)

Amenities:
Piscina con solárium
Quinchos climatizados y salón de eventos
Áreas de juegos para niños y jóvenes
Parque infantil techado y parque recreativo
Gimnasio completo
Área de barra

Propuesta estratégica pensada para usuarios finales y perfiles inversores.

Consultar por nuestra Financiación propia.

Cocheras desde 10.000 USD

Entrega de obra: Diciembre 2027.",Departamento - Venta - Paraguay Asunción Los Laureles,2.0,3.0,143063159-27,29/06/2025,,Asuncion,,,Tamara Samudio,,,,,,,,,,,,,,,,,,,,,,,,,1.0,99.75,,,,,
https://www.remax.com.py/es-py/propiedades/departamento/venta/los-laureles/143063159-26,Departamento,,125679 USD,"NUEVO LANZAMIENTO VERALTA LOS LAURELES

Un espacio diseñado para ofrecerte la comodidad que mereces en el corazón de Los Laureles. Descubre una vida de club con amenidades de primer nivel. En Veralta, cada rincon esta pensado para que disfrutes al máximo con más de 1.200m2 de verde, cada espacio esta diseñado para brindarte el equilibrio perfecto entre comodidad, naturaleza, exclusividad.
Aprovechá los precios de preventa e invertí en un departamento con tipologías de Monoambiente, 1, 2 y 3 dormitorios.

Características del Edificio:
✔ 3 torres de departamentos
✔ Torre 1 con 16 niveles

2 dormitorios: 80,05m2, 85,65m2, 80,05m2 (Consultar precios)

Amenities:
Piscina con solárium
Quinchos climatizados y salón de eventos
Áreas de juegos para niños y jóvenes
Parque infantil techado y parque recreativo
Gimnasio completo
Área de barra

Propuesta estratégica pensada para usuarios finales y perfiles inversores.

Consultar por nuestra Financiación propia.

Cocheras desde 10.000 USD

Entrega de obra: Diciembre 2027.",Departamento - Venta - Paraguay Asunción Los Laureles,1.0,2.0,143063159-26,29/06/2025,,Asuncion,,,Tamara Samudio,,,,,,,,,,,,,,,,,,,,,,,,,1.0,80.05,,,,,
https://www.remax.com.py/es-py/propiedades/departamento/venta/los-laureles/143063159-25,Departamento,,87363 USD,"NUEVO LANZAMIENTO VERALTA LOS LAURELES

Un espacio diseñado para ofrecerte la comodidad que mereces en el corazón de Los Laureles. Descubre una vida de club con amenidades de primer nivel. En Veralta, cada rincon esta pensado para que disfrutes al máximo con más de 1.200m2 de verde, cada espacio esta diseñado para brindarte el equilibrio perfecto entre comodidad, naturaleza, exclusividad.
Aprovechá los precios de preventa e invertí en un departamento con tipologías de Monoambiente, 1, 2 y 3 dormitorios.

Características del Edificio:
✔ 3 torres de departamentos
✔ Torre 1 con 16 niveles

1 Dormitorio: 60,25m2, 48,70m2, 55,20m2, 56,25m2, 41,85m2, 50,85m2, 49,45m2 (Consultar precios)

Amenities:
Piscina con solárium
Quinchos climatizados y salón de eventos
Áreas de juegos para niños y jóvenes
Parque infantil techado y parque recreativo
Gimnasio completo
Área de barra

Propuesta estratégica pensada para usuarios finales y perfiles inversores.

Consultar por nuestra Financiación propia.

Cocheras desde 10.000 USD

Entrega de obra: Diciembre 2027.",Departamento - Venta - Paraguay Asunción Los Laureles,1.0,1.0,143063159-25,29/06/2025,,Asuncion,,,Tamara Samudio,,,,,,,,,,,,,,,,,,,,,,,,,1.0,60.25,,,,,7.75
https://www.remax.com.py/es-py/propiedades/departamento/venta/los-laureles/143063159-24,Departamento,,71253 USD,"NUEVO LANZAMIENTO VERALTA LOS LAURELES

Un espacio diseñado para ofrecerte la comodidad que mereces en el corazón de Los Laureles. Descubre una vida de club con amenidades de primer nivel. En Veralta, cada rincon esta pensado para que disfrutes al máximo con más de 1.200m2 de verde, cada espacio esta diseñado para brindarte el equilibrio perfecto entre comodidad, naturaleza, exclusividad.
Aprovechá los precios de preventa e invertí en un departamento con tipologías de Monoambiente, 1, 2 y 3 dormitorios.

Características del Edificio:
✔ 3 torres de departamentos
✔ Torre 1 con 16 niveles

1 dormitorio: 60,25m2, 48,70m2, 55,20m2, 41,85m2, 50,30m2, 49,45m2 (Consultar precios)

Amenities:
Piscina con solárium
Quinchos climatizados y salón de eventos
Áreas de juegos para niños y jóvenes
Parque infantil techado y parque recreativo
Gimnasio completo
Área de barra

Propuesta estratégica pensada para usuarios finales y perfiles inversores.

Consultar por nuestra Financiación propia.

Cocheras desde 10.000 USD

Entrega de obra: Diciembre 2027.",Departamento - Venta - Paraguay Asunción Los Laureles,1.0,1.0,143063159-24,29/06/2025,,Asuncion,,,Tamara Samudio,,,,,,,,,,,,,,,,,,,,,,,,,1.0,41.85,,,,,
https://www.remax.com.py/es-py/propiedades/departamento/venta/los-laureles/143063159-23,Departamento,,54397 USD,"NUEVO LANZAMIENTO VERALTA LOS LAURELES

Un espacio diseñado para ofrecerte la comodidad que mereces en el corazón de Los Laureles. Descubre una vida de club con amenidades de primer nivel. En Veralta, cada rincon esta pensado para que disfrutes al máximo con más de 1.200m2 de verde, cada espacio esta diseñado para brindarte el equilibrio perfecto entre comodidad, naturaleza, exclusividad.
Aprovechá los precios de preventa e invertí en un departamento con tipologías de Monoambiente, 1, 2 y 3 dormitorios.

Características del Edificio:
✔ 3 torres de departamentos
✔ Torre 1 con 16 niveles

Monoambientes: 30m2 ,33m2, 35m2, 39m2 (Consultar precios)

Amenities:
Piscina con solárium
Quinchos climatizados y salón de eventos
Áreas de juegos para niños y jóvenes
Parque infantil techado y parque recreativo
Gimnasio completo
Área de barra

Propuesta estratégica pensada para usuarios finales y perfiles inversores.

Consultar por disponibilidad y Financiación propia.

Cocheras desde 10.000 USD

Entrega de obra: Diciembre 2027.",Departamento - Venta - Paraguay Asunción Los Laureles,1.0,1.0,143063159-23,29/06/2025,,Asuncion,,,Tamara Samudio,,,,,,,,,,,,,,,,,,,,,,,,,1.0,33.85,,,,,
https://www.remax.com.py/es-py/propiedades/departamento/venta/mburucuya/avda-santisima-trinidad-c-congreso-de-colombia-avda-santisima-trinidad-c-congreso-de-colombia/143063090-52,Departamento,,270000 USD,"DEPARTAMENTO DE 2D + ÁREA DE SERVICIO - 142,50m2

THE ADDRESS, un edificio que se rige con perfecta armonía en su evolución hacia el cielo.
Un edificio de arquitectura vanguardista con residencias diseñadas para quienes valoran el confort, el diseño y el estilo de vida.
Cada espacio de este proyecto crea historias que invitan al disfrute pleno de la vida.

TIPOLOGÍA B: 2 DORMITORIOS + ÁREA DE SERVICIO 142,50m2 de DEPARTAMENTO
PISO 9A: USD 270.000
PISO 10B: USD 277.000
COCHERA: USD 25.000
BAULERA: USD 5.000

2 dormitorios en SUITE completamente equipados
Área de servicio completa
Acceso de servicio independiente
Palier recibidor SEMIPRIVADO
Amplio living comedor
Cocina equipada con todos los muebles, mesadas y electrodomésticos de marcas premium
Lavadero equipado con muebles y mesada
Terraza con parrilla

AMENITIES:
Generador con cobertura del 100% para todo el edificio
Piscina
2 Parrilleros
Sala de niños
Sala de recreación
Sala de juegos de mesa
Terraza
Estacionamiento para visitantes
Gimnasio, Sauna, Pilates
Sala de coworking

Ubicado sobre una de las más importantes y exclusivas avenidas de Asunción: Santísima Trinidad, la cual ademas se define como uno de los ejes principales de nuestra ciudad.

Ubicación: https://maps.app.goo.gl/eZmeynyf4CKTNuuf8

Entrega DICIEMBRE 2025
Consulta HOY mismo los planes de financiación.",Departamento - Venta - Paraguay Asunción Mburucuyá,3.0,3.0,143063090-52,29/06/2025,,Asuncion,,,Noelia Gimenez,,,,,,,,,,,,,,,,,,,,,,,,,1.0,142.50,,,,,
https://www.remax.com.py/es-py/propiedades/departamento/venta/ytay/santa-margarita-c-las-mercedes-zona-cit/143025145-258,Departamento,,53550 USD,"Porta 3 es un proyecto diseñado para inversores de renta.
Estratégicamente ubicado en el límite de Asunción con Luque y Fernando de la Mora. A 10 min del eje corporativo de Asunción.
El edificio contará con 70 departamentos. Monoambientes de 30 mts.2 con blacón y dptos de 1 dorm. de 38 y 41 mts.2
Distribuidos en 7 pisos, 10 unidades por piso,optimizando asi el desplazamiento. Contará además con ascensor y cocheras (de preferencia para los de 1 dorm.)
En el 8vo piso, amenities exclusivos: Terraza, quincho climatizado con capacidad para 60 personas, piscina, gimnasio, lavandería y espacio de co-working.
Con precios super competitivos para la zona, en un entorno con alta demanda de alquileres tradicionales y temporales. Impuestos y expensas bajas.
La palada inicial del proyecto está programada para el mes de Mayo del 2025. Se proyecta 18 meses de obra.
Precios desde USD. 33.075
. Entrega inicial 10 al 20% . Financiación propia sin intereses durante el periodo constructivo, y hasta un plazo de 10 años.
Rentabilidad proyectada del 7 al 8% en alquileres tradicionales y hasta un 11% en alquileres temporales.
Contactá con tu asesor de confianza y agendá una reunión personalizada.",Departamento - Venta - Paraguay Asunción Ytay,1.0,1.0,143025145-258,29/06/2025,,Asuncion,,,Carlos Ledesma,,,,,,,,,,,,,,,,,,,,,,,,,1.0,42,,,,,42.0
https://www.remax.com.py/es-py/propiedades/departamento/venta/ytay/santa-margarita-c-las-mercedes-zona-cit/143025145-257,Departamento,,45434 USD,"Porta 3 es un proyecto diseñado para inversores de renta.
Estratégicamente ubicado en el límite de Asunción con Luque y Fernando de la Mora. A 10 min del eje corporativo de Asunción.
El edificio contará con 70 departamentos. Monoambientes de 30 mts.2 con blacón y dptos de 1 dorm. de 38 y 41 mts.2
Distribuidos en 7 pisos, 10 unidades por piso,optimizando asi el desplazamiento. Contará además con ascensor y cocheras (de preferencia para los de 1 dorm.)
En el 8vo piso, amenities exclusivos: Terraza, quincho climatizado con capacidad para 60 personas, piscina, gimnasio, lavandería y espacio de co-working.
Con precios super competitivos para la zona, en un entorno con alta demanda de alquileres tradicionales y temporales. Impuestos y expensas bajas.
La palada inicial del proyecto está programada para el mes de Mayo del 2025. Se proyecta 18 meses de obra.
Precios desde USD. 33.075
. Entrega inicial 10 al 20% . Financiación propia sin intereses durante el periodo constructivo, y hasta un plazo de 10 años.
Rentabilidad proyectada del 7 al 8% en alquileres tradicionales y hasta un 11% en alquileres temporales.
Contactá con tu asesor de confianza y agendá una reunión personalizada.",Departamento - Venta - Paraguay Asunción Ytay,1.0,1.0,143025145-257,29/06/2025,,Asuncion,,,Carlos Ledesma,,,,,,,,,,,,,,,,,,,,,,,,,1.0,42,,,,,42.0
https://www.remax.com.py/es-py/propiedades/departamento/venta/ytay/santa-margarita-c-las-mercedes-zona-cit/143025145-256,Departamento,,41654 USD,"Porta 3 es un proyecto diseñado para inversores de renta.
Estratégicamente ubicado en el límite de Asunción con Luque y Fernando de la Mora. A 10 min del eje corporativo de Asunción.
El edificio contará con 70 departamentos. Monoambientes de 30 mts.2 con blacón y dptos de 1 dorm. de 38 y 41 mts.2
Distribuidos en 7 pisos, 10 unidades por piso,optimizando asi el desplazamiento. Contará además con ascensor y cocheras (de preferencia para los de 1 dorm.)
En el 8vo piso, amenities exclusivos: Terraza, quincho climatizado con capacidad para 60 personas, piscina, gimnasio, lavandería y espacio de co-working.
Con precios super competitivos para la zona, en un entorno con alta demanda de alquileres tradicionales y temporales. Impuestos y expensas bajas.
La palada inicial del proyecto está programada para el mes de Mayo del 2025. Se proyecta 18 meses de obra.
Precios desde USD. 33.075
. Entrega inicial 10 al 20% . Financiación propia sin intereses durante el periodo constructivo, y hasta un plazo de 10 años.
Rentabilidad proyectada del 7 al 8% en alquileres tradicionales y hasta un 11% en alquileres temporales.
Contactá con tu asesor de confianza y agendá una reunión personalizada.",Departamento - Venta - Paraguay Asunción Ytay,1.0,1.0,143025145-256,29/06/2025,,Asuncion,,,Carlos Ledesma,,,,,,,,,,,,,,,,,,,,,,,,,1.0,38,,,,,38.0
https://www.remax.com.py/es-py/propiedades/departamento/venta/ytay/santa-margarita-c-las-mercedes-zona-cit/143025145-255,Departamento,,43890 USD,"Porta 3 es un proyecto diseñado para inversores de renta.
Estratégicamente ubicado en el límite de Asunción con Luque y Fernando de la Mora. A 10 min del eje corporativo de Asunción.
El edificio contará con 70 departamentos. Monoambientes de 30 mts.2 con blacón y dptos de 1 dorm. de 38 y 41 mts.2
Distribuidos en 7 pisos, 10 unidades por piso,optimizando asi el desplazamiento. Contará además con ascensor y cocheras (de preferencia para los de 1 dorm.)
En el 8vo piso, amenities exclusivos: Terraza, quincho climatizado con capacidad para 60 personas, piscina, gimnasio, lavandería y espacio de co-working.
Con precios super competitivos para la zona, en un entorno con alta demanda de alquileres tradicionales y temporales. Impuestos y expensas bajas.
La palada inicial del proyecto está programada para el mes de Mayo del 2025. Se proyecta 18 meses de obra.
Precios desde USD. 33.075
. Entrega inicial 10 al 20% . Financiación propia sin intereses durante el periodo constructivo, y hasta un plazo de 10 años.
Rentabilidad proyectada del 7 al 8% en alquileres tradicionales y hasta un 11% en alquileres temporales.
Contactá con tu asesor de confianza y agendá una reunión personalizada.",Departamento - Venta - Paraguay Asunción Ytay,1.0,1.0,143025145-255,29/06/2025,,Asuncion,,,Carlos Ledesma,,,,,,,,,,,,,,,,,,,,,,,,,1.0,38,,,,,38.0
https://www.remax.com.py/es-py/propiedades/departamento/venta/ytay/santa-margarita-c-las-mercedes-zona-cit/143025145-253,Departamento,,38577 USD,"Porta 3 es un proyecto diseñado para inversores de renta.
Estratégicamente ubicado en el límite de Asunción con Luque y Fernando de la Mora. A 10 min del eje corporativo de Asunción.
El edificio contará con 70 departamentos. Monoambientes de 30 mts.2 con blacón y dptos de 1 dorm. de 38 y 41 mts.2
Distribuidos en 7 pisos, 10 unidades por piso,optimizando asi el desplazamiento. Contará además con ascensor y cocheras (de preferencia para los de 1 dorm.)
En el 8vo piso, amenities exclusivos: Terraza, quincho climatizado con capacidad para 60 personas, piscina, gimnasio, lavandería y espacio de co-working.
Con precios super competitivos para la zona, en un entorno con alta demanda de alquileres tradicionales y temporales. Impuestos y expensas bajas.
La palada inicial del proyecto está programada para el mes de Mayo del 2025. Se proyecta 18 meses de obra.
Precios desde USD. 33.075
. Entrega inicial 10 al 20% . Financiación propia sin intereses durante el periodo constructivo, y hasta un plazo de 10 años.
Rentabilidad proyectada del 7 al 8% en alquileres tradicionales y hasta un 11% en alquileres temporales.
Contactá con tu asesor de confianza y agendá una reunión personalizada.",Departamento - Venta - Paraguay Asunción Ytay,1.0,1.0,143025145-253,29/06/2025,,Asuncion,,,Carlos Ledesma,,,,,,,,,,,,,,,,,,,,,,,,,1.0,30,,,,,30.0
https://www.remax.com.py/es-py/propiedades/departamento/venta/ytay/santa-margarita-c-las-mercedes-zona-cit/143025145-254,Departamento,,49119 USD,"Porta 3 es un proyecto diseñado para inversores de renta.
Estratégicamente ubicado en el límite de Asunción con Luque y Fernando de la Mora. A 10 min del eje corporativo de Asunción.
El edificio contará con 70 departamentos. Monoambientes de 30 mts.2 con blacón y dptos de 1 dorm. de 38 y 41 mts.2
Distribuidos en 7 pisos, 10 unidades por piso,optimizando asi el desplazamiento. Contará además con ascensor y cocheras (de preferencia para los de 1 dorm.)
En el 8vo piso, amenities exclusivos: Terraza, quincho climatizado con capacidad para 60 personas, piscina, gimnasio, lavandería y espacio de co-working.
Con precios super competitivos para la zona, en un entorno con alta demanda de alquileres tradicionales y temporales. Impuestos y expensas bajas.
La palada inicial del proyecto está programada para el mes de Mayo del 2025. Se proyecta 18 meses de obra.
Precios desde USD. 33.075
. Entrega inicial 10 al 20% . Financiación propia sin intereses durante el periodo constructivo, y hasta un plazo de 10 años.
Rentabilidad proyectada del 7 al 8% en alquileres tradicionales y hasta un 11% en alquileres temporales.
Contactá con tu asesor de confianza y agendá una reunión personalizada.",Departamento - Venta - Paraguay Asunción Ytay,1.0,1.0,143025145-254,29/06/2025,,Asuncion,,,Carlos Ledesma,,,,,,,,,,,,,,,,,,,,,,,,,1.0,38,,,,,38.0
https://www.remax.com.py/es-py/propiedades/departamento/venta/ytay/santa-margarita-c-las-mercedes-zona-cit/143025145-252,Departamento,,34440 USD,"Porta 3 es un proyecto diseñado para inversores de renta.
Estratégicamente ubicado en el límite de Asunción con Luque y Fernando de la Mora. A 10 min del eje corporativo de Asunción.
El edificio contará con 70 departamentos. Monoambientes de 30 mts.2 con blacón y dptos de 1 dorm. de 38 y 41 mts.2
Distribuidos en 7 pisos, 10 unidades por piso,optimizando asi el desplazamiento. Contará además con ascensor y cocheras (de preferencia para los de 1 dorm.)
En el 8vo piso, amenities exclusivos: Terraza, quincho climatizado con capacidad para 60 personas, piscina, gimnasio, lavandería y espacio de co-working.
Con precios super competitivos para la zona, en un entorno con alta demanda de alquileres tradicionales y temporales. Impuestos y expensas bajas.
La palada inicial del proyecto está programada para el mes de Mayo del 2025. Se proyecta 18 meses de obra.
Precios desde USD. 33.075
. Entrega inicial 10 al 20% . Financiación propia sin intereses durante el periodo constructivo, y hasta un plazo de 10 años.
Rentabilidad proyectada del 7 al 8% en alquileres tradicionales y hasta un 11% en alquileres temporales.
Contactá con tu asesor de confianza y agendá una reunión personalizada.",Departamento - Venta - Paraguay Asunción Ytay,1.0,1.0,143025145-252,29/06/2025,,Asuncion,,,Carlos Ledesma,,,,,,,,,,,,,,,,,,,,,,,,,1.0,30,,,,,30.0
https://www.remax.com.py/es-py/propiedades/departamento/venta/ytay/santa-margarita-c-las-mercedes-zona-cit/143025145-251,Departamento,,33075 USD,"Porta 3 es un proyecto diseñado para inversores de renta.
Estratégicamente ubicado en el límite de Asunción con Luque y Fernando de la Mora. A 10 min del eje corporativo de Asunción.
El edificio contará con 70 departamentos. Monoambientes de 30 mts.2 con blacón y dptos de 1 dorm. de 38 y 41 mts.2
Distribuidos en 7 pisos, 10 unidades por piso,optimizando asi el desplazamiento. Contará además con ascensor y cocheras (de preferencia para los de 1 dorm.)
En el 8vo piso, amenities exclusivos: Terraza, quincho climatizado con capacidad para 60 personas, piscina, gimnasio, lavandería y espacio de co-working.
Con precios super competitivos para la zona, en un entorno con alta demanda de alquileres tradicionales y temporales. Impuestos y expensas bajas.
La palada inicial del proyecto está programada para el mes de Mayo del 2025. Se proyecta 18 meses de obra.
Precios desde USD. 33.075
. Entrega inicial 10 al 20% . Financiación propia sin intereses durante el periodo constructivo, y hasta un plazo de 10 años.
Rentabilidad proyectada del 7 al 8% en alquileres tradicionales y hasta un 11% en alquileres temporales.
Contactá con tu asesor de confianza y agendá una reunión personalizada.",Departamento - Venta - Paraguay Asunción Ytay,1.0,1.0,143025145-251,29/06/2025,,Asuncion,,,Carlos Ledesma,,,,,,,,,,,,,,,,,,,,,,,,,1.0,30,,,,,30.0
https://www.remax.com.py/es-py/propiedades/departamento/venta/ytay/santa-margarita-c-las-mercedes-zona-cit/143025145-250,Departamento,,38577 USD,"Porta 3 es un proyecto diseñado para inversores de renta.
Estratégicamente ubicado en el límite de Asunción con Luque y Fernando de la Mora. A 10 min del eje corporativo de Asunción.
El edificio contará con 70 departamentos. Monoambientes de 30 mts.2 con blacón y dptos de 1 dorm. de 38 y 41 mts.2
Distribuidos en 7 pisos, 10 unidades por piso,optimizando asi el desplazamiento. Contará además con ascensor y cocheras (de preferencia para los de 1 dorm.)
En el 8vo piso, amenities exclusivos: Terraza, quincho climatizado con capacidad para 60 personas, piscina, gimnasio, lavandería y espacio de co-working.
Con precios super competitivos para la zona, en un entorno con alta demanda de alquileres tradicionales y temporales. Impuestos y expensas bajas.
La palada inicial del proyecto está programada para el mes de Mayo del 2025. Se proyecta 18 meses de obra.
Precios desde USD. 33.075
. Entrega inicial 10 al 20% . Financiación propia sin intereses durante el periodo constructivo, y hasta un plazo de 10 años.
Rentabilidad proyectada del 7 al 8% en alquileres tradicionales y hasta un 11% en alquileres temporales.
Contactá con tu asesor de confianza y agendá una reunión personalizada.",Departamento - Venta - Paraguay Asunción Ytay,1.0,1.0,143025145-250,29/06/2025,,Asuncion,,,Carlos Ledesma,,,,,,,,,,,,,,,,,,,,,,,,,1.0,30,,,,,30.0
https://www.remax.com.py/es-py/propiedades/departamento/venta/ytay/santa-margarita-c-las-mercedes-zona-cit/143025145-249,Departamento,,34440 USD,"Porta 3 es un proyecto diseñado para inversores de renta.
Estratégicamente ubicado en el límite de Asunción con Luque y Fernando de la Mora. A 10 min del eje corporativo de Asunción.
El edificio contará con 70 departamentos. Monoambientes de 30 mts.2 con blacón y dptos de 1 dorm. de 38 y 41 mts.2
Distribuidos en 7 pisos, 10 unidades por piso,optimizando asi el desplazamiento. Contará además con ascensor y cocheras (de preferencia para los de 1 dorm.)
En el 8vo piso, amenities exclusivos: Terraza, quincho climatizado con capacidad para 60 personas, piscina, gimnasio, lavandería y espacio de co-working.
Con precios super competitivos para la zona, en un entorno con alta demanda de alquileres tradicionales y temporales. Impuestos y expensas bajas.
La palada inicial del proyecto está programada para el mes de Mayo del 2025. Se proyecta 18 meses de obra.
Precios desde USD. 33.075
. Entrega inicial 10 al 20% . Financiación propia sin intereses durante el periodo constructivo, y hasta un plazo de 10 años.
Rentabilidad proyectada del 7 al 8% en alquileres tradicionales y hasta un 11% en alquileres temporales.
Contactá con tu asesor de confianza y agendá una reunión personalizada.",Departamento - Venta - Paraguay Asunción Ytay,1.0,1.0,143025145-249,29/06/2025,,Asuncion,,,Carlos Ledesma,,,,,,,,,,,,,,,,,,,,,,,,,1.0,30,,,,,30.0
https://www.remax.com.py/es-py/propiedades/departamento/venta/ytay/santa-margarita-c-las-mercedes-zona-cit/143025145-248,Departamento,,33075 USD,"Porta 3 es un proyecto diseñado para inversores de renta.
Estratégicamente ubicado en el límite de Asunción con Luque y Fernando de la Mora. A 10 min del eje corporativo de Asunción.
El edificio contará con 70 departamentos. Monoambientes de 30 mts.2 con blacón y dptos de 1 dorm. de 38 y 41 mts.2
Distribuidos en 7 pisos, 10 unidades por piso,optimizando asi el desplazamiento. Contará además con ascensor y cocheras (de preferencia para los de 1 dorm.)
En el 8vo piso, amenities exclusivos: Terraza, quincho climatizado con capacidad para 60 personas, piscina, gimnasio, lavandería y espacio de co-working.
Con precios super competitivos para la zona, en un entorno con alta demanda de alquileres tradicionales y temporales. Impuestos y expensas bajas.
La palada inicial del proyecto está programada para el mes de Mayo del 2025. Se proyecta 18 meses de obra.
Precios desde USD. 33.075
. Entrega inicial 10 al 20% . Financiación propia sin intereses durante el periodo constructivo, y hasta un plazo de 10 años.
Rentabilidad proyectada del 7 al 8% en alquileres tradicionales y hasta un 11% en alquileres temporales.
Contactá con tu asesor de confianza y agendá una reunión personalizada.",Departamento - Venta - Paraguay Asunción Ytay,1.0,1.0,143025145-248,29/06/2025,,Asuncion,,,Carlos Ledesma,,,,,,,,,,,,,,,,,,,,,,,,,1.0,30,,,,,30.0
https://www.remax.com.py/es-py/propiedades/casa/venta/recoleta/coronel-antoliano-cantero-casi-guillermo-saravi-coronel-antoliano-cantero-casi-guillermo-saravi/143063102-294,Casa,,185000 USD,,Casa - Venta - Paraguay Asunción Recoleta,,,,29/06/2025,,Asuncion,,,,,,,,,,,,,,,,,,,,,,,,,,,,1.0,,,,,,
https://www.remax.com.py/es-py/propiedades/terreno/venta/virgen-del-huerto/143025033-438,Terreno,,330000 USD,"Oportunidad de Inversión en Zona de Alto Potencial!

Precio: USD 330.000

Presentamos un terreno de 578 m² estratégicamente ubicado en el Distrito San Roque, con 21 metros de frente sobre la Av. Brasilia, una de las arterias de mayor proyección en la ciudad.

Ubicación privilegiada en una zona en pleno desarrollo, ideal para proyectos comerciales o residenciales.
Clasificación urbanística: Franja Mixta 1B, que permite un amplio abanico de desarrollos arquitectónicos.
Excelente retorno sobre inversión, gracias al crecimiento sostenido del entorno y su conectividad.

Ubicación exacta en Google Maps:
https://maps.app.goo.gl/j8Q8GYhN6Sm6ScZ88?g_st=aw



No dejes pasar esta oportunidad.... Contactame para mas información.",Terreno - Venta - Paraguay Asunción Virgen del Huerto,,,143025033-438,29/06/2025,,Asuncion,,,Carolina Vega,,,,,,,,,,,,,,,,,,,,,,,,,1.0,578,,,,,
https://www.remax.com.py/es-py/propiedades/departamento/venta/las-lomas-carmelitas/avda-molas-lopez-c-papa-juan-xxiii-avda-molas-lopez-c-papa-juan-xxiii/143098054-31,Departamento,,119000 USD,"𝙋𝙪𝙣𝙩𝙤 𝙈𝙤𝙡𝙖𝙨 𝙇ó𝙥𝙚𝙯 𝙏𝙪 𝙇𝙪𝙜𝙖𝙧 𝙚𝙣 𝘼𝙨𝙪𝙣𝙘𝙞ó𝙣✨

💠En venta Departamento de 1 Dormitorios en suite, vestidor, cochera y baulera en Punto Molas sobre Avda. Molas López
💡El mejor Precio por m2 de la zona

📍Su privilegiada ubicación sobre la Av. Molas López a tan sólo 150 mts. de
la Av. Aviadores del Chaco, su diseño y técnica constructiva, junto a los
detalles de terminaciones y equipamiento, lo posicionan como uno de
los proyectos inmobiliarios más versátiles para su uso (renta
temporaria renta permanente o uso de vivienda familiar).

💠Departamento de 1 Dormitorio sumamente versátil destacando sus amplios espacios, el diseño arquitectónico y la técnica constructiva, junto con los detalles de terminaciones y la materialidad seleccionada, lo definen como uno de los proyectos inmobiliarios más conveniente en la relación precio mts2

💠Aᴍᴇɴɪᴛɪᴇs Exᴄʟᴜsɪᴠᴏs
✅ Lobby de ingreso con doble altura
✅ Bussines Center💻📱
✅ S.U.M
➡️ Espacio para reuniones
➡️ Office
➡️ Gran terraza integrada
✅ Gym con equipamiento de primera línea
✅ Zona de Relax
✅ Piscina con deck🏊🏼
✅ Quincho con parrilla
💠 Vista panorámica a la ciudad🌅
✅Cɪʀᴄᴜɪᴛᴏ ᴄᴇʀʀᴀᴅᴏ, Pᴏʀᴛᴇʀᴏ ᴇʟéᴄᴛʀɪᴄᴏ
✅Sᴇɢᴜʀɪᴅᴀᴅ 24ʜs.👮🏼♂️

💠Tɪᴘᴏʟᴏɢíᴀ ʏ ᴅɪᴍᴇɴsɪᴏɴᴇs📐
❇️1 Dᴏʀᴍɪᴛᴏʀɪᴏ 56 ᴍ2
❇️en suite
❇️Baño
❇️Vestidor
❇️A.A ᴇɴ ᴛᴏᴅᴏs ʟᴏs ᴀᴍʙɪᴇɴᴛᴇs
❇️Aɴᴀғᴇ ᴅᴇ 4 ʜᴏʀɴᴀʟʟᴀs
❇️Pᴜʀɪғɪᴄᴀᴅᴏʀ
❇️Hᴏʀɴᴏ ᴇʟᴇᴄᴛʀɪᴄᴏ
❇️Mᴜᴇʙʟᴇs ᴅᴇ ᴄᴏᴄɪɴᴀ Lᴀ Cᴜɪsɪɴᴇ ʏ ᴘʟᴀᴄᴀʀᴅ ɪɴᴄʟᴜíᴅᴏ
❇️Dᴇsᴀʏᴜɴᴀᴅᴏʀ ᴄᴏɴ ᴍᴇsᴀᴅᴀ ᴅᴇ ɢʀᴀɴɪᴛᴏ ʏ ᴍᴜᴇʙʟᴇs
❇️Cᴏᴄʜᴇʀᴀ 12,5 ᴍ2 🚗
❇️Bᴀᴜʟᴇʀᴀ 2,5 ᴍ2


Increíble precio por m2 ✨
📍Ubicación: https://maps.app.goo.gl/9UQqxSVYZmpzCSGHA
𝙈𝙤𝙣𝙩𝙤 𝙙𝙚 𝙡𝙖 𝙄𝙣𝙫𝙚𝙧𝙨𝙞ó𝙣: 𝙐𝙎𝘿 CONTADO USD 119.000",Departamento - Venta - Paraguay Asunción Las Lomas (Carmelitas),1.0,1.0,143098054-31,29/06/2025,,Asuncion,,,Junior Paredes,,,,,,,,,,,,,,,,,,,,,,,,,1.0,71,,,,,56.0
https://www.remax.com.py/es-py/propiedades/departamento/venta/las-lomas-carmelitas/avda-molas-lopez-c-papa-juan-xxiii-avda-molas-lopez-c-papa-juan-xxiii/143098054-30,Departamento,,171000 USD,"𝙋𝙪𝙣𝙩𝙤 𝙈𝙤𝙡𝙖𝙨 𝙇ó𝙥𝙚𝙯 𝙏𝙪 𝙇𝙪𝙜𝙖𝙧 𝙚𝙣 𝘼𝙨𝙪𝙣𝙘𝙞ó𝙣✨

💠En venta Departamento de 2 Dormitorios en suite, baño social, cochera y baulera en Punto Molas sobre Avda. Molas López
💡El mejor Precio por m2 de la zona

📍Su privilegiada ubicación sobre la Av. Molas López a tan sólo 150 mts. de
la Av. Aviadores del Chaco, su diseño y técnica constructiva, junto a los
detalles de terminaciones y equipamiento, lo posicionan como uno de
los proyectos inmobiliarios más versátiles para su uso (renta
temporaria renta permanente o uso de vivienda familiar).

💠Departamento de 2 Dormitorios sumamente versátil destacando sus amplios espacios, el diseño arquitectónico y la técnica constructiva, junto con los detalles de terminaciones y la materialidad seleccionada, lo definen como uno de los proyectos inmobiliarios más conveniente en la relación precio mts2

💠Aᴍᴇɴɪᴛɪᴇs Exᴄʟᴜsɪᴠᴏs
✅ Lobby de ingreso con doble altura
✅ Bussines Center💻📱
✅ S.U.M
➡️ Espacio para reuniones
➡️ Office
➡️ Gran terraza integrada
✅ Gym con equipamiento de primera línea
✅ Zona de Relax
✅ Piscina con deck🏊🏼
✅ Quincho con parrilla
💠 Vista panorámica a la ciudad🌅
✅Cɪʀᴄᴜɪᴛᴏ ᴄᴇʀʀᴀᴅᴏ, Pᴏʀᴛᴇʀᴏ ᴇʟéᴄᴛʀɪᴄᴏ
✅Sᴇɢᴜʀɪᴅᴀᴅ 24ʜs.👮🏼♂️

💠Tɪᴘᴏʟᴏɢíᴀ ʏ ᴅɪᴍᴇɴsɪᴏɴᴇs📐
❇️2 Dᴏʀᴍɪᴛᴏʀɪᴏs 86 ᴍ2
❇️en suite ambos
❇️Baño social
❇️A.A ᴇɴ ᴛᴏᴅᴏs ʟᴏs ᴀᴍʙɪᴇɴᴛᴇs
❇️Aɴᴀғᴇ ᴅᴇ 4 ʜᴏʀɴᴀʟʟᴀs
❇️Pᴜʀɪғɪᴄᴀᴅᴏʀ
❇️Hᴏʀɴᴏ ᴇʟᴇᴄᴛʀɪᴄᴏ
❇️Mᴜᴇʙʟᴇs ᴅᴇ ᴄᴏᴄɪɴᴀ Lᴀ Cᴜɪsɪɴᴇ ʏ ᴘʟᴀᴄᴀʀᴅ ɪɴᴄʟᴜíᴅᴏ
❇️Dᴇsᴀʏᴜɴᴀᴅᴏʀ ᴄᴏɴ ᴍᴇsᴀᴅᴀ ᴅᴇ ɢʀᴀɴɪᴛᴏ ʏ ᴍᴜᴇʙʟᴇs
❇️Cᴏᴄʜᴇʀᴀ 12,5 ᴍ2 🚗
❇️Bᴀᴜʟᴇʀᴀ 2,5 ᴍ2


Increíble precio por m2 ✨
📍Ubicación: https://maps.app.goo.gl/9UQqxSVYZmpzCSGHA
𝙈𝙤𝙣𝙩𝙤 𝙙𝙚 𝙡𝙖 𝙄𝙣𝙫𝙚𝙧𝙨𝙞ó𝙣: 𝙐𝙎𝘿 CONTADO USD 171.000",Departamento - Venta - Paraguay Asunción Las Lomas (Carmelitas),3.0,2.0,143098054-30,29/06/2025,,Asuncion,,,Junior Paredes,,,,,,,,,,,,,,,,,,,,,,,,,1.0,101,,,,,86.0
https://www.remax.com.py/es-py/propiedades/departamento/venta/general-diaz/143061068-33,Departamento,,115000 USD,"🏢 Departamento en Venta Edificio Fortaleza IV Barrio Gral. Díaz, Asunción 🏙️

📍 Ubicación privilegiada en el tradicional barrio General Díaz, a minutos de colegios, sanatorios, supermercados y con rápido acceso al centro de Asunción.

✨ Departamento en el 3er piso, en buen estado, ideal para quienes buscan comodidad, buena ubicación y calidad de vida.

🛏️ Características del inmueble:
2 habitaciones (1 en suite)
Sala y comedor integrados
Cocina funcional
Área de lavadero
Amplio balcón con excelente ventilación e iluminación natural
Una cochera
🐾 Se admiten mascotas
🌟 Amenidades del edificio:
Quincho climatizado en la terraza
Piscina
Seguridad 24 hs
Excelente mantenimiento y ambiente residencial
📐 Ideal para vivir o invertir en una zona en constante desarrollo y conectividad.
📲 Consultá para más información o agendá tu visita!",Departamento - Venta - Paraguay Asunción General Díaz,2.0,2.0,143061068-33,29/06/2025,,Asuncion,,,Pamela Dinatale,,,,,,,,,,,,,,,,,,,,,,,,,1.0,120,,,,,
https://www.remax.com.py/es-py/propiedades/casa/venta/sajonia/dr-montero-isabel-la-catolica/143061068-32,Casa,,450000000 GS,"✨ ¡Oportunidad de inversión en barrio San Antonio / Sajonia Asunción! 🏗️🏡

📍 Zona estratégica:
✅ 6 cuadras del Palacio de Justicia
✅ 3 cuadras del Colegio Schweitzer
✅ 2 cuadras de Avda. Dr. Paiva
🚗 Conexión rápida con Costanera Norte y el centro
🛠️ Casa a refaccionar con gran potencial:
🛋️ Sala de estar
🍽️ Cocina comedor
🚪 Hall
🛏️ 2 dormitorios
🛁 2 baños
🌿 Patio
🏗️ Losa lista para segundo piso
📐 Terreno de 8x30 m²

📍 En zona San Antonio/Sajonia, barrio con alto crecimiento y plusvalía.

📩 Escribinos para más info o agendá tu visita!",Casa - Venta - Paraguay Asunción Sajonia,2.0,2.0,143061068-32,29/06/2025,,Asuncion,,,Pamela Dinatale,,,,,,,,,,,,,,,,,,,,,,,,,1.0,240,,,,,100.0
https://www.remax.com.py/es-py/propiedades/casa/venta/manora/143063136-307,Casa,,380000 USD,"Residencia de dos plantas en esquina en la mejor zona de Asunción, Barrio Manorá, altamente residencial, sobre la calle Walt Disney y Dr Odriozola. Estratégicamente ubicada a dos cuadras de Casa Rica sobre la Avda España y a una cuadra de Sacramento, próximo a los Shoppings más importantes del país y a 10 min del eje corporativo.

Superficie del terreno: 360m2
Superficie construida: 360m2

Descripción de la propiedad:
PLANTA BAJA:
- Living social
- Comedor social
- Baño social
- Comedor diario
- Cocina
- Quincho
- Patio con piscina
- Área de servicio
- Lavanderia
- Cochera para 2 autos

PLANTA ALTA:
- 1 dormitorio master suite
- 3 dormitorios con placares
- 1 baño compartido
- Estar familiar

Ubicación: https://maps.app.goo.gl/xoXYyqTA6cAf6eV96",Casa - Venta - Paraguay Asunción Manorá,4.0,4.0,143063136-307,29/06/2025,,Asuncion,,,Elizabeth Daniel,,,,,,,,,,,,,,,,,,,,,,,,,1.0,720,,,,,360.0
https://www.remax.com.py/es-py/propiedades/terreno/venta/recoleta/calle-sin-nombre-entre-saravi-y-mauricio-cardozo-o-calle-sin-nombre-entre-saravi-y-mauricio-cardozo-o/143036045-182,Terreno,,348000 USD,"🏗️ Oportunidad de inversión en Asunción Ideal para desarrolladores

Ubicación estratégica en una calle sin salida a metros de Las Palmeras, a solo 8 cuadras de la Av. República Argentina y 9 cuadras del Shopping Mariscal.
Una zona de alta demanda con excelente proyección urbanística y rodeada de servicios premium.

Datos clave para desarrollo inmobiliario:

Superficie total: 763 m² (dos terrenos juntos)

Frente amplio: 26 metros

Profundidades: 28 y 29 metros

Zonificación: AR2B

Coeficiente de edificabilidad: 3.25

Tasa de ocupación del suelo: 65% (para multifamiliar)


Ideal para: ✔️ Proyectos de departamentos
✔️ Desarrollos de media densidad
✔️ Emprendimientos de renta o reventa


---

🏡 El hogar perfecto también para vivir

¿Buscas una zona residencial, tranquila y con excelente ubicación?
Esta propiedad está en una calle sin salida, con el encanto de un barrio tranquilo, ideal para caminar, vivir y disfrutar en familia.

Estás rodeado de lugares que suman calidad de vida:

Restaurantes como Doña Angela y churrasquerías tradicionales

Colegios reconocidos: Las Almenas y Campo Alto

A pocos minutos del Shopping Mariscal y avenidas principales


Con 763 m² totales y 26 metros de frente, podés soñar con un gran patio, jardín, quincho o piscina. ¡Un espacio único para construir la casa que siempre imaginaste!",Terreno - Venta - Paraguay Asunción Recoleta,,,143036045-182,29/06/2025,,Asuncion,,,Jazmin Cibils,,,,,,,,,,,,,,,,,,,,,,,,,1.0,763,,,,,
https://www.remax.com.py/es-py/propiedades/departamento/venta/recoleta/143056058-2,Departamento,,61800 USD,Invicta Recoleta 6E,Departamento - Venta - Paraguay Asunción Recoleta,1.0,1.0,143056058-2,29/06/2025,,Asuncion,,,Thomas Cravey,,,,,,,,,,,,,,,,,,,,,,,,,1.0,41,,,,,
https://www.remax.com.py/es-py/propiedades/departamento/venta/san-vicente/gondra-y-pirizal-a-3-cuadras-de-la-avda-gral-santos/143093005-70,Departamento,,75000 USD,"En Venta Departamento en Barrio San Vicente.
Edifcio Ventura San Vicente
cuenta con:
- Sala/Comedor
-Cocina Amoblada Achon
-Area de Lavado
-1 baño social/Familiar
- 2 dormitorios, una de ellas en suite (ambas con placard)
-Un balcón con una hermosa vista de Asuncion desde el 5to piso

Obs: Todos los Ambientes cuentan con AA., esta unidad no cuenta con cochera, pero existe la posibilidad de alquilar.

El edificio cuenta con una elegante recepción
Guardia 24 hs con circuito cerrado en todos los pisos.

El departamento se encuentra ubicado a 3 cuadras de la Avda Gral Santos, a minutos del Colegio Alpha College, Universidad Católica, a pasos de Supermercados, Gym, Farmacias todo a mano.
A 10 min del Centro de Asuncion.",Departamento - Venta - Paraguay Asunción San Vicente,2.0,2.0,143093005-70,29/06/2025,,Asuncion,,,Fátima Escobar,,,,,,,,,,,,,,,,,,,,,,,,,1.0,90,,,,,
https://www.remax.com.py/es-py/propiedades/departamento/venta/barrio-jara/143091038-45,Departamento,,75000 USD,"Departamento de 44,48 m², diseñado para brindarte comodidad y bienestar.

🛏️ Dormitorio con vestidor

🛁 Baño: Completo y funcional,.

🛋️ Sala y comedor: Un ambiente luminoso y cálido.

🍽️ Cocina: Moderna y práctica..

🌅 Balcón: Un rincón especial donde podrás respirar aire fresco.

🚗 Cochera: De 17,41 m²

🗄️ Baulera: De 2,16 m², un espacio extra para guardar lo que más valoras.

Este departamento combina funcionalidad y calidez, ofreciéndote un lugar donde cada rincón te hará sentir en casa.

¿Te gustaría que te ayude a coordinar una visita o tienes alguna otra consulta? ¡Estoy aquí para acompañarte en este emocionante paso!",Departamento - Venta - Paraguay Asunción Barrio Jara,1.0,1.0,143091038-45,29/06/2025,,Asuncion,,,Andrea Acosta,,,,,,,,,,,,,,,,,,,,,,,,,1.0,44.48,,,,,44.48
https://www.remax.com.py/es-py/propiedades/departamento/venta/obrero/143009002-112,Departamento,,240000000 GS,"¡Descubre tu nuevo hogar en el corazón de Asunción! Este hermoso está ubicado en el animado barrio de Obrero, en la dirección Estados Unidos esquina Lomas Valentinas, piso 6 Nº 605.
Destacado por su diseño moderno y excelente estado, este departamento es ideal para quienes buscan una propiedad residencial única.

El dpto, cuenta con:
1 dormitorio con placard
1 baño
Sala Comedor con modular
Cocina amoblada e integrada
Espacios climatizados con 2 aires acondicionados

Acceso por ascensor y escaleras de emergencia
Iluminación en pasillo con sensor de movimiento
Sistema de prevención de incendios
Sin cochera

Ambientes amplios, de finas terminaciones, bien iluminados y con equipamientos de alta calidad, hacen del Edificio LOMA TARUMÁ una excelente inversión para quienes buscan su primera vivienda en Asunción, además de ser una atractiva opción de rentabilidad.

¡No pierdas esta oportunidad única de vivir donde siempre quisiste! Contáctanos para más información y agenda tu visita hoy mismo.

OBS: DPTO. PARA INVERIÓN CON RENTA ACTIVA.

https://maps.app.goo.gl/qsP79SBudz2gmVr8A",Departamento - Venta - Paraguay Asunción Obrero,1.0,1.0,143009002-112,29/06/2025,,Asuncion,,,Rosana Fernandez,,,,,,,,,,,,,,,,,,,,,,,,,1.0,41.83,,,,,
https://www.remax.com.py/es-py/propiedades/departamento/venta/villa-aurelia/facundo-machain-c-cap-pedro-villamayor/143082002-216,Departamento,,82000 USD,"💢En Venta - Oferta💢

Unidad 4E - Piso 4

📌Ubicación: Villa Aurelia

✅ 60 m2 propios
✅ 1 Dormitorio
✅ 1 Baño
✅ Living comedor
✅ Cocina integrada
✅ Garage para 1 auto
✅ Quincho, parrilla y piscina

PRECIO OFERTA: $. 82.000
Con renta inmediata.

Se aceptan mascotas y parrilla portátil en balcón.

https://maps.app.goo.gl/zUq6QE6LPY5GE7scA",Departamento - Venta - Paraguay Asunción Villa Aurelia,1.0,1.0,143082002-216,29/06/2025,,Asuncion,,,Gerardo Rojas,,,,,,,,,,,,,,,,,,,,,,,,,1.0,60,,,,,
https://www.remax.com.py/es-py/propiedades/departamento/venta/recoleta/143009020-177,Departamento,,84900 USD,"🚨 EN VENTA 🚨

🏬 Departamento de 1 dormitorio en Trinity Tower 1 📈

📍 Calle Pappalardo entre Tte. 2do Máximo Caballero, Bº Ytay, Asunción (detrás del CIT)

✅ Cuenta con: 1 habitación con placard, aire acondicionado en todos los ambientes, 1 baño, cocina amoblada y balcón.

➡️Amenities:
-Área de juegos para niños
-Gimnasio
-2 quinchos equipados climatizados
-Piscina
-Supermercado Biggie en planta baja

🔰Piso: 5to
🔰Unidad: 5D Bloque A
🔰Baulera: Nivel 1 Nº B6
🔰Cochera: Nivel 1 Nº 13",Departamento - Venta - Paraguay Asunción Recoleta,1.0,1.0,143009020-177,29/06/2025,,Asuncion,,,Luz Dominguez,,,,,,,,,,,,,,,,,,,,,,,,,1.0,50,,,,,
https://www.remax.com.py/es-py/propiedades/departamento/venta/villa-aurelia/facundo-machain-c-cap-pedro-villamayor/143082002-215,Departamento,,90000 USD,"💢En Venta - Oferta💢

Unidad 4C - Piso 4

📌Ubicación: Villa Aurelia

✅ 66m2 propios
✅ 1 Dormitorio
✅ 1 Baño
✅ Living comedor
✅ Cocina integrada
✅ Garage para 1 auto
✅ Quincho, parrilla y piscina

PRECIO OFERTA: $. 90.000
Con renta inmediata.

Se aceptan mascotas y parrilla portátil en balcón.

Link de la ubicación https://maps.app.goo.gl/zUq6QE6LPY5GE7scA",Departamento - Venta - Paraguay Asunción Villa Aurelia,1.0,1.0,143082002-215,29/06/2025,,Asuncion,,,Gerardo Rojas,,,,,,,,,,,,,,,,,,,,,,,,,1.0,66,,,,,
https://www.remax.com.py/es-py/propiedades/departamento/venta/villa-aurelia/facundo-machain-c-cap-pedro-villamayor/143082002-214,Departamento,,95000 USD,"💢En Venta - Oferta💢

Departamento con renta inmediata 4to piso

📌Ubicación: Villa Aurelia

✅ 76m2 propios
✅ 2 Dormitorios
✅ 1 Baño
✅ Living comedor
✅ Cocina integrada
✅ Garage para 1 auto
✅ Quincho, parrilla y piscina

PRECIO OFERTA: $. 95.000

Se aceptan mascotas y parrilla portátil en balcón.
Link de la ubicación https://maps.app.goo.gl/8tutjaL4KwNBira56",Departamento - Venta - Paraguay Asunción Villa Aurelia,1.0,2.0,143082002-214,29/06/2025,,Asuncion,,,Gerardo Rojas,,,,,,,,,,,,,,,,,,,,,,,,,1.0,76,,,,,
https://www.remax.com.py/es-py/propiedades/departamento/venta/villa-aurelia/facundo-machain-c-cap-pedro-villamayor/143082002-213,Departamento,,95000 USD,"💢En Venta - Oferta💢

Departamento con renta inmediata- 1er piso

📌Ubicación: Villa Aurelia

✅ 76m2 propios
✅ 2 Dormitorios
✅ 1 Baño
✅ Living comedor
✅ Cocina integrada
✅ Garage para 1 auto
✅ Quincho, parrilla y piscina

PRECIO OFERTA: $. 95.000

Se aceptan mascotas y parrilla portátil en balcón.
Link de la ubicación https://maps.app.goo.gl/8tutjaL4KwNBira56",Departamento - Venta - Paraguay Asunción Villa Aurelia,1.0,2.0,143082002-213,29/06/2025,,Asuncion,,,Gerardo Rojas,,,,,,,,,,,,,,,,,,,,,,,,,1.0,76,,,,,76.0
https://www.remax.com.py/es-py/propiedades/departamento/venta/las-lomas-carmelitas/avenida-san-martin-y-la-calle-papa-juan-xxiii-avenida-san-martin-y-la-calle-papa-juan-xxiii-en/143025069-227,Sin Tipo,,137575 USD,"Te presento una excelente oportunidad de inversión o residencia en uno de los proyectos más innovadores y completos de la capital: el Edificio Home Stay San Martín, ubicado estratégicamente sobre la Av. San Martín, entre las calles Papa Juan XXIII y Federación Rusa, en el prestigioso barrio Manorá de Asunción. A solo pasos del Shopping del Sol, el World Trade Center y Paseo La Galería, este proyecto se sitúa en el principal eje corporativo y comercial de la ciudad.

Este departamento de 2 dormitorios, con una superficie total de 60,76 m², ha sido diseñado pensando en la funcionalidad, el confort y el estilo moderno. Cada ambiente ha sido optimizado para aprovechar la luz natural, con una distribución eficiente y acabados de alta calidad.

🏢 Características del Edificio:
22 niveles de construcción

115 departamentos residenciales

Arquitectura contemporánea y diseño funcional

Seguridad y recepción las 24 horas

🌟 Amenities y Servicios Exclusivos:
Piscina con solárium y área infantil (4º piso)

Gimnasio totalmente equipado

Rooftop con Lounge Resto-Bar y vistas panorámicas

Quinchos climatizados con parrilla

Área de coworking y salas de reuniones

Lobby con cafetería y espacios de espera

Lavandería con casilleros para personal

Servicio opcional de mucama 24/7

Cocheras techadas disponibles (adquiribles por separado)

🧠 Tecnología y Comodidades:
Cerraduras electrónicas SMART

Ambientes climatizados

Cocinas equipadas

Conectividad y eficiencia energética

Este proyecto ofrece también una modalidad ideal para quienes buscan renta a corto o largo plazo, con un sistema de administración de alquileres gestionado por la propia desarrolladora, lo que permite al propietario generar ingresos sin involucrarse en la operativa diaria.

Para más información o agendar una visita, contáctame y descubrí cómo este departamento puede convertirse en tu próximo hogar o en una inversión estratégica en una de las zonas más dinámicas de Asunción.",Departamento - Venta - Paraguay Asunción Las Lomas (Carmelitas),2.0,2.0,143025069-227,29/06/2025,,Asuncion,,,Camila Otazu,,,,,,,,,,,,,,,,,,,,,,,,,1.0,67.11,,,,,67.11
https://www.remax.com.py/es-py/propiedades/departamento/venta/las-lomas-carmelitas/avenida-san-martin-y-la-calle-papa-juan-xxiii-avenida-san-martin-y-la-calle-papa-juan-xxiii-en/143025069-225,Departamento,,90900 USD,"Una excelente oportunidad de inversión o primera vivienda en uno de los proyectos más innovadores y completos de la capital: el Edificio Home Stay San Martín, ubicado estratégicamente sobre la Av. San Martín, entre las calles Papa Juan XXIII y Federación Rusa, en el prestigioso barrio Manorá de Asunción. A solo pasos del Shopping del Sol, el World Trade Center y Paseo La Galería, este proyecto se sitúa en el principal eje corporativo y comercial de la ciudad.

Este departamento de 1 dormitorio, con una superficie total de 45,01 m², ha sido diseñado para ofrecer funcionalidad y confort en un solo ambiente integrado. Cuenta con una distribución moderna, excelente iluminación natural y acabados de alta calidad, ideal para profesionales, estudiantes o como propiedad de inversión.

🏢 Características del Edificio:
22 niveles de construcción

115 departamentos residenciales

Arquitectura contemporánea y diseño funcional

Seguridad y recepción las 24 horas

🌟 Amenities y Servicios Exclusivos:
Piscina con solárium y área infantil (4º piso)

Gimnasio totalmente equipado

Rooftop con Lounge Resto-Bar y vistas panorámicas

Quinchos climatizados con parrilla

Área de coworking y salas de reuniones

Lobby con cafetería y espacios de espera

Lavandería con casilleros para personal

Servicio opcional de mucama 24/7

Cocheras techadas disponibles (adquiribles por separado)

🧠 Tecnología y Comodidades:
Cerraduras electrónicas SMART

Ambientes climatizados

Cocinas equipadas

Conectividad y eficiencia energética

Este proyecto ofrece también una modalidad ideal para quienes buscan renta a corto o largo plazo, con un sistema de administración de alquileres gestionado por la propia desarrolladora, lo que permite al propietario generar ingresos sin involucrarse en la operativa diaria.

¿Te interesa esta unidad o querés saber más? Contactame y coordinamos una visita privada.",Departamento - Venta - Paraguay Asunción Las Lomas (Carmelitas),2.0,1.0,143025069-225,29/06/2025,,Asuncion,,,Camila Otazu,,,,,,,,,,,,,,,,,,,,,,,,,1.0,45.01,,,,,45.01
https://www.remax.com.py/es-py/propiedades/departamento/venta/las-lomas-carmelitas/avenida-san-martin-y-la-calle-papa-juan-xxiii-avenida-san-martin-y-la-calle-papa-juan-xxiii-en/143025069-224,Departamento,,66420 USD,,Departamento - Venta - Paraguay Asunción Las Lomas (Carmelitas),,,,29/06/2025,,Asuncion,,,,,,,,,,,,,,,,,,,,,,,,,,,,1.0,,,,,,
https://www.remax.com.py/es-py/propiedades/departamento/venta/recoleta/143056031-621,Departamento,,,,,,,,29/06/2025,,Asuncion,,,,,,,,,,,,,,,,,,,,,,,,,,,,1.0,,,,,,
https://www.remax.com.py/es-py/propiedades/departamento/venta/las-lomas-carmelitas/avenida-san-martin-y-la-calle-papa-juan-xxiii-avenida-san-martin-y-la-calle-papa-juan-xxiii-en/143025069-223,Departamento,,,,,,,,29/06/2025,,Asuncion,,,,,,,,,,,,,,,,,,,,,,,,,,,,1.0,,,,,,
https://www.remax.com.py/es-py/propiedades/departamento/venta/las-lomas-carmelitas/avenida-san-martin-y-la-calle-papa-juan-xxiii-avenida-san-martin-y-la-calle-papa-juan-xxiii-en/143025069-222,Departamento,,,,,,,,29/06/2025,,Asuncion,,,,,,,,,,,,,,,,,,,,,,,,,,,,1.0,,,,,,
https://www.remax.com.py/es-py/propiedades/departamento/venta/las-lomas-carmelitas/avenida-san-martin-y-la-calle-papa-juan-xxiii-avenida-san-martin-y-la-calle-papa-juan-xxiii-en/143025069-221,Departamento,,,,,,,,29/06/2025,,Asuncion,,,,,,,,,,,,,,,,,,,,,,,,,,,,1.0,,,,,,
https://www.remax.com.py/es-py/propiedades/departamento/venta/las-lomas-carmelitas/avenida-san-martin-y-la-calle-papa-juan-xxiii-avenida-san-martin-y-la-calle-papa-juan-xxiii-en/143025069-220,Departamento,,,,,,,,29/06/2025,,Asuncion,,,,,,,,,,,,,,,,,,,,,,,,,,,,1.0,,,,,,
https://www.remax.com.py/es-py/propiedades/departamento/venta/las-lomas-carmelitas/avenida-san-martin-y-la-calle-papa-juan-xxiii-avenida-san-martin-y-la-calle-papa-juan-xxiii-en/143025069-219,Departamento,,,,,,,,29/06/2025,,Asuncion,,,,,,,,,,,,,,,,,,,,,,,,,,,,1.0,,,,,,
https://www.remax.com.py/es-py/propiedades/departamento/venta/las-lomas-carmelitas/avenida-san-martin-y-la-calle-papa-juan-xxiii-avenida-san-martin-y-la-calle-papa-juan-xxiii-en/143025069-218,Departamento,,,,,,,,29/06/2025,,Asuncion,,,,,,,,,,,,,,,,,,,,,,,,,,,,1.0,,,,,,
https://www.remax.com.py/es-py/propiedades/departamento/venta/las-lomas-carmelitas/avenida-san-martin-y-la-calle-papa-juan-xxiii-avenida-san-martin-y-la-calle-papa-juan-xxiii-en/143025069-217,Departamento,,,,,,,,29/06/2025,,Asuncion,,,,,,,,,,,,,,,,,,,,,,,,,,,,1.0,,,,,,
https://www.remax.com.py/es-py/propiedades/departamento/venta/las-lomas-carmelitas/avenida-san-martin-y-la-calle-papa-juan-xxiii-avenida-san-martin-y-la-calle-papa-juan-xxiii-en/143025069-216,Departamento,,,,,,,,29/06/2025,,Asuncion,,,,,,,,,,,,,,,,,,,,,,,,,,,,1.0,,,,,,
https://www.remax.com.py/es-py/propiedades/departamento/venta/las-lomas-carmelitas/avenida-san-martin-y-la-calle-papa-juan-xxiii-avenida-san-martin-y-la-calle-papa-juan-xxiii-en/143025069-215,Departamento,,,,,,,,29/06/2025,,Asuncion,,,,,,,,,,,,,,,,,,,,,,,,,,,,1.0,,,,,,
https://www.remax.com.py/es-py/propiedades/departamento/venta/las-lomas-carmelitas/avenida-san-martin-y-la-calle-papa-juan-xxiii-avenida-san-martin-y-la-calle-papa-juan-xxiii-en/143025069-214,Departamento,,,,,,,,29/06/2025,,Asuncion,,,,,,,,,,,,,,,,,,,,,,,,,,,,1.0,,,,,,
https://www.remax.com.py/es-py/propiedades/departamento/venta/las-lomas-carmelitas/avenida-san-martin-y-la-calle-papa-juan-xxiii-avenida-san-martin-y-la-calle-papa-juan-xxiii-en/143025069-213,Departamento,,,,,,,,29/06/2025,,Asuncion,,,,,,,,,,,,,,,,,,,,,,,,,,,,1.0,,,,,,
https://www.remax.com.py/es-py/propiedades/departamento/venta/las-lomas-carmelitas/avenida-san-martin-y-la-calle-papa-juan-xxiii-avenida-san-martin-y-la-calle-papa-juan-xxiii-en/143025069-212,Departamento,,,,,,,,29/06/2025,,Asuncion,,,,,,,,,,,,,,,,,,,,,,,,,,,,1.0,,,,,,
https://www.remax.com.py/es-py/propiedades/departamento/venta/las-lomas-carmelitas/avenida-san-martin-y-la-calle-papa-juan-xxiii-avenida-san-martin-y-la-calle-papa-juan-xxiii-en/143025069-211,Departamento,,,,,,,,29/06/2025,,Asuncion,,,,,,,,,,,,,,,,,,,,,,,,,,,,1.0,,,,,,
https://www.remax.com.py/es-py/propiedades/departamento/venta/las-lomas-carmelitas/avenida-san-martin-y-la-calle-papa-juan-xxiii-avenida-san-martin-y-la-calle-papa-juan-xxiii-en/143025069-210,Departamento,,,,,,,,29/06/2025,,Asuncion,,,,,,,,,,,,,,,,,,,,,,,,,,,,1.0,,,,,,
https://www.remax.com.py/es-py/propiedades/terreno/venta/ciudad-nueva/avda-peru-esquina-teodoro-s-mongelos-avda-peru-esquina-teodoro-s-mongelos/143063089-81,Terreno,,,,,,,,29/06/2025,,Asuncion,,,,,,,,,,,,,,,,,,,,,,,,,,,,1.0,,,,,,
https://www.remax.com.py/es-py/propiedades/departamento/venta/ycua-sati/143068032-126,Departamento,,,,,,,,29/06/2025,,Asuncion,,,,,,,,,,,,,,,,,,,,,,,,,,,,1.0,,,,,,
https://www.remax.com.py/es-py/propiedades/departamento/venta/manora/av-san-martin-av-san-martin/143025117-40,Departamento,,,,,,,,29/06/2025,,Asuncion,,,,,,,,,,,,,,,,,,,,,,,,,,,,1.0,,,,,,
https://www.remax.com.py/es-py/propiedades/departamento/venta/ycua-sati/143068032-128,Departamento,,,,,,,,29/06/2025,,Asuncion,,,,,,,,,,,,,,,,,,,,,,,,,,,,1.0,,,,,,
https://www.remax.com.py/es-py/propiedades/departamento/venta/ycua-sati/143068032-129,Departamento,,,,,,,,29/06/2025,,Asuncion,,,,,,,,,,,,,,,,,,,,,,,,,,,,1.0,,,,,,
https://www.remax.com.py/es-py/propiedades/terreno/venta/republicano/media-proyectada-casi-enfermera-clarita-media-proyectada-y-enfermera-clarita/143014103-176,Terreno,,,,,,,,29/06/2025,,Asuncion,,,,,,,,,,,,,,,,,,,,,,,,,,,,1.0,,,,,,
https://www.remax.com.py/es-py/propiedades/departamento/venta/ycua-sati/143068032-130,Departamento,,,,,,,,29/06/2025,,Asuncion,,,,,,,,,,,,,,,,,,,,,,,,,,,,1.0,,,,,,
https://www.remax.com.py/es-py/propiedades/departamento/venta/las-lomas-carmelitas/avenida-san-martin-y-la-calle-papa-juan-xxiii-avenida-san-martin-y-la-calle-papa-juan-xxiii-en/143025069-208,Departamento,,,,,,,,29/06/2025,,Asuncion,,,,,,,,,,,,,,,,,,,,,,,,,,,,1.0,,,,,,
https://www.remax.com.py/es-py/propiedades/departamento/venta/los-laureles/rivarola-matto-casi-ri2-de-mayo-rivarola-matto-casi-ri2-de-mayo/143063102-292,Departamento,,,,,,,,29/06/2025,,Asuncion,,,,,,,,,,,,,,,,,,,,,,,,,,,,1.0,,,,,,
https://www.remax.com.py/es-py/propiedades/terreno/venta/loma-pyta/sgto-1ro-tomas-lombardo-sgto-1ro-tomas-lombardo/143014005-715,Terreno,,,,,,,,29/06/2025,,Asuncion,,,,,,,,,,,,,,,,,,,,,,,,,,,,1.0,,,,,,
https://www.remax.com.py/es-py/propiedades/departamento/venta/ycua-sati/143068063-197,Departamento,,,,,,,,29/06/2025,,Asuncion,,,,,,,,,,,,,,,,,,,,,,,,,,,,1.0,,,,,,
https://www.remax.com.py/es-py/propiedades/departamento/venta/mariscal-estigarribia/143063152-30,Departamento,,,,,,,,29/06/2025,,Asuncion,,,,,,,,,,,,,,,,,,,,,,,,,,,,1.0,,,,,,
https://www.remax.com.py/es-py/propiedades/departamento/venta/san-vicente/edificio-robelini-el-carmen-y-cap-bernardino-cab/143014041-428,Departamento,,,,,,,,29/06/2025,,Asuncion,,,,,,,,,,,,,,,,,,,,,,,,,,,,1.0,,,,,,
https://www.remax.com.py/es-py/propiedades/departamento/venta/santa-maria/san-jorge-san-jorge-c-juana-maria-de-lara/143014146-139,Departamento,,,,,,,,29/06/2025,,Asuncion,,,,,,,,,,,,,,,,,,,,,,,,,,,,1.0,,,,,,
https://www.remax.com.py/es-py/propiedades/departamento/venta/santa-maria/san-jorge-san-jorge-c-juana-maria-de-lara/143014146-138,Departamento,,,,,,,,29/06/2025,,Asuncion,,,,,,,,,,,,,,,,,,,,,,,,,,,,1.0,,,,,,
https://www.remax.com.py/es-py/propiedades/casa/venta/barrio-jara/san-salvador-san-salvador-y-mayor-julio-otano/143063091-74,Casa,,,,,,,,29/06/2025,,Asuncion,,,,,,,,,,,,,,,,,,,,,,,,,,,,1.0,,,,,,
https://www.remax.com.py/es-py/propiedades/oficina/venta/ycua-sati/143025201-4,Oficina,,,,,,,,29/06/2025,,Asuncion,,,,,,,,,,,,,,,,,,,,,,,,,,,,1.0,,,,,,
https://www.remax.com.py/es-py/propiedades/oficina/venta/ycua-sati/143025201-3,Oficina,,,,,,,,29/06/2025,,Asuncion,,,,,,,,,,,,,,,,,,,,,,,,,,,,1.0,,,,,,
https://www.remax.com.py/es-py/propiedades/oficina/venta/ycua-sati/143025201-2,Oficina,,,,,,,,29/06/2025,,Asuncion,,,,,,,,,,,,,,,,,,,,,,,,,,,,1.0,,,,,,
https://www.remax.com.py/es-py/propiedades/departamento/venta/ycua-sati/143068063-198,Departamento,,,,,,,,29/06/2025,,Asuncion,,,,,,,,,,,,,,,,,,,,,,,,,,,,1.0,,,,,,
https://www.remax.com.py/es-py/propiedades/departamento/venta/ycua-sati/143068063-199,Departamento,,,,,,,,29/06/2025,,Asuncion,,,,,,,,,,,,,,,,,,,,,,,,,,,,1.0,,,,,,
https://www.remax.com.py/es-py/propiedades/departamento/venta/ycua-sati/143068063-200,Departamento,,,,,,,,29/06/2025,,Asuncion,,,,,,,,,,,,,,,,,,,,,,,,,,,,1.0,,,,,,
https://www.remax.com.py/es-py/propiedades/departamento/venta/ycua-sati/143068063-201,Departamento,,,,,,,,29/06/2025,,Asuncion,,,,,,,,,,,,,,,,,,,,,,,,,,,,1.0,,,,,,
https://www.remax.com.py/es-py/propiedades/departamento/venta/ytay/santa-margarita-c-las-mercedes-zona-cit/143025145-246,Departamento,,,,,,,,29/06/2025,,Asuncion,,,,,,,,,,,,,,,,,,,,,,,,,,,,1.0,,,,,,
https://www.remax.com.py/es-py/propiedades/casa/venta/ytay/143068096-10,Casa,,,,,,,,29/06/2025,,Asuncion,,,,,,,,,,,,,,,,,,,,,,,,,,,,1.0,,,,,,
https://www.remax.com.py/es-py/propiedades/casa/venta/catedral/caballero-casi-tte-farina/143013003-359,Casa,,,,,,,,29/06/2025,,Asuncion,,,,,,,,,,,,,,,,,,,,,,,,,,,,1.0,,,,,,
https://www.remax.com.py/es-py/propiedades/departamento/venta/manora/143068063-202,Departamento,,,,,,,,29/06/2025,,Asuncion,,,,,,,,,,,,,,,,,,,,,,,,,,,,1.0,,,,,,
https://www.remax.com.py/es-py/propiedades/departamento/venta/manora/143068063-203,Departamento,,,,,,,,29/06/2025,,Asuncion,,,,,,,,,,,,,,,,,,,,,,,,,,,,1.0,,,,,,
https://www.remax.com.py/es-py/propiedades/departamento/venta/manora/143068063-204,Departamento,,,,,,,,29/06/2025,,Asuncion,,,,,,,,,,,,,,,,,,,,,,,,,,,,1.0,,,,,,
https://www.remax.com.py/es-py/propiedades/departamento/venta/manora/143068063-205,Departamento,,,,,,,,29/06/2025,,Asuncion,,,,,,,,,,,,,,,,,,,,,,,,,,,,1.0,,,,,,
https://www.remax.com.py/es-py/propiedades/departamento/venta/las-lomas-carmelitas/bruselas-1792-asuncion-001410/143056047-63,Departamento,,,,,,,,29/06/2025,,Asuncion,,,,,,,,,,,,,,,,,,,,,,,,,,,,1.0,,,,,,
https://www.remax.com.py/es-py/propiedades/casa/venta/santa-maria/143089099-11,Casa,,,,,,,,29/06/2025,,Asuncion,,,,,,,,,,,,,,,,,,,,,,,,,,,,1.0,,,,,,
https://www.remax.com.py/es-py/propiedades/oficina/venta/ycua-sati/143025201-1,Oficina,,,,,,,,29/06/2025,,Asuncion,,,,,,,,,,,,,,,,,,,,,,,,,,,,1.0,,,,,,
https://www.remax.com.py/es-py/propiedades/departamento/venta/las-mercedes/avda-gral-santos-esquina-avda-espana/143097001-59,Departamento,,,,,,,,29/06/2025,,Asuncion,,,,,,,,,,,,,,,,,,,,,,,,,,,,1.0,,,,,,
https://www.remax.com.py/es-py/propiedades/departamento/venta/las-mercedes/padre-cardozo-esq-juan-de-salazar-y-espinoza-padre-cardozo-esq-juan-de-salazar-y-espinoza/143025205-7,Departamento,,,,,,,,29/06/2025,,Asuncion,,,,,,,,,,,,,,,,,,,,,,,,,,,,1.0,,,,,,
https://www.remax.com.py/es-py/propiedades/departamento/venta/las-mercedes/padre-cardozo-esq-juan-de-salazar-y-espinoza-padre-cardozo-esq-juan-de-salazar-y-espinoza/143025205-6,Departamento,,,,,,,,29/06/2025,,Asuncion,,,,,,,,,,,,,,,,,,,,,,,,,,,,1.0,,,,,,
https://www.remax.com.py/es-py/propiedades/departamento/venta/las-mercedes/padre-cardozo-esq-juan-de-salazar-y-espinoza-padre-cardozo-esq-juan-de-salazar-y-espinoza/143025205-5,Departamento,,,,,,,,29/06/2025,,Asuncion,,,,,,,,,,,,,,,,,,,,,,,,,,,,1.0,,,,,,
https://www.remax.com.py/es-py/propiedades/departamento/venta/las-mercedes/padre-cardozo-esq-juan-de-salazar-y-espinoza-padre-cardozo-esq-juan-de-salazar-y-espinoza/143025205-4,Departamento,,,,,,,,29/06/2025,,Asuncion,,,,,,,,,,,,,,,,,,,,,,,,,,,,1.0,,,,,,
https://www.remax.com.py/es-py/propiedades/departamento/venta/las-lomas-carmelitas/narciso-colman-esq-caceres-zorrilla/143063080-130,Departamento,,,,,,,,29/06/2025,,Asuncion,,,,,,,,,,,,,,,,,,,,,,,,,,,,1.0,,,,,,
https://www.remax.com.py/es-py/propiedades/departamento/venta/las-lomas-carmelitas/narciso-colman-esq-caceres-zorrilla/143063080-129,Departamento,,,,,,,,29/06/2025,,Asuncion,,,,,,,,,,,,,,,,,,,,,,,,,,,,1.0,,,,,,
https://www.remax.com.py/es-py/propiedades/departamento/venta/las-lomas-carmelitas/narciso-colman-esq-caceres-zorrilla/143063080-128,Departamento,,,,,,,,29/06/2025,,Asuncion,,,,,,,,,,,,,,,,,,,,,,,,,,,,1.0,,,,,,
https://www.remax.com.py/es-py/propiedades/departamento/venta/las-lomas-carmelitas/dr-cirilo-caceres-dr-cirilo-caceres-y-narciso-colman/143063187-35,Departamento,,,,,,,,29/06/2025,,Asuncion,,,,,,,,,,,,,,,,,,,,,,,,,,,,1.0,,,,,,
https://www.remax.com.py/es-py/propiedades/local-comercial/venta/las-lomas-carmelitas/papa-juan-xxiii-esq-caceres-zorrilla/143063080-127,Local Comercial,,,,,,,,29/06/2025,,Asuncion,,,,,,,,,,,,,,,,,,,,,,,,,,,,1.0,,,,,,
https://www.remax.com.py/es-py/propiedades/departamento/venta/las-lomas-carmelitas/narciso-r-colman-narciso-r-colman/143063187-34,Departamento,,,,,,,,29/06/2025,,Asuncion,,,,,,,,,,,,,,,,,,,,,,,,,,,,1.0,,,,,,
https://www.remax.com.py/es-py/propiedades/oficina/venta/las-lomas-carmelitas/papa-juan-xxiii-esq-caceres-zorrilla/143063080-126,Oficina,,,,,,,,29/06/2025,,Asuncion,,,,,,,,,,,,,,,,,,,,,,,,,,,,1.0,,,,,,
https://www.remax.com.py/es-py/propiedades/departamento-con-servicio-de-hotel/venta/las-lomas-carmelitas/dr-cirilo-caceres-zorrilla/143063187-32,Departamento con servicio de Hotel,,,,,,,,29/06/2025,,Asuncion,,,,,,,,,,,,,,,,,,,,,,,,,,,,1.0,,,,,,
https://www.remax.com.py/es-py/propiedades/departamento/venta/las-mercedes/padre-cardozo-esq-juan-de-salazar-y-espinoza-padre-cardozo-esq-juan-de-salazar-y-espinoza/143025204-24,Departamento,,,,,,,,29/06/2025,,Asuncion,,,,,,,,,,,,,,,,,,,,,,,,,,,,1.0,,,,,,
https://www.remax.com.py/es-py/propiedades/departamento/venta/salvador-del-mundo/143075153-8,Departamento,,,,,,,,29/06/2025,,Asuncion,,,,,,,,,,,,,,,,,,,,,,,,,,,,1.0,,,,,,
https://www.remax.com.py/es-py/propiedades/departamento/venta/manora/143068063-206,Departamento,,,,,,,,29/06/2025,,Asuncion,,,,,,,,,,,,,,,,,,,,,,,,,,,,1.0,,,,,,
https://www.remax.com.py/es-py/propiedades/terreno/venta/san-cristobal/143054072-59,Terreno,,,,,,,,29/06/2025,,Asuncion,,,,,,,,,,,,,,,,,,,,,,,,,,,,1.0,,,,,,
https://www.remax.com.py/es-py/propiedades/departamento/venta/recoleta/143056046-53,Departamento,,,,,,,,29/06/2025,,Asuncion,,,,,,,,,,,,,,,,,,,,,,,,,,,,1.0,,,,,,
https://www.remax.com.py/es-py/propiedades/departamento/venta/recoleta/143056046-52,Departamento,,,,,,,,29/06/2025,,Asuncion,,,,,,,,,,,,,,,,,,,,,,,,,,,,1.0,,,,,,
https://www.remax.com.py/es-py/propiedades/departamento/venta/recoleta/143056046-51,Departamento,,,,,,,,29/06/2025,,Asuncion,,,,,,,,,,,,,,,,,,,,,,,,,,,,1.0,,,,,,
https://www.remax.com.py/es-py/propiedades/departamento/venta/recoleta/143056046-48,Departamento,,,,,,,,29/06/2025,,Asuncion,,,,,,,,,,,,,,,,,,,,,,,,,,,,1.0,,,,,,
https://www.remax.com.py/es-py/propiedades/departamento/venta/recoleta/143056046-47,Departamento,,,,,,,,29/06/2025,,Asuncion,,,,,,,,,,,,,,,,,,,,,,,,,,,,1.0,,,,,,
https://www.remax.com.py/es-py/propiedades/departamento/venta/las-lomas-carmelitas/narciso-colman-esq-juan-max-boettner/143063080-125,Departamento,,,,,,,,29/06/2025,,Asuncion,,,,,,,,,,,,,,,,,,,,,,,,,,,,1.0,,,,,,
https://www.remax.com.py/es-py/propiedades/departamento/venta/villa-morra/143063179-32,Departamento,,,,,,,,29/06/2025,,Asuncion,,,,,,,,,,,,,,,,,,,,,,,,,,,,1.0,,,,,,
https://www.remax.com.py/es-py/propiedades/casa/venta/herrera/3558-4-de-julio-c-cap-abente-4-de-julio-c-cap-abente/143061085-6,Casa,,,,,,,,29/06/2025,,Asuncion,,,,,,,,,,,,,,,,,,,,,,,,,,,,1.0,,,,,,
https://www.remax.com.py/es-py/propiedades/departamento/venta/las-lomas-carmelitas/prof-manuel-riquelme-prof-manuel-riquelme-c-cecilio-da-silva-lovera/143063187-30,Departamento,,,,,,,,29/06/2025,,Asuncion,,,,,,,,,,,,,,,,,,,,,,,,,,,,1.0,,,,,,
https://www.remax.com.py/es-py/propiedades/departamento/venta/las-lomas-carmelitas/prof-manuel-riquelme-prof-manuel-riquelme-c-cecilio-da-silva-lovera/143063187-29,Departamento,,,,,,,,29/06/2025,,Asuncion,,,,,,,,,,,,,,,,,,,,,,,,,,,,1.0,,,,,,
https://www.remax.com.py/es-py/propiedades/departamento/venta/las-lomas-carmelitas/prof-manuel-riquelme-prof-manuel-riquelme-c-cecilio-da-silva-lovera/143063187-28,Departamento,,,,,,,,29/06/2025,,Asuncion,,,,,,,,,,,,,,,,,,,,,,,,,,,,1.0,,,,,,
https://www.remax.com.py/es-py/propiedades/departamento/venta/san-vicente/143037129-8,Departamento,,,,,,,,29/06/2025,,Asuncion,,,,,,,,,,,,,,,,,,,,,,,,,,,,1.0,,,,,,
https://www.remax.com.py/es-py/propiedades/oficina/venta/vista-alegre/143037112-44,Oficina,,,,,,,,29/06/2025,,Asuncion,,,,,,,,,,,,,,,,,,,,,,,,,,,,1.0,,,,,,
https://www.remax.com.py/es-py/propiedades/departamento/venta/villa-morra/charles-de-gaulle-villa-morra/143025155-194,Departamento,,,,,,,,29/06/2025,,Asuncion,,,,,,,,,,,,,,,,,,,,,,,,,,,,1.0,,,,,,
https://www.remax.com.py/es-py/propiedades/terreno/venta/las-mercedes/juan-de-salazar-y-boqueron-juan-de-salazar-c-boqueron/143037112-43,Terreno,,,,,,,,29/06/2025,,Asuncion,,,,,,,,,,,,,,,,,,,,,,,,,,,,1.0,,,,,,
https://www.remax.com.py/es-py/propiedades/departamento/venta/sajonia/143025116-42,Departamento,,,,,,,,29/06/2025,,Asuncion,,,,,,,,,,,,,,,,,,,,,,,,,,,,1.0,,,,,,
https://www.remax.com.py/es-py/propiedades/terreno/venta/ycua-sati/143084038-50,Terreno,,,,,,,,29/06/2025,,Asuncion,,,,,,,,,,,,,,,,,,,,,,,,,,,,1.0,,,,,,
https://www.remax.com.py/es-py/propiedades/terreno/venta/ycua-sati/143084038-48,Terreno,,,,,,,,29/06/2025,,Asuncion,,,,,,,,,,,,,,,,,,,,,,,,,,,,1.0,,,,,,
https://www.remax.com.py/es-py/propiedades/terreno/venta/ycua-sati/143084038-49,Terreno,,,,,,,,29/06/2025,,Asuncion,,,,,,,,,,,,,,,,,,,,,,,,,,,,1.0,,,,,,
https://www.remax.com.py/es-py/propiedades/casa/venta/republicano/dr-raul-casal-entre-practicante-dionicio-jara-y-p-dr-raul-casal-casi-pizarro/143014103-175,Casa,,,,,,,,29/06/2025,,Asuncion,,,,,,,,,,,,,,,,,,,,,,,,,,,,1.0,,,,,,
https://www.remax.com.py/es-py/propiedades/departamento/venta/recoleta/mariano-molas-c-toribio-pacheco/143056056-34,Departamento,,,,,,,,29/06/2025,,Asuncion,,,,,,,,,,,,,,,,,,,,,,,,,,,,1.0,,,,,,
https://www.remax.com.py/es-py/propiedades/departamento/venta/recoleta/mariano-molas-c-toribio-pacheco/143056056-33,Departamento,,,,,,,,29/06/2025,,Asuncion,,,,,,,,,,,,,,,,,,,,,,,,,,,,1.0,,,,,,
https://www.remax.com.py/es-py/propiedades/departamento/venta/recoleta/mariano-molas-c-toribio-pacheco/143056056-32,Departamento,,,,,,,,29/06/2025,,Asuncion,,,,,,,,,,,,,,,,,,,,,,,,,,,,1.0,,,,,,
https://www.remax.com.py/es-py/propiedades/departamento/venta/recoleta/143056037-69,Departamento,,,,,,,,29/06/2025,,Asuncion,,,,,,,,,,,,,,,,,,,,,,,,,,,,1.0,,,,,,
https://www.remax.com.py/es-py/propiedades/departamento/venta/carmelitas/molas-lopez-molas-lopez/143063031-243,Departamento,,,,,,,,29/06/2025,,Asuncion,,,,,,,,,,,,,,,,,,,,,,,,,,,,1.0,,,,,,
https://www.remax.com.py/es-py/propiedades/casa/venta/mburucuya/143098054-27,Casa,,,,,,,,29/06/2025,,Asuncion,,,,,,,,,,,,,,,,,,,,,,,,,,,,1.0,,,,,,
https://www.remax.com.py/es-py/propiedades/oficina/venta/ciudad-nueva/azara-presidente-sanchez/143098069-15,Oficina,,,,,,,,29/06/2025,,Asuncion,,,,,,,,,,,,,,,,,,,,,,,,,,,,1.0,,,,,,
https://www.remax.com.py/es-py/propiedades/terreno/venta/las-mercedes/270-nicasio-insaurralde-avda-nicasio-insaurralde-2-cuadras-de-av-brasilia/143038053-23,Terreno,,,,,,,,29/06/2025,,Asuncion,,,,,,,,,,,,,,,,,,,,,,,,,,,,1.0,,,,,,
https://www.remax.com.py/es-py/propiedades/terreno/venta/san-cristobal/143063174-10,Terreno,,,,,,,,29/06/2025,,Asuncion,,,,,,,,,,,,,,,,,,,,,,,,,,,,1.0,,,,,,
https://www.remax.com.py/es-py/propiedades/residencia/venta/san-cristobal/143063174-9,Residencia,,,,,,,,29/06/2025,,Asuncion,,,,,,,,,,,,,,,,,,,,,,,,,,,,1.0,,,,,,
https://www.remax.com.py/es-py/propiedades/departamento/venta/la-encarnacion/143028080-38,Departamento,,,,,,,,29/06/2025,,Asuncion,,,,,,,,,,,,,,,,,,,,,,,,,,,,1.0,,,,,,
https://www.remax.com.py/es-py/propiedades/terreno/venta/san-roque/av-mariscal-lopez-casi-tacuary-av-mariscal-lopez-casi-tacuary/143063076-80,Terreno,,,,,,,,29/06/2025,,Asuncion,,,,,,,,,,,,,,,,,,,,,,,,,,,,1.0,,,,,,
https://www.remax.com.py/es-py/propiedades/departamento/venta/villa-morra/dr-morra-entre-hector-vera-y-avda-espana-dr-morra-entre-hector-vera-y-avda-espana/143014005-714,Departamento,,,,,,,,29/06/2025,,Asuncion,,,,,,,,,,,,,,,,,,,,,,,,,,,,1.0,,,,,,
https://www.remax.com.py/es-py/propiedades/departamento/venta/las-lomas-carmelitas/prof-manuel-riquelme-prof-manuel-riquelme-c-cecilio-da-silva-lovera/143063187-26,Departamento,,,,,,,,29/06/2025,,Asuncion,,,,,,,,,,,,,,,,,,,,,,,,,,,,1.0,,,,,,
https://www.remax.com.py/es-py/propiedades/casa/venta/san-jorge/canada-1824-c-grabadores-del-kabichui-barrio-san/143019093-15,Casa,,,,,,,,29/06/2025,,Asuncion,,,,,,,,,,,,,,,,,,,,,,,,,,,,1.0,,,,,,
https://www.remax.com.py/es-py/propiedades/terreno/venta/san-vicente/143037129-7,Terreno,,,,,,,,29/06/2025,,Asuncion,,,,,,,,,,,,,,,,,,,,,,,,,,,,1.0,,,,,,
https://www.remax.com.py/es-py/propiedades/departamento/venta/recoleta/143056032-184,Departamento,,,,,,,,29/06/2025,,Asuncion,,,,,,,,,,,,,,,,,,,,,,,,,,,,1.0,,,,,,
https://www.remax.com.py/es-py/propiedades/casa/venta/san-vicente/143063136-304,Casa,,,,,,,,29/06/2025,,Asuncion,,,,,,,,,,,,,,,,,,,,,,,,,,,,1.0,,,,,,
https://www.remax.com.py/es-py/propiedades/terreno/venta/loma-pyta/soldado-robutiano-quintana-y-jose-luis-appleyard-soldado-robutiano-quintana-y-jose-luis-appleyard/143063189-28,Terreno,,,,,,,,29/06/2025,,Asuncion,,,,,,,,,,,,,,,,,,,,,,,,,,,,1.0,,,,,,
https://www.remax.com.py/es-py/propiedades/departamento/venta/recoleta/cruz-del-chaco-c-dr-eduardo-lopez-moreira-cruz-del-chaco-c-dr-eduardo-lopez-moreira/143014005-713,Departamento,,,,,,,,29/06/2025,,Asuncion,,,,,,,,,,,,,,,,,,,,,,,,,,,,1.0,,,,,,
https://www.remax.com.py/es-py/propiedades/terreno/venta/loma-pyta/jose-m-zaraza-caballero-jose-m-zaraza-caballero/143019099-9,Terreno,,,,,,,,29/06/2025,,Asuncion,,,,,,,,,,,,,,,,,,,,,,,,,,,,1.0,,,,,,
https://www.remax.com.py/es-py/propiedades/casa/venta/recoleta/4817-carlos-m-gimenez-4817-carlos-m-gimenez/143021018-142,Casa,,,,,,,,29/06/2025,,Asuncion,,,,,,,,,,,,,,,,,,,,,,,,,,,,1.0,,,,,,
https://www.remax.com.py/es-py/propiedades/terreno/venta/herrera/143098059-10,Terreno,,,,,,,,29/06/2025,,Asuncion,,,,,,,,,,,,,,,,,,,,,,,,,,,,1.0,,,,,,
https://www.remax.com.py/es-py/propiedades/terreno/venta/san-jorge/madame-lynch-casi-obispo-basilio-lopez-madame-lynch-casi-obispo-basilio-lopez/143068063-152,Terreno,,,,,,,,29/06/2025,,Asuncion,,,,,,,,,,,,,,,,,,,,,,,,,,,,1.0,,,,,,
https://www.remax.com.py/es-py/propiedades/departamento/venta/san-vicente/el-carmen-y-capitan-francisco-caballeroalvarez/143097001-58,Departamento,,,,,,,,29/06/2025,,Asuncion,,,,,,,,,,,,,,,,,,,,,,,,,,,,1.0,,,,,,
https://www.remax.com.py/es-py/propiedades/casa/venta/recoleta/143098031-37,Casa,,,,,,,,29/06/2025,,Asuncion,,,,,,,,,,,,,,,,,,,,,,,,,,,,1.0,,,,,,
https://www.remax.com.py/es-py/propiedades/casa/venta/san-vicente/juan-z-de-san-martin-fernando-de-magallanes/143054045-79,Casa,,,,,,,,29/06/2025,,Asuncion,,,,,,,,,,,,,,,,,,,,,,,,,,,,1.0,,,,,,
https://www.remax.com.py/es-py/propiedades/terreno/venta/ytay/143063207-1,Terreno,,,,,,,,29/06/2025,,Asuncion,,,,,,,,,,,,,,,,,,,,,,,,,,,,1.0,,,,,,
https://www.remax.com.py/es-py/propiedades/casa/venta/mburucuya/pbro-lorenzo-perez-vellozo-casi-av-molas-lopez-pbro-lorenzo-perez-vellozo-casi-av-molas-lopez/143098018-41,Casa,,,,,,,,29/06/2025,,Asuncion,,,,,,,,,,,,,,,,,,,,,,,,,,,,1.0,,,,,,
https://www.remax.com.py/es-py/propiedades/casa/venta/villa-aurelia/avliberato-m-rojas-e-timoteo-aguirre/143025116-41,Casa,,,,,,,,29/06/2025,,Asuncion,,,,,,,,,,,,,,,,,,,,,,,,,,,,1.0,,,,,,
https://www.remax.com.py/es-py/propiedades/departamento/venta/las-lomas-carmelitas/av-dr-molas-lopez-e-dr-geronimo-zubizarreta-edificio-unico/143025116-40,Departamento,,,,,,,,29/06/2025,,Asuncion,,,,,,,,,,,,,,,,,,,,,,,,,,,,1.0,,,,,,
https://www.remax.com.py/es-py/propiedades/terreno/venta/ycua-sati/143084038-47,Terreno,,,,,,,,29/06/2025,,Asuncion,,,,,,,,,,,,,,,,,,,,,,,,,,,,1.0,,,,,,
https://www.remax.com.py/es-py/propiedades/departamento/venta/general-diaz/mexico-y-rodriguez-de-francia/143097001-56,Departamento,,,,,,,,29/06/2025,,Asuncion,,,,,,,,,,,,,,,,,,,,,,,,,,,,1.0,,,,,,
https://www.remax.com.py/es-py/propiedades/departamento/venta/villa-morra/pacheco-esqtorreani-viera-villa-morra/143025155-192,Departamento,,,,,,,,29/06/2025,,Asuncion,,,,,,,,,,,,,,,,,,,,,,,,,,,,1.0,,,,,,
https://www.remax.com.py/es-py/propiedades/casa/venta/ycua-sati/143084038-46,Casa,,,,,,,,29/06/2025,,Asuncion,,,,,,,,,,,,,,,,,,,,,,,,,,,,1.0,,,,,,
https://www.remax.com.py/es-py/propiedades/duplex/venta/herrera/143098031-36,Duplex,,,,,,,,29/06/2025,,Asuncion,,,,,,,,,,,,,,,,,,,,,,,,,,,,1.0,,,,,,
https://www.remax.com.py/es-py/propiedades/departamento/venta/mburucuya/avda-molas-lopez-casi-prof-roque-saldivar-avda-molas-lopez-casi-prof-roque-saldivar/143014146-137,Departamento,,,,,,,,29/06/2025,,Asuncion,,,,,,,,,,,,,,,,,,,,,,,,,,,,1.0,,,,,,
https://www.remax.com.py/es-py/propiedades/departamento/venta/mburucuya/avda-molas-lopez-avda-molas-lopez-casi-prof-roque-saldivar/143014146-136,Departamento,,,,,,,,29/06/2025,,Asuncion,,,,,,,,,,,,,,,,,,,,,,,,,,,,1.0,,,,,,
https://www.remax.com.py/es-py/propiedades/departamento/venta/las-mercedes/143025033-433,Departamento,,,,,,,,29/06/2025,,Asuncion,,,,,,,,,,,,,,,,,,,,,,,,,,,,1.0,,,,,,
https://www.remax.com.py/es-py/propiedades/departamento/venta/las-mercedes/143025033-432,Departamento,,,,,,,,29/06/2025,,Asuncion,,,,,,,,,,,,,,,,,,,,,,,,,,,,1.0,,,,,,
https://www.remax.com.py/es-py/propiedades/departamento/venta/las-mercedes/143025033-431,Departamento,,,,,,,,29/06/2025,,Asuncion,,,,,,,,,,,,,,,,,,,,,,,,,,,,1.0,,,,,,
https://www.remax.com.py/es-py/propiedades/departamento/venta/mburucuya/avda-molas-lopez-avda-molas-lopez-casi-prof-roque-saldivar/143014146-135,Departamento,,,,,,,,29/06/2025,,Asuncion,,,,,,,,,,,,,,,,,,,,,,,,,,,,1.0,,,,,,
https://www.remax.com.py/es-py/propiedades/departamento/venta/las-mercedes/143025033-430,Departamento,,,,,,,,29/06/2025,,Asuncion,,,,,,,,,,,,,,,,,,,,,,,,,,,,1.0,,,,,,
https://www.remax.com.py/es-py/propiedades/departamento/venta/mburucuya/santisima-trinidad-santisima-trinidad/143025155-190,Departamento,,,,,,,,29/06/2025,,Asuncion,,,,,,,,,,,,,,,,,,,,,,,,,,,,1.0,,,,,,
https://www.remax.com.py/es-py/propiedades/departamento/venta/mburucuya/santisima-trinidad-santisima-trinidad/143025155-189,Departamento,,,,,,,,29/06/2025,,Asuncion,,,,,,,,,,,,,,,,,,,,,,,,,,,,1.0,,,,,,
https://www.remax.com.py/es-py/propiedades/terreno/venta/ytay/avda-santa-teresa-c-arturo-pereira-avda-santa-teresa-c-arturo-pereira/143063089-80,Terreno,,,,,,,,29/06/2025,,Asuncion,,,,,,,,,,,,,,,,,,,,,,,,,,,,1.0,,,,,,
https://www.remax.com.py/es-py/propiedades/terreno/venta/ita-enramada/caranday-casi-peron-caranday-casi-peron/143063138-43,Terreno,,,,,,,,29/06/2025,,Asuncion,,,,,,,,,,,,,,,,,,,,,,,,,,,,1.0,,,,,,
https://www.remax.com.py/es-py/propiedades/departamento/venta/ciudad-nueva/143104008-13,Departamento,,,,,,,,29/06/2025,,Asuncion,,,,,,,,,,,,,,,,,,,,,,,,,,,,1.0,,,,,,
https://www.remax.com.py/es-py/propiedades/casa/venta/ycua-sati/143056031-616,Casa,,,,,,,,29/06/2025,,Asuncion,,,,,,,,,,,,,,,,,,,,,,,,,,,,1.0,,,,,,
https://www.remax.com.py/es-py/propiedades/departamento/venta/las-lomas-carmelitas/143091038-44,Departamento,,,,,,,,29/06/2025,,Asuncion,,,,,,,,,,,,,,,,,,,,,,,,,,,,1.0,,,,,,
https://www.remax.com.py/es-py/propiedades/departamento/venta/las-lomas-carmelitas/federacion-rusa-c-cesar-lopez-moreira/143091050-1,Departamento,,,,,,,,29/06/2025,,Asuncion,,,,,,,,,,,,,,,,,,,,,,,,,,,,1.0,,,,,,
https://www.remax.com.py/es-py/propiedades/departamento/venta/ycua-sati/143091038-43,Departamento,,,,,,,,29/06/2025,,Asuncion,,,,,,,,,,,,,,,,,,,,,,,,,,,,1.0,,,,,,
https://www.remax.com.py/es-py/propiedades/terreno/venta/ycua-sati/obispo-basilio-lopez-casi-mayor-leandro-aponte/143014151-63,Terreno,,,,,,,,29/06/2025,,Asuncion,,,,,,,,,,,,,,,,,,,,,,,,,,,,1.0,,,,,,
https://www.remax.com.py/es-py/propiedades/departamento/venta/manora/roque-centurion-miranda-1625-asuncion-001529/143028080-37,Departamento,,,,,,,,29/06/2025,,Asuncion,,,,,,,,,,,,,,,,,,,,,,,,,,,,1.0,,,,,,
https://www.remax.com.py/es-py/propiedades/departamento/venta/recoleta/legion-civil-extranjera-538-asuncion-001412/143097001-53,Departamento,,,,,,,,29/06/2025,,Asuncion,,,,,,,,,,,,,,,,,,,,,,,,,,,,1.0,,,,,,
https://www.remax.com.py/es-py/propiedades/departamento/venta/las-lomas-carmelitas/cesar-lopez-moreira-cesar-lopez-moreira-casi-san-juan-xxiii/143014005-712,Departamento,,,,,,,,29/06/2025,,Asuncion,,,,,,,,,,,,,,,,,,,,,,,,,,,,1.0,,,,,,
https://www.remax.com.py/es-py/propiedades/departamento/venta/las-lomas-carmelitas/cesar-lopez-moreira-cesar-lopez-moreira-casi-san-juan-xxiii/143014005-710,Departamento,,,,,,,,29/06/2025,,Asuncion,,,,,,,,,,,,,,,,,,,,,,,,,,,,1.0,,,,,,
https://www.remax.com.py/es-py/propiedades/casa/venta/ycua-sati/teniente-vera-teniente-vera-y-bernardino-caballero/143063091-72,Casa,,,,,,,,29/06/2025,,Asuncion,,,,,,,,,,,,,,,,,,,,,,,,,,,,1.0,,,,,,
https://www.remax.com.py/es-py/propiedades/departamento/venta/las-lomas-carmelitas/dr-molas-lopez-las-lomas/143092038-68,Departamento,,,,,,,,29/06/2025,,Asuncion,,,,,,,,,,,,,,,,,,,,,,,,,,,,1.0,,,,,,
https://www.remax.com.py/es-py/propiedades/departamento/venta/mburucuya/001528/143056050-31,Departamento,,,,,,,,29/06/2025,,Asuncion,,,,,,,,,,,,,,,,,,,,,,,,,,,,1.0,,,,,,
https://www.remax.com.py/es-py/propiedades/departamento/venta/las-lomas-carmelitas/avda-molas-lopez-y-jose-a-gonzalez-las-lomas/143092038-67,Departamento,,,,,,,,29/06/2025,,Asuncion,,,,,,,,,,,,,,,,,,,,,,,,,,,,1.0,,,,,,
https://www.remax.com.py/es-py/propiedades/departamento/venta/ycua-sati/143068065-35,Departamento,,,,,,,,29/06/2025,,Asuncion,,,,,,,,,,,,,,,,,,,,,,,,,,,,1.0,,,,,,
https://www.remax.com.py/es-py/propiedades/departamento/venta/manora/143075156-17,Departamento,,,,,,,,29/06/2025,,Asuncion,,,,,,,,,,,,,,,,,,,,,,,,,,,,1.0,,,,,,
https://www.remax.com.py/es-py/propiedades/departamento/venta/las-mercedes/143075156-16,Departamento,,,,,,,,29/06/2025,,Asuncion,,,,,,,,,,,,,,,,,,,,,,,,,,,,1.0,,,,,,
https://www.remax.com.py/es-py/propiedades/terreno/venta/mburicao/juliana-insfran-juliana-insfran-esq-remigio-martinez/143063128-210,Terreno,,,,,,,,29/06/2025,,Asuncion,,,,,,,,,,,,,,,,,,,,,,,,,,,,1.0,,,,,,
https://www.remax.com.py/es-py/propiedades/departamento/venta/ycua-sati/143068065-36,Departamento,,,,,,,,29/06/2025,,Asuncion,,,,,,,,,,,,,,,,,,,,,,,,,,,,1.0,,,,,,
https://www.remax.com.py/es-py/propiedades/departamento/venta/ycua-sati/143068065-37,Departamento,,,,,,,,29/06/2025,,Asuncion,,,,,,,,,,,,,,,,,,,,,,,,,,,,1.0,,,,,,
https://www.remax.com.py/es-py/propiedades/departamento/venta/barrio-jara/143068032-192,Departamento,,,,,,,,29/06/2025,,Asuncion,,,,,,,,,,,,,,,,,,,,,,,,,,,,1.0,,,,,,
https://www.remax.com.py/es-py/propiedades/departamento/venta/las-lomas-carmelitas/143056033-195,Departamento,,,,,,,,29/06/2025,,Asuncion,,,,,,,,,,,,,,,,,,,,,,,,,,,,1.0,,,,,,
https://www.remax.com.py/es-py/propiedades/terreno/venta/san-vicente/cap-arturo-battilan-cap-arturo-battilana-de-gasperi-c-santo-domingo-cap-arturo-battilana-de-gasperi-c-santo-domingo/143063098-48,Terreno,,,,,,,,29/06/2025,,Asuncion,,,,,,,,,,,,,,,,,,,,,,,,,,,,1.0,,,,,,
https://www.remax.com.py/es-py/propiedades/deposito/venta/herrera/gral-carlos-diaz-leon-c-sargento-silva-gral-carlos-diaz-leon-c-sargento-silva/143068092-32,Depósito,,,,,,,,29/06/2025,,Asuncion,,,,,,,,,,,,,,,,,,,,,,,,,,,,1.0,,,,,,
https://www.remax.com.py/es-py/propiedades/casa/venta/sajonia/juan-pedro-escalada-entre-colon-y-montevideo-juan-pedro-escalada-entre-colon-y-montevideo/143098041-10,Casa,,,,,,,,29/06/2025,,Asuncion,,,,,,,,,,,,,,,,,,,,,,,,,,,,1.0,,,,,,
https://www.remax.com.py/es-py/propiedades/casa/venta/catedral/143098017-88,Casa,,,,,,,,29/06/2025,,Asuncion,,,,,,,,,,,,,,,,,,,,,,,,,,,,1.0,,,,,,
https://www.remax.com.py/es-py/propiedades/departamento/venta/mariscal-estigarribia/143098017-87,Departamento,,,,,,,,29/06/2025,,Asuncion,,,,,,,,,,,,,,,,,,,,,,,,,,,,1.0,,,,,,
https://www.remax.com.py/es-py/propiedades/departamento/venta/las-lomas-carmelitas/143068091-94,Departamento,,,,,,,,29/06/2025,,Asuncion,,,,,,,,,,,,,,,,,,,,,,,,,,,,1.0,,,,,,
https://www.remax.com.py/es-py/propiedades/departamento/venta/las-lomas-carmelitas/143068091-92,Departamento,,,,,,,,29/06/2025,,Asuncion,,,,,,,,,,,,,,,,,,,,,,,,,,,,1.0,,,,,,
https://www.remax.com.py/es-py/propiedades/departamento/venta/las-lomas-carmelitas/143068091-98,Departamento,,,,,,,,29/06/2025,,Asuncion,,,,,,,,,,,,,,,,,,,,,,,,,,,,1.0,,,,,,
https://www.remax.com.py/es-py/propiedades/departamento/venta/las-lomas-carmelitas/143068091-103,Departamento,,,,,,,,29/06/2025,,Asuncion,,,,,,,,,,,,,,,,,,,,,,,,,,,,1.0,,,,,,
https://www.remax.com.py/es-py/propiedades/departamento/venta/las-lomas-carmelitas/143068091-105,Departamento,,,,,,,,29/06/2025,,Asuncion,,,,,,,,,,,,,,,,,,,,,,,,,,,,1.0,,,,,,
https://www.remax.com.py/es-py/propiedades/terreno/venta/vista-alegre/amancio-gonzalez-esq-sajonia-amancio-gonzalez-esq-sajonia/143061056-106,Terreno,,,,,,,,29/06/2025,,Asuncion,,,,,,,,,,,,,,,,,,,,,,,,,,,,1.0,,,,,,
https://www.remax.com.py/es-py/propiedades/departamento/venta/ycua-sati/143068091-107,Departamento,,,,,,,,29/06/2025,,Asuncion,,,,,,,,,,,,,,,,,,,,,,,,,,,,1.0,,,,,,
https://www.remax.com.py/es-py/propiedades/departamento/venta/ycua-sati/143068091-116,Departamento,,,,,,,,29/06/2025,,Asuncion,,,,,,,,,,,,,,,,,,,,,,,,,,,,1.0,,,,,,
https://www.remax.com.py/es-py/propiedades/departamento/venta/ycua-sati/143068091-115,Departamento,,,,,,,,29/06/2025,,Asuncion,,,,,,,,,,,,,,,,,,,,,,,,,,,,1.0,,,,,,
https://www.remax.com.py/es-py/propiedades/departamento/venta/ycua-sati/143068091-114,Departamento,,,,,,,,29/06/2025,,Asuncion,,,,,,,,,,,,,,,,,,,,,,,,,,,,1.0,,,,,,
https://www.remax.com.py/es-py/propiedades/departamento/venta/ycua-sati/143068091-113,Departamento,,,,,,,,29/06/2025,,Asuncion,,,,,,,,,,,,,,,,,,,,,,,,,,,,1.0,,,,,,
https://www.remax.com.py/es-py/propiedades/casa/venta/la-encarnacion/oleary-y-humaita-795/143014179-16,Casa,,,,,,,,29/06/2025,,Asuncion,,,,,,,,,,,,,,,,,,,,,,,,,,,,1.0,,,,,,
https://www.remax.com.py/es-py/propiedades/edificio/venta/villa-morra/143075156-11,Edificio,,,,,,,,29/06/2025,,Asuncion,,,,,,,,,,,,,,,,,,,,,,,,,,,,1.0,,,,,,
https://www.remax.com.py/es-py/propiedades/local-comercial/venta/san-vicente/general-santos-1906-general-santos-1906-e-magallanes-y-tte-garay/143061085-5,Local Comercial,,,,,,,,29/06/2025,,Asuncion,,,,,,,,,,,,,,,,,,,,,,,,,,,,1.0,,,,,,
https://www.remax.com.py/es-py/propiedades/casa/venta/san-vicente/143104006-7,Casa,,,,,,,,29/06/2025,,Asuncion,,,,,,,,,,,,,,,,,,,,,,,,,,,,1.0,,,,,,
https://www.remax.com.py/es-py/propiedades/departamento/venta/pettirossi/143098008-157,Departamento,,,,,,,,29/06/2025,,Asuncion,,,,,,,,,,,,,,,,,,,,,,,,,,,,1.0,,,,,,
https://www.remax.com.py/es-py/propiedades/edificio/venta/herrera/143097018-19,Edificio,,,,,,,,29/06/2025,,Asuncion,,,,,,,,,,,,,,,,,,,,,,,,,,,,1.0,,,,,,
https://www.remax.com.py/es-py/propiedades/edificio/venta/villa-morra/143075156-10,Edificio,,,,,,,,29/06/2025,,Asuncion,,,,,,,,,,,,,,,,,,,,,,,,,,,,1.0,,,,,,
https://www.remax.com.py/es-py/propiedades/edificio/venta/pettirossi/143098008-156,Edificio,,,,,,,,29/06/2025,,Asuncion,,,,,,,,,,,,,,,,,,,,,,,,,,,,1.0,,,,,,
https://www.remax.com.py/es-py/propiedades/casa/venta/nazareth/tte-ezquiel-solis-casi-dr-juan-boggino-tte-ezquiel-solis-casi-dr-juan-boggino/143098017-85,Casa,,,,,,,,29/06/2025,,Asuncion,,,,,,,,,,,,,,,,,,,,,,,,,,,,1.0,,,,,,
https://www.remax.com.py/es-py/propiedades/casa/venta/mariscal-estigarribia/antonio-taboada-5645/143098009-640,Casa,,,,,,,,29/06/2025,,Asuncion,,,,,,,,,,,,,,,,,,,,,,,,,,,,1.0,,,,,,
https://www.remax.com.py/es-py/propiedades/departamento/venta/las-mercedes/143054077-49,Departamento,,,,,,,,29/06/2025,,Asuncion,,,,,,,,,,,,,,,,,,,,,,,,,,,,1.0,,,,,,
https://www.remax.com.py/es-py/propiedades/casa/venta/recoleta/143054077-48,Casa,,,,,,,,29/06/2025,,Asuncion,,,,,,,,,,,,,,,,,,,,,,,,,,,,1.0,,,,,,
https://www.remax.com.py/es-py/propiedades/departamento/venta/las-mercedes/143075156-7,Departamento,,,,,,,,29/06/2025,,Asuncion,,,,,,,,,,,,,,,,,,,,,,,,,,,,1.0,,,,,,
https://www.remax.com.py/es-py/propiedades/departamento/venta/recoleta/143056032-182,Departamento,,,,,,,,29/06/2025,,Asuncion,,,,,,,,,,,,,,,,,,,,,,,,,,,,1.0,,,,,,
https://www.remax.com.py/es-py/propiedades/departamento/venta/recoleta/143056032-181,Departamento,,,,,,,,29/06/2025,,Asuncion,,,,,,,,,,,,,,,,,,,,,,,,,,,,1.0,,,,,,
https://www.remax.com.py/es-py/propiedades/departamento/venta/recoleta/143056032-179,Departamento,,,,,,,,29/06/2025,,Asuncion,,,,,,,,,,,,,,,,,,,,,,,,,,,,1.0,,,,,,
https://www.remax.com.py/es-py/propiedades/casa/venta/santisima-trinidad/143036119-6,Casa,,,,,,,,29/06/2025,,Asuncion,,,,,,,,,,,,,,,,,,,,,,,,,,,,1.0,,,,,,
https://www.remax.com.py/es-py/propiedades/duplex/venta/herrera/concejal-vargas-concejal-vargas-casi-sucre/143036021-135,Duplex,,,,,,,,29/06/2025,,Asuncion,,,,,,,,,,,,,,,,,,,,,,,,,,,,1.0,,,,,,
https://www.remax.com.py/es-py/propiedades/departamento/venta/mburucuya/avenida-santisima-trinidad-edificio-feel-avenida-santisima-trinidad-edificio-feel/143063102-291,Departamento,,,,,,,,29/06/2025,,Asuncion,,,,,,,,,,,,,,,,,,,,,,,,,,,,1.0,,,,,,
https://www.remax.com.py/es-py/propiedades/departamento/venta/villa-morra/eusebio-lillo-robles-eusebio-lillo-robles-asuncion-001411/143063128-208,Departamento,,,,,,,,29/06/2025,,Asuncion,,,,,,,,,,,,,,,,,,,,,,,,,,,,1.0,,,,,,
https://www.remax.com.py/es-py/propiedades/departamento/venta/villa-morra/eusebio-lillo-robles-eusebio-lillo-robles-asuncion-001411/143063128-207,Departamento,,,,,,,,29/06/2025,,Asuncion,,,,,,,,,,,,,,,,,,,,,,,,,,,,1.0,,,,,,
https://www.remax.com.py/es-py/propiedades/casa/venta/san-pablo/143054022-52,Casa,,,,,,,,29/06/2025,,Asuncion,,,,,,,,,,,,,,,,,,,,,,,,,,,,1.0,,,,,,
https://www.remax.com.py/es-py/propiedades/deposito/venta/san-pablo/domingo-montanaro-esq-veteranos-del-70-domingo-montanaro-esq-veteranos-del-70/143025204-18,Depósito,,,,,,,,29/06/2025,,Asuncion,,,,,,,,,,,,,,,,,,,,,,,,,,,,1.0,,,,,,
https://www.remax.com.py/es-py/propiedades/departamento/venta/las-mercedes/padre-cardozo-esq-juan-de-salazar-y-espinoza-padre-cardozo-esq-juan-de-salazar-y-espinoza/143025204-17,Departamento,,,,,,,,29/06/2025,,Asuncion,,,,,,,,,,,,,,,,,,,,,,,,,,,,1.0,,,,,,
https://www.remax.com.py/es-py/propiedades/departamento/venta/sajonia/edificio-alemania-sajonia-isabel-la-catolica-y-m-r-alonso/143014041-426,Departamento,,,,,,,,29/06/2025,,Asuncion,,,,,,,,,,,,,,,,,,,,,,,,,,,,1.0,,,,,,
https://www.remax.com.py/es-py/propiedades/departamento/venta/carmelitas/143092072-31,Departamento,,,,,,,,29/06/2025,,Asuncion,,,,,,,,,,,,,,,,,,,,,,,,,,,,1.0,,,,,,
https://www.remax.com.py/es-py/propiedades/departamento/venta/las-mercedes/padre-cardozo-esq-juan-de-salazar-y-espinoza-padre-cardozo-esq-juan-de-salazar-y-espinoza/143025204-16,Departamento,,,,,,,,29/06/2025,,Asuncion,,,,,,,,,,,,,,,,,,,,,,,,,,,,1.0,,,,,,
https://www.remax.com.py/es-py/propiedades/departamento/venta/las-mercedes/adre-cardozo-esq-juan-de-salazar-y-espinoza-adre-cardozo-esq-juan-de-salazar-y-espinoza/143025204-15,Departamento,,,,,,,,29/06/2025,,Asuncion,,,,,,,,,,,,,,,,,,,,,,,,,,,,1.0,,,,,,
https://www.remax.com.py/es-py/propiedades/terreno/venta/obrero/parapiti-1243-parapiti-1243/143061015-119,Terreno,,,,,,,,29/06/2025,,Asuncion,,,,,,,,,,,,,,,,,,,,,,,,,,,,1.0,,,,,,
https://www.remax.com.py/es-py/propiedades/oficina/venta/san-roque/832-av-mariscal-lopez-av-mariscal-lopez-casi-tacuari/143063076-75,Oficina,,,,,,,,29/06/2025,,Asuncion,,,,,,,,,,,,,,,,,,,,,,,,,,,,1.0,,,,,,
https://www.remax.com.py/es-py/propiedades/oficina/venta/san-roque/estados-unidos-eeuu-181/143014133-116,Oficina,,,,,,,,29/06/2025,,Asuncion,,,,,,,,,,,,,,,,,,,,,,,,,,,,1.0,,,,,,
https://www.remax.com.py/es-py/propiedades/departamento/venta/recoleta/143056032-174,Departamento,,,,,,,,29/06/2025,,Asuncion,,,,,,,,,,,,,,,,,,,,,,,,,,,,1.0,,,,,,
https://www.remax.com.py/es-py/propiedades/departamento/venta/sajonia/143025142-14,Departamento,,,,,,,,29/06/2025,,Asuncion,,,,,,,,,,,,,,,,,,,,,,,,,,,,1.0,,,,,,
https://www.remax.com.py/es-py/propiedades/hotel/venta/terminal/alcides-gonzalez-alcides-gonzalez/143009002-110,Hotel,,,,,,,,29/06/2025,,Asuncion,,,,,,,,,,,,,,,,,,,,,,,,,,,,1.0,,,,,,
https://www.remax.com.py/es-py/propiedades/local-comercial/venta/pettirossi/angel-iribas-casi-av-rodriguez-de-francia-angel-iribas-casi-av-rodriguez-de-francia/143061056-102,Local Comercial,,,,,,,,29/06/2025,,Asuncion,,,,,,,,,,,,,,,,,,,,,,,,,,,,1.0,,,,,,
https://www.remax.com.py/es-py/propiedades/oficina/venta/la-encarnacion/estrella-estrella-692/143063189-27,Oficina,,,,,,,,29/06/2025,,Asuncion,,,,,,,,,,,,,,,,,,,,,,,,,,,,1.0,,,,,,
https://www.remax.com.py/es-py/propiedades/casa/venta/vista-alegre/ponce-de-leon-c-la-paz-ponce-de-leon-c-la-paz/143061061-94,Casa,,,,,,,,29/06/2025,,Asuncion,,,,,,,,,,,,,,,,,,,,,,,,,,,,1.0,,,,,,
https://www.remax.com.py/es-py/propiedades/terreno/venta/mburucuya/143075127-70,Terreno,,,,,,,,29/06/2025,,Asuncion,,,,,,,,,,,,,,,,,,,,,,,,,,,,1.0,,,,,,
https://www.remax.com.py/es-py/propiedades/terreno/venta/ycua-sati/austria-esq-gumersindo-sosa-austria-esq-gumersindo-sosa/143025145-240,Terreno,,,,,,,,29/06/2025,,Asuncion,,,,,,,,,,,,,,,,,,,,,,,,,,,,1.0,,,,,,
https://www.remax.com.py/es-py/propiedades/departamento/venta/recoleta/charles-de-gaulle-casi-toribio-pacheco/143100026-19,Departamento,,,,,,,,29/06/2025,,Asuncion,,,,,,,,,,,,,,,,,,,,,,,,,,,,1.0,,,,,,
https://www.remax.com.py/es-py/propiedades/casa/venta/bella-vista/143028010-144,Casa,,,,,,,,29/06/2025,,Asuncion,,,,,,,,,,,,,,,,,,,,,,,,,,,,1.0,,,,,,
https://www.remax.com.py/es-py/propiedades/departamento/venta/las-lomas-carmelitas/143098054-26,Departamento,,,,,,,,29/06/2025,,Asuncion,,,,,,,,,,,,,,,,,,,,,,,,,,,,1.0,,,,,,
https://www.remax.com.py/es-py/propiedades/departamento/venta/las-lomas-carmelitas/cesar-lopez-moreira-esq-federacion-rusa/143100026-18,Departamento,,,,,,,,29/06/2025,,Asuncion,,,,,,,,,,,,,,,,,,,,,,,,,,,,1.0,,,,,,
https://www.remax.com.py/es-py/propiedades/terreno/venta/barrio-jara/da-ponte-c-siria/143056056-30,Terreno,,,,,,,,29/06/2025,,Asuncion,,,,,,,,,,,,,,,,,,,,,,,,,,,,1.0,,,,,,
https://www.remax.com.py/es-py/propiedades/oficina/venta/san-roque/peru-y-mariscal-estigarribia/143079089-33,Oficina,,,,,,,,29/06/2025,,Asuncion,,,,,,,,,,,,,,,,,,,,,,,,,,,,1.0,,,,,,
https://www.remax.com.py/es-py/propiedades/departamento/venta/manora/143063084-90,Departamento,,,,,,,,29/06/2025,,Asuncion,,,,,,,,,,,,,,,,,,,,,,,,,,,,1.0,,,,,,
https://www.remax.com.py/es-py/propiedades/local-comercial/venta/ciudad-nueva/avda-gral-santos/143096008-30,Local Comercial,,,,,,,,29/06/2025,,Asuncion,,,,,,,,,,,,,,,,,,,,,,,,,,,,1.0,,,,,,
https://www.remax.com.py/es-py/propiedades/casa/venta/sajonia/143054077-47,Casa,,,,,,,,29/06/2025,,Asuncion,,,,,,,,,,,,,,,,,,,,,,,,,,,,1.0,,,,,,
https://www.remax.com.py/es-py/propiedades/duplex/venta/sajonia/143061068-30,Duplex,,,,,,,,29/06/2025,,Asuncion,,,,,,,,,,,,,,,,,,,,,,,,,,,,1.0,,,,,,
https://www.remax.com.py/es-py/propiedades/departamento/venta/las-lomas-carmelitas/federacion-rusa-c-cesar-lopez-moreira/143091049-6,Departamento,,,,,,,,29/06/2025,,Asuncion,,,,,,,,,,,,,,,,,,,,,,,,,,,,1.0,,,,,,
https://www.remax.com.py/es-py/propiedades/departamento/venta/ycua-sati/143091046-6,Departamento,,,,,,,,29/06/2025,,Asuncion,,,,,,,,,,,,,,,,,,,,,,,,,,,,1.0,,,,,,
https://www.remax.com.py/es-py/propiedades/terreno/venta/barrio-jara/143080105-104,Terreno,,,,,,,,29/06/2025,,Asuncion,,,,,,,,,,,,,,,,,,,,,,,,,,,,1.0,,,,,,
https://www.remax.com.py/es-py/propiedades/departamento/venta/ycua-sati/143056025-165,Departamento,,,,,,,,29/06/2025,,Asuncion,,,,,,,,,,,,,,,,,,,,,,,,,,,,1.0,,,,,,
https://www.remax.com.py/es-py/propiedades/departamento/venta/madame-lynch/molas-lopez-y-34-curuguatenos-molas-lopes-y-34-curuguatenos/143098011-261,Departamento,,,,,,,,29/06/2025,,Asuncion,,,,,,,,,,,,,,,,,,,,,,,,,,,,1.0,,,,,,
https://www.remax.com.py/es-py/propiedades/departamento/venta/madame-lynch/molas-lopez-y-34-curuguatenos-molas-lopes-y-34curuguatenos/143098011-259,Departamento,,,,,,,,29/06/2025,,Asuncion,,,,,,,,,,,,,,,,,,,,,,,,,,,,1.0,,,,,,
https://www.remax.com.py/es-py/propiedades/departamento/venta/madame-lynch/molas-lopez-y-34-curuguatenos-molas-lopes-y-34-curuguatenos/143098011-260,Departamento,,,,,,,,29/06/2025,,Asuncion,,,,,,,,,,,,,,,,,,,,,,,,,,,,1.0,,,,,,
https://www.remax.com.py/es-py/propiedades/departamento/venta/las-lomas-carmelitas/narciso-r-colman-esq-heriberto-campos-cervera/143063080-124,Departamento,,,,,,,,29/06/2025,,Asuncion,,,,,,,,,,,,,,,,,,,,,,,,,,,,1.0,,,,,,
https://www.remax.com.py/es-py/propiedades/departamento/venta/las-lomas-carmelitas/narciso-r-colman-esq-heriberto-campos-cervera/143063080-123,Departamento,,,,,,,,29/06/2025,,Asuncion,,,,,,,,,,,,,,,,,,,,,,,,,,,,1.0,,,,,,
https://www.remax.com.py/es-py/propiedades/casa/venta/los-laureles/carlos-arguello-1035-entre-manuel-blinder-y-tte-m-carlos-arguello-1035-entre-manuel-blinder-y-tte-m/143063090-45,Casa,,,,,,,,29/06/2025,,Asuncion,,,,,,,,,,,,,,,,,,,,,,,,,,,,1.0,,,,,,
https://www.remax.com.py/es-py/propiedades/departamento/venta/mburucuya/santisima-trinidad-esq-congreso-de-colombia/143063080-122,Departamento,,,,,,,,29/06/2025,,Asuncion,,,,,,,,,,,,,,,,,,,,,,,,,,,,1.0,,,,,,
https://www.remax.com.py/es-py/propiedades/departamento/venta/ytay/sta-margarita-de-youville-sta-margarita-de-youville/143098009-637,Departamento,,,,,,,,29/06/2025,,Asuncion,,,,,,,,,,,,,,,,,,,,,,,,,,,,1.0,,,,,,
https://www.remax.com.py/es-py/propiedades/terreno/venta/loma-pyta/calle-ita-casi-avda-dr-esteban-semidei/114006043-24,Terreno,,,,,,,,29/06/2025,,Asuncion,,,,,,,,,,,,,,,,,,,,,,,,,,,,1.0,,,,,,
https://www.remax.com.py/es-py/propiedades/departamento/venta/recoleta/143056025-164,Departamento,,,,,,,,29/06/2025,,Asuncion,,,,,,,,,,,,,,,,,,,,,,,,,,,,1.0,,,,,,
https://www.remax.com.py/es-py/propiedades/departamento/venta/recoleta/143056025-163,Departamento,,,,,,,,29/06/2025,,Asuncion,,,,,,,,,,,,,,,,,,,,,,,,,,,,1.0,,,,,,
https://www.remax.com.py/es-py/propiedades/casa/venta/catedral/143020051-139,Casa,,,,,,,,29/06/2025,,Asuncion,,,,,,,,,,,,,,,,,,,,,,,,,,,,1.0,,,,,,
https://www.remax.com.py/es-py/propiedades/terreno/venta/catedral/143020051-138,Terreno,,,,,,,,29/06/2025,,Asuncion,,,,,,,,,,,,,,,,,,,,,,,,,,,,1.0,,,,,,
https://www.remax.com.py/es-py/propiedades/departamento/venta/recoleta/143056025-162,Departamento,,,,,,,,29/06/2025,,Asuncion,,,,,,,,,,,,,,,,,,,,,,,,,,,,1.0,,,,,,
https://www.remax.com.py/es-py/propiedades/departamento/venta/ycua-sati/143056031-610,Departamento,,,,,,,,29/06/2025,,Asuncion,,,,,,,,,,,,,,,,,,,,,,,,,,,,1.0,,,,,,
https://www.remax.com.py/es-py/propiedades/departamento/venta/ycua-sati/143056031-609,Departamento,,,,,,,,29/06/2025,,Asuncion,,,,,,,,,,,,,,,,,,,,,,,,,,,,1.0,,,,,,
https://www.remax.com.py/es-py/propiedades/terreno/venta/catedral/143020051-137,Terreno,,,,,,,,29/06/2025,,Asuncion,,,,,,,,,,,,,,,,,,,,,,,,,,,,1.0,,,,,,
https://www.remax.com.py/es-py/propiedades/departamento/venta/las-mercedes/calle-washington-casi-juan-de-zalazar-calle-washington-casi-juan-de-zalazar/143072073-62,Departamento,,,,,,,,29/06/2025,,Asuncion,,,,,,,,,,,,,,,,,,,,,,,,,,,,1.0,,,,,,
https://www.remax.com.py/es-py/propiedades/departamento/venta/las-lomas-carmelitas/narciso-r-colman-y-heriberto-campos-cervera/143063080-121,Departamento,,,,,,,,29/06/2025,,Asuncion,,,,,,,,,,,,,,,,,,,,,,,,,,,,1.0,,,,,,
https://www.remax.com.py/es-py/propiedades/departamento/venta/recoleta/143054117-8,Departamento,,,,,,,,29/06/2025,,Asuncion,,,,,,,,,,,,,,,,,,,,,,,,,,,,1.0,,,,,,
https://www.remax.com.py/es-py/propiedades/terreno/venta/los-laureles/alas-paraguayas-casi-rafael-barret-alas-paraguayas-casi-rafael-barret/143037125-9,Terreno,,,,,,,,29/06/2025,,Asuncion,,,,,,,,,,,,,,,,,,,,,,,,,,,,1.0,,,,,,
https://www.remax.com.py/es-py/propiedades/departamento/venta/mburucuya/vicente-flores-1582-asuncion-001525-sargento-primero-manuel-benitez/143063128-206,Departamento,,,,,,,,29/06/2025,,Asuncion,,,,,,,,,,,,,,,,,,,,,,,,,,,,1.0,,,,,,
https://www.remax.com.py/es-py/propiedades/departamento/venta/mburucuya/maestro-nicolino-pelegrini-santisima-trinidad/143063084-89,Departamento,,,,,,,,29/06/2025,,Asuncion,,,,,,,,,,,,,,,,,,,,,,,,,,,,1.0,,,,,,
https://www.remax.com.py/es-py/propiedades/terreno/venta/san-cristobal/143098052-15,Terreno,,,,,,,,29/06/2025,,Asuncion,,,,,,,,,,,,,,,,,,,,,,,,,,,,1.0,,,,,,
https://www.remax.com.py/es-py/propiedades/departamento/venta/villa-morra/eusebio-lillo-robles-sobre-calle-lillo-y-calle-dr-weiss/143019036-33,Departamento,,,,,,,,29/06/2025,,Asuncion,,,,,,,,,,,,,,,,,,,,,,,,,,,,1.0,,,,,,
https://www.remax.com.py/es-py/propiedades/casa/venta/republicano/143026195-1,Casa,,,,,,,,29/06/2025,,Asuncion,,,,,,,,,,,,,,,,,,,,,,,,,,,,1.0,,,,,,
https://www.remax.com.py/es-py/propiedades/departamento/venta/las-mercedes/washington-c-tte-marcos-nunez-washington-c-tte-marcos-nunez/143038011-365,Departamento,,,,,,,,29/06/2025,,Asuncion,,,,,,,,,,,,,,,,,,,,,,,,,,,,1.0,,,,,,
https://www.remax.com.py/es-py/propiedades/departamento/venta/mburucuya/maestro-nicolino-pelegrini-santisima-trinidad/143063084-88,Departamento,,,,,,,,29/06/2025,,Asuncion,,,,,,,,,,,,,,,,,,,,,,,,,,,,1.0,,,,,,
https://www.remax.com.py/es-py/propiedades/terreno/venta/bella-vista/143071060-15,Terreno,,,,,,,,29/06/2025,,Asuncion,,,,,,,,,,,,,,,,,,,,,,,,,,,,1.0,,,,,,
https://www.remax.com.py/es-py/propiedades/departamento/venta/herrera/143025033-428,Departamento,,,,,,,,29/06/2025,,Asuncion,,,,,,,,,,,,,,,,,,,,,,,,,,,,1.0,,,,,,
https://www.remax.com.py/es-py/propiedades/departamento/venta/santisima-trinidad/tte-silverio-molinas-tte-silverio-esq-molinas/143098009-636,Departamento,,,,,,,,29/06/2025,,Asuncion,,,,,,,,,,,,,,,,,,,,,,,,,,,,1.0,,,,,,
https://www.remax.com.py/es-py/propiedades/departamento/venta/ycua-sati/143025116-38,Departamento,,,,,,,,29/06/2025,,Asuncion,,,,,,,,,,,,,,,,,,,,,,,,,,,,1.0,,,,,,
https://www.remax.com.py/es-py/propiedades/departamento/venta/ycua-sati/143025116-37,Departamento,,,,,,,,29/06/2025,,Asuncion,,,,,,,,,,,,,,,,,,,,,,,,,,,,1.0,,,,,,
https://www.remax.com.py/es-py/propiedades/departamento/venta/ycua-sati/143025116-36,Departamento,,,,,,,,29/06/2025,,Asuncion,,,,,,,,,,,,,,,,,,,,,,,,,,,,1.0,,,,,,
https://www.remax.com.py/es-py/propiedades/terreno/venta/san-roque/mcal-estigarribia-casi-constitucion-mcal-estigarribia-casi-constitucion/143063196-104,Terreno,,,,,,,,29/06/2025,,Asuncion,,,,,,,,,,,,,,,,,,,,,,,,,,,,1.0,,,,,,
https://www.remax.com.py/es-py/propiedades/casa/venta/barrio-jara/del-escudo-casi-del-fuerte/143080105-103,Casa,,,,,,,,29/06/2025,,Asuncion,,,,,,,,,,,,,,,,,,,,,,,,,,,,1.0,,,,,,
https://www.remax.com.py/es-py/propiedades/casa/venta/los-laureles/apt-0-teresa-lamas-carisimo-6151-c-ri-4-curupacty/143037112-42,Casa,,,,,,,,29/06/2025,,Asuncion,,,,,,,,,,,,,,,,,,,,,,,,,,,,1.0,,,,,,
https://www.remax.com.py/es-py/propiedades/departamento/venta/ycua-sati/143056031-607,Departamento,,,,,,,,29/06/2025,,Asuncion,,,,,,,,,,,,,,,,,,,,,,,,,,,,1.0,,,,,,
https://www.remax.com.py/es-py/propiedades/casa/venta/ita-enramada/2344-clementino-ocampos-2344-c-monsenor-roa/143028065-47,Casa,,,,,,,,29/06/2025,,Asuncion,,,,,,,,,,,,,,,,,,,,,,,,,,,,1.0,,,,,,
https://www.remax.com.py/es-py/propiedades/departamento/venta/santisima-trinidad/tte-silverio-molinas-tte-silverio-esq-molinas/143098009-635,Departamento,,,,,,,,29/06/2025,,Asuncion,,,,,,,,,,,,,,,,,,,,,,,,,,,,1.0,,,,,,
https://www.remax.com.py/es-py/propiedades/terreno/venta/ita-enramada/143094028-35,Terreno,,,,,,,,29/06/2025,,Asuncion,,,,,,,,,,,,,,,,,,,,,,,,,,,,1.0,,,,,,
https://www.remax.com.py/es-py/propiedades/casa/venta/san-vicente/143054077-46,Casa,,,,,,,,29/06/2025,,Asuncion,,,,,,,,,,,,,,,,,,,,,,,,,,,,1.0,,,,,,
https://www.remax.com.py/es-py/propiedades/departamento/venta/ycua-sati/143098054-23,Departamento,,,,,,,,29/06/2025,,Asuncion,,,,,,,,,,,,,,,,,,,,,,,,,,,,1.0,,,,,,
https://www.remax.com.py/es-py/propiedades/residencia/venta/ycua-sati/lillo-3071-c-rogelio-benitez-lillo-3071-c-rogelio-benitez/143019087-24,Residencia,,,,,,,,29/06/2025,,Asuncion,,,,,,,,,,,,,,,,,,,,,,,,,,,,1.0,,,,,,
https://www.remax.com.py/es-py/propiedades/departamento/venta/villa-morra/doctor-guido-boggiani-y-ceferino-vega-gaona-doctor-guido-boggiani-y-ceferino-vega-gaona/143063179-30,Departamento,,,,,,,,29/06/2025,,Asuncion,,,,,,,,,,,,,,,,,,,,,,,,,,,,1.0,,,,,,
https://www.remax.com.py/es-py/propiedades/departamento/venta/ytay/143056031-603,Departamento,,,,,,,,29/06/2025,,Asuncion,,,,,,,,,,,,,,,,,,,,,,,,,,,,1.0,,,,,,
https://www.remax.com.py/es-py/propiedades/edificio/venta/ciudad-nueva/143036119-5,Edificio,,,,,,,,29/06/2025,,Asuncion,,,,,,,,,,,,,,,,,,,,,,,,,,,,1.0,,,,,,
https://www.remax.com.py/es-py/propiedades/departamento/venta/barrio-jara/rca-dominicana-y-san-cosme-rca-dominicana-y-san-cosme/143048005-283,Departamento,,,,,,,,29/06/2025,,Asuncion,,,,,,,,,,,,,,,,,,,,,,,,,,,,1.0,,,,,,
https://www.remax.com.py/es-py/propiedades/terreno/venta/mbocayaty/143096014-19,Terreno,,,,,,,,29/06/2025,,Asuncion,,,,,,,,,,,,,,,,,,,,,,,,,,,,1.0,,,,,,
https://www.remax.com.py/es-py/propiedades/duplex/venta/mburucuya/671-calle-nueve-casi-manuel-onieva/143096042-2,Duplex,,,,,,,,29/06/2025,,Asuncion,,,,,,,,,,,,,,,,,,,,,,,,,,,,1.0,,,,,,
https://www.remax.com.py/es-py/propiedades/casa/venta/sajonia/1153-lisboa/143014181-3,Casa,,,,,,,,29/06/2025,,Asuncion,,,,,,,,,,,,,,,,,,,,,,,,,,,,1.0,,,,,,
https://www.remax.com.py/es-py/propiedades/departamento/venta/loma-pyta/143100020-33,Departamento,,,,,,,,29/06/2025,,Asuncion,,,,,,,,,,,,,,,,,,,,,,,,,,,,1.0,,,,,,
https://www.remax.com.py/es-py/propiedades/departamento/venta/loma-pyta/143100020-34,Departamento,,,,,,,,29/06/2025,,Asuncion,,,,,,,,,,,,,,,,,,,,,,,,,,,,1.0,,,,,,
https://www.remax.com.py/es-py/propiedades/departamento/venta/recoleta/143100020-32,Departamento,,,,,,,,29/06/2025,,Asuncion,,,,,,,,,,,,,,,,,,,,,,,,,,,,1.0,,,,,,
https://www.remax.com.py/es-py/propiedades/departamento/venta/recoleta/143100020-30,Departamento,,,,,,,,29/06/2025,,Asuncion,,,,,,,,,,,,,,,,,,,,,,,,,,,,1.0,,,,,,
https://www.remax.com.py/es-py/propiedades/departamento/venta/recoleta/143100020-31,Departamento,,,,,,,,29/06/2025,,Asuncion,,,,,,,,,,,,,,,,,,,,,,,,,,,,1.0,,,,,,
https://www.remax.com.py/es-py/propiedades/casa/venta/villa-morra/207-infante-rivarola-y-guido-spano-infante-rivarola-207/143014133-114,Casa,,,,,,,,29/06/2025,,Asuncion,,,,,,,,,,,,,,,,,,,,,,,,,,,,1.0,,,,,,
https://www.remax.com.py/es-py/propiedades/departamento/venta/mburucuya/143056050-30,Departamento,,,,,,,,29/06/2025,,Asuncion,,,,,,,,,,,,,,,,,,,,,,,,,,,,1.0,,,,,,
https://www.remax.com.py/es-py/propiedades/departamento/venta/santisima-trinidad/tte-silverio-molinas-tte-silverio-esq-molinas/143098009-633,Departamento,,,,,,,,29/06/2025,,Asuncion,,,,,,,,,,,,,,,,,,,,,,,,,,,,1.0,,,,,,
https://www.remax.com.py/es-py/propiedades/casa/venta/herrera/del-maestro-casi-denis-roa/143001134-55,Casa,,,,,,,,29/06/2025,,Asuncion,,,,,,,,,,,,,,,,,,,,,,,,,,,,1.0,,,,,,
https://www.remax.com.py/es-py/propiedades/departamento/venta/las-lomas-carmelitas/rio-acaray-casi-federacion-rusa-rio-acaray-casi-federacion-rusa/143014004-296,Departamento,,,,,,,,29/06/2025,,Asuncion,,,,,,,,,,,,,,,,,,,,,,,,,,,,1.0,,,,,,
https://www.remax.com.py/es-py/propiedades/terreno/venta/pettirossi/pai-perez-esquina-costa-rica-1527-pai-perez-esquina-costa-rica-1527/143098025-43,Terreno,,,,,,,,29/06/2025,,Asuncion,,,,,,,,,,,,,,,,,,,,,,,,,,,,1.0,,,,,,
https://www.remax.com.py/es-py/propiedades/edificio/venta/general-diaz/143036051-169,Edificio,,,,,,,,29/06/2025,,Asuncion,,,,,,,,,,,,,,,,,,,,,,,,,,,,1.0,,,,,,
