link,tipo,publicado_clasipar,precio,descripcion,titulo,banio,habitaciones,ide,fecha_inserion,publicado_info,ciudad,publicado_facebook,publicado_hendyla,agente_remax,1publicado_clasipar,1publicado_info,1publicado_hendyla,1publicado_facebook,2publicado_clasipar,2publicado_info,2publicado_hendyla,2publicado_facebook,3publicado_clasipar,3publicado_info,3publicado_hendyla,3publicado_facebook,4publicado_clasipar,4publicado_info,4publicado_hendyla,4publicado_facebook,5publicado_clasipar,5publicado_info,5publicado_hendyla,5publicado_facebook,6publicado_clasipar,6publicado_info,6publicado_hendyla,6publicado_facebook,intentos,ano_construccion,mts
https://century21.com.py/propiedad/43103_departamento-en-venta-en-los-laureles-asuncion-paraguay,departamento,,88320 $,"Ubicado en la exclusiva zona de Los Laureles. Unidad de un dormitorio en el piso 7, con balcón y excelente distribución. Una oportunidad ideal para quienes buscan comodidad, ubicación y calidad de construcción.","Venta de Departamento Terminados en Los Laureles, Asunción",1.0,1.0,43103.0,07/12/2025,,Asuncion,,,,,,,,,,,,,,,,,,,,,,,,,,,,1.0,2025.0,"45,0 m²"
https://century21.com.py/propiedad/43074_casa-en-venta-en-san-vicente-asuncion-paraguay,casa,,2200000000 GS,"Dir: Ingavi 2080 entre Padre Casanello y Tte Garay.

En cercanías:
- Biggie ( 3 cuadras ) 
- Alaglo Panadería(2 cuadras) 
- Colegio coreano (5 cuadras) 
- Super Pueblo (6 cuadras) 
- Farmacia ( a 1/2 cuadra ) 

Dimensión: 500 mts2 ( 10x50 )

PLANTA BAJA
- Sala Comedor 
- Baño Social
- Sala diaria
- Bar 
- Cocina 
- 1 Habitación en suite
- 1 Habitación de servicio con baño
- Lavadero independiente
- Quincho con parrilla 
- Piscina 

PLANTA ALTA 
- 2 Habitaciones en suite con vestidor. 
- Estar Íntimo 

CONSTRUCCIÓN EN EL FONDO DE LA CASA 
- 2 habitaciones 
- Sala
- Cocina
- 1 baño 
- 1 lavadero

Venta: 2.200.000.000
Título listo para transferencia.","Venta de Casa en San Vicente, Asunción",,,43074.0,07/12/2025,,Asuncion,,,,,,,,,,,,,,,,,,,,,,,,,,,,1.0,2.0,"500,0 m²"
https://century21.com.py/propiedad/42586_casa-en-venta-en-trinidad-asuncion-paraguay,casa,,230000 $,"Vendo Casa  PEDRO DE VALDIVIA ENTRE JOSE MARIA DELGADO Y JOSE MARIA MONTIEL– Barrio Trinidad

Área terreno 440 m2
Área construida 180 m2
Cocheras techadas para 2 vehículos (uno más en zona lavadero)

PLANTA BAJA
• Garaje
• Sala +Comedor
• Baño social
• Cocina
• Patio
• Parrilla
• Área de servicio (Deposito + Habitación + Baño)

PLANTA ALTA
• 3 dormitorios
• 2 baños (1 en suite+1 compartido)
• 1 sala de estar

Inversión: USD 230.000
Ubicación: https://share.google/xN7cHrKNVGnX2yfXI

Puntos de interés:
Barrio Trinidad de Asunción, que se sitúa en un cruce de avenidas clave, lo que garantiza una inmejorable accesibilidad y conveniencia.

La cercanía a la Facultad de Derecho y Ciencias Sociales de la UNA y la intersección de importantes arterias como Sacramento, Artigas y Primer presidente posiciona a esta casa lista para habitarse como una oportunidad de alto rendimiento, tanto para vivir como para inversión (alquiler a estudiantes o profesionales).

Acceso a la Costanera: La Avenida Primer presidente conecta directamente la zona con la Costanera Norte de Asunción, un lugar perfecto para disfrutar del río Paraguay, pasear y hacer ejercicio.","Venta de Casa en Trinidad, Asunción",4.0,3.0,42586.0,07/12/2025,,Asuncion,,,,,,,,,,,,,,,,,,,,,,,,,,,,1.0,2.0,"440,0 m²"
https://century21.com.py/propiedad/42953_terreno-en-renta-en-san-lorenzo-central-paraguay,terreno,,2500000 GS,"Terreno para alquiler en San Lorenzo, sobre calle asfaltada, a 2 cuadras de la ruta Avda Gral Eugenio A. Garay ( San Lorenzo – Luque) y a 4 cuadras de la Av. Mariscal López de 360 m2. A pasos de la Facultad Nacional de Asunción (UNA), Shopping Pinedo, Avda. Laguna Grande, centro de San Lorenzo, entre otros. Ubicación estratégica por estar cerca de todo pero en un barrio tranquilo. Zona elevada rodeada de una frondosa vegetación.
Ideal para food park, autoservicios, playa venta de vehículos, taller, inversión o el proyecto deseado.","Alquiler de Terreno en San Lorenzo, Central",,,42953.0,07/12/2025,,Asuncion,,,,,,,,,,,,,,,,,,,,,,,,,,,,1.0,,"360,0 m²"
https://century21.com.py/propiedad/42914_terreno-en-renta-en-san-lorenzo-central-paraguay,terreno,,2500000 GS,"Terreno para alquiler en San Lorenzo, sobre calle asfaltada, a 2 cuadras de la ruta Avda Gral Eugenio A. Garay ( San Lorenzo – Luque) y a 4 cuadras de la Av. Mariscal López de 360 m2. A pasos de la Facultad Nacional de Asunción (UNA), Shopping Pinedo, Avda. Laguna Grande, centro de San Lorenzo, entre otros. Ubicación estratégica por estar cerca de todo pero en un barrio tranquilo. Zona elevada rodeada de una frondosa vegetación.
Ideal para food park, autoservicios, playa venta de vehículos, taller, inversión o el proyecto deseado.","Alquiler de Terreno en San Lorenzo, Central",,,42914.0,07/12/2025,,Asuncion,,,,,,,,,,,,,,,,,,,,,,,,,,,,1.0,"13,0 m","360,0 m²"
https://century21.com.py/propiedad/43065_departamento-en-pozo-en-venta-en-recoleta-asuncion-paraguay,departamento-en-pozo,,78960 $,"Donde la esencia de New York se instala en Asunción.

De la línea que marcó tendencia en la ciudad, llega Chelsea Plaza, el nuevo ícono de DE Constructora que redefine la arquitectura y el estilo de vida urbano.
Inspirado en el espíritu industrial del Chelsea neoyorquino, este proyecto eleva el concepto de vivienda contemporánea con un diseño audaz, luminoso y lleno de carácter.

Ubicación privilegiada: Av. Santa Rosa entre España y Mcal. López, barrio Recoleta.

Proyecta y diseña: Francesco Gallarini.
Constituye: DE Constructora.

Características principales:
* 9 niveles de departamentos con plantas simples y dobles alturas.
* ⁠2 niveles de estacionamientos.
* ⁠Un lobby que te transportará directo a las calles de New York.
* ⁠Unidades de 1, 2 y 3 dormitorios y exclusivos penthouses.

Precios desde USD 1.374/m² | Cocheras desde USD 16.000
Finalización de obra esimada: diciembre 2027.
Financiación propia.

Amenities de primer nivel:
Piscina panorámica | Gimnasio equipado | Coworking con cubículos de Zoom | Quincho climatizado con terraza | Quincho al aire libre | Lobby imponente | Un parque nacional renovado que aportará comunidad al proyecto

SIMPLE 7F","Venta de Departamento en Pozo en Recoleta, Asunción",1.0,1.0,43065.0,07/12/2025,,Asuncion,,,,,,,,,,,,,,,,,,,,,,,,,,,,1.0,,"53,5 m²"
https://century21.com.py/propiedad/43064_departamento-en-pozo-en-venta-en-recoleta-asuncion-paraguay,departamento-en-pozo,,77080 $,"Donde la esencia de New York se instala en Asunción.

De la línea que marcó tendencia en la ciudad, llega Chelsea Plaza, el nuevo ícono de DE Constructora que redefine la arquitectura y el estilo de vida urbano.
Inspirado en el espíritu industrial del Chelsea neoyorquino, este proyecto eleva el concepto de vivienda contemporánea con un diseño audaz, luminoso y lleno de carácter.

Ubicación privilegiada: Av. Santa Rosa entre España y Mcal. López, barrio Recoleta.

Proyecta y diseña: Francesco Gallarini.
Constituye: DE Constructora.

Características principales:
* 9 niveles de departamentos con plantas simples y dobles alturas.
* ⁠2 niveles de estacionamientos.
* ⁠Un lobby que te transportará directo a las calles de New York.
* ⁠Unidades de 1, 2 y 3 dormitorios y exclusivos penthouses.

Precios desde USD 1.374/m² | Cocheras desde USD 16.000
Finalización de obra esimada: diciembre 2027.
Financiación propia.

Amenities de primer nivel:
Piscina panorámica | Gimnasio equipado | Coworking con cubículos de Zoom | Quincho climatizado con terraza | Quincho al aire libre | Lobby imponente | Un parque nacional renovado que aportará comunidad al proyecto

SIMPLE 5E","Venta de Departamento en Pozo en Recoleta, Asunción",1.0,1.0,43064.0,07/12/2025,,Asuncion,,,,,,,,,,,,,,,,,,,,,,,,,,,,1.0,,"53,5 m²"
https://century21.com.py/propiedad/42915_departamento-en-venta-en-ycua-sati-asuncion-paraguay,departamento,,190000 $,"En Venta Departamento en MET Santa Teresa.
Concejal Vargas esquina Hector Vera.

Moderno y amplio departamento totalmente amoblado de 2 dormitorios en el edifico MET Santa Teresa.
El departamento cuenta con 70,50 m2, 1 cochera y 1 baulera incluidas.
1 dormitorio en suite
1 dormitorio secundario
1 baño social familiar
cocina integrada con todos los electrodomésticos 
area social con muebles de comedor y sala, televisor.
amplio balcón sobre la calle Concejal Vargas

Amenities del edificio
Piscina
Solarium
Dos salones climatizados con parrilla
Gimnasio
Terraza
Amplio lobby con área de recepción","Venta de Departamento Terminados en Ycuá Satí, Asunción",2.0,2.0,42915.0,07/12/2025,,Asuncion,,,,,,,,,,,,,,,,,,,,,,,,,,,,1.0,Excelente,"70,5 m²"
https://century21.com.py/propiedad/42963_departamento-en-venta-en-las-lomas-asuncion-paraguay,departamento,,168000 $,"VENDO DPTO EDIFICIO MOLAS 1321

Dpto. de 77 m2. Piso 5.
Totalmente amoblado.
1 cochera.
2 habitaciones (1 en suite)

Amenities:

- Piscina 
- Quincho gourmet climatizado 
- Salón de eventos  
- Sala de juegos 
- Gimnasio 
- Cine 
- Kids Club 
- Espacio de co-working
- Seguridad 24 hs","Venta de Departamento Terminados en Las Lomas, Asunción",,,42963.0,07/12/2025,,Asuncion,,,,,,,,,,,,,,,,,,,,,,,,,,,,1.0,,"77,0 m²"
https://century21.com.py/propiedad/43041_departamento-en-renta-en-pettirossi-asuncion-paraguay,departamento,,2500000 GS,"ALQUILO DEPARTAMENTO DE 2 HABITACIONES zona Mercado 4  – Gs. 2.500.000

 Departamento amplio

Incluye:
 Sala grande 
 2 habitaciones de buen tamaño
 Cocina independiente
 Lavadero
 Balcón
 Pequeño patio 

 Consultá para más info o para agendar una visita.","Alquiler de Departamento Terminados en Pettirossi, Asunción",1.0,2.0,43041.0,07/12/2025,,Asuncion,,,,,,,,,,,,,,,,,,,,,,,,,,,,1.0,cocina,"60,0 m²"
https://century21.com.py/propiedad/42995_casa-en-venta-en-pettirossi-asuncion-paraguay,casa,,185000 $,"Vendo Casa en Asuncion,barrio Pettirossi.
Frente a la Escuela Profesor Cleto Romero y a pasos del Mercado 4.
La Casa cuenta con :
4 habitaciones, uno en suite con vestidor.
Baño social.
Cocina amoblda.
Amplia Sala.
Lavadero.
Quincho con parrilla.
Patio com piscina.
Garage para 4 vehiculos.
Un departamento independiente.
Planta Alta.
Dos habitaciones .uno en suite con placares.
Sala comedor con balcon.
Cocina.
Lavadero.
Deposito.
Planta baja.
Habitacion con baño.
Todos los ambientes con ventiladores y AA splitt.
Con posibilidad de generrar renta.

Casa  4.500.000 gs
Departamento : 2.500.000 gs

Inversion 185.000 usd
Apto para credito bancario.


















.

.","Venta de Casa en Pettirossi, Asunción",1.0,4.0,42995.0,07/12/2025,,Asuncion,,,,,,,,,,,,,,,,,,,,,,,,,,,,1.0,"11,0 m","503,0 m²"
https://century21.com.py/propiedad/43026_terreno-en-venta-en-la-encarnacion-asuncion-paraguay,terreno,,246500 $,"En venta terreno de 986 m² ubicado sobre la calle Presidente Franco, en pleno centro de Asunción. Una zona estratégica con alta valorización, ideal para proyectos comerciales, corporativos o residenciales.","Venta de Terreno en La Encarnación, Asunción",,,43026.0,07/12/2025,,Asuncion,,,,,,,,,,,,,,,,,,,,,,,,,,,,1.0,,"986,0 m²"
https://century21.com.py/propiedad/43027_terreno-en-venta-en-san-roque-asuncion-paraguay,terreno,,169500 $,"En venta terreno de 678 m² ubicado sobre la calle República de Colombia, en pleno centro de Asunción. Una zona estratégica con alta valorización, ideal para proyectos comerciales, corporativos o residenciales.","Venta de Terreno en San Roque, Asunción",,,43027.0,07/12/2025,,Asuncion,,,,,,,,,,,,,,,,,,,,,,,,,,,,1.0,,"678,0 m²"
https://century21.com.py/propiedad/43025_terreno-en-venta-en-san-roque-asuncion-paraguay,terreno,,318750 $,,"Venta de Terreno en San Roque, Asunción",,,43025.0,07/12/2025,,Asuncion,,,,,,,,,,,,,,,,,,,,,,,,,,,,1.0,,
https://century21.com.py/propiedad/42640_oficinas-en-venta-en-recoleta-asuncion-paraguay,oficinas,,,,,,,,07/12/2025,,Asuncion,,,,,,,,,,,,,,,,,,,,,,,,,,,,1.0,,
https://century21.com.py/propiedad/43016_departamento-en-venta-en-villa-morra-asuncion-paraguay,departamento,,,,,,,,07/12/2025,,Asuncion,,,,,,,,,,,,,,,,,,,,,,,,,,,,1.0,,
https://century21.com.py/propiedad/42931_casa-en-venta-en-recoleta-asuncion-paraguay,casa,,,,,,,,07/12/2025,,Asuncion,,,,,,,,,,,,,,,,,,,,,,,,,,,,1.0,,
https://century21.com.py/propiedad/42940_casa-en-venta-en-loma-pyta-asuncion-paraguay,casa,,,,,,,,07/12/2025,,Asuncion,,,,,,,,,,,,,,,,,,,,,,,,,,,,1.0,,
https://century21.com.py/propiedad/42972_casa-en-venta-en-lambare-central-paraguay,casa,,,,,,,,07/12/2025,,Asuncion,,,,,,,,,,,,,,,,,,,,,,,,,,,,1.0,,
https://century21.com.py/propiedad/42971_departamento-en-pozo-en-venta-en-las-lomas-asuncion-paraguay,departamento-en-pozo,,,,,,,,07/12/2025,,Asuncion,,,,,,,,,,,,,,,,,,,,,,,,,,,,1.0,,
https://century21.com.py/propiedad/42964_casa-en-venta-en-catedral-asuncion-paraguay,casa,,,,,,,,07/12/2025,,Asuncion,,,,,,,,,,,,,,,,,,,,,,,,,,,,1.0,,
https://century21.com.py/propiedad/42960_departamento-en-pozo-en-venta-en-villa-morra-asuncion-paraguay,departamento-en-pozo,,,,,,,,07/12/2025,,Asuncion,,,,,,,,,,,,,,,,,,,,,,,,,,,,1.0,,
https://century21.com.py/propiedad/42959_departamento-en-pozo-en-venta-en-villa-morra-asuncion-paraguay,departamento-en-pozo,,,,,,,,07/12/2025,,Asuncion,,,,,,,,,,,,,,,,,,,,,,,,,,,,1.0,,
https://century21.com.py/propiedad/42795_terreno-en-venta-en-loma-pyta-asuncion-paraguay,terreno,,,,,,,,07/12/2025,,Asuncion,,,,,,,,,,,,,,,,,,,,,,,,,,,,1.0,,
https://century21.com.py/propiedad/42958_departamento-en-pozo-en-venta-en-villa-morra-asuncion-paraguay,departamento-en-pozo,,,,,,,,07/12/2025,,Asuncion,,,,,,,,,,,,,,,,,,,,,,,,,,,,1.0,,
https://century21.com.py/propiedad/42957_departamento-en-pozo-en-venta-en-villa-morra-asuncion-paraguay,departamento-en-pozo,,,,,,,,07/12/2025,,Asuncion,,,,,,,,,,,,,,,,,,,,,,,,,,,,1.0,,
https://century21.com.py/propiedad/42956_departamento-en-pozo-en-venta-en-villa-morra-asuncion-paraguay,departamento-en-pozo,,,,,,,,07/12/2025,,Asuncion,,,,,,,,,,,,,,,,,,,,,,,,,,,,1.0,,
https://century21.com.py/propiedad/42881_departamento-en-renta-en-mcal.-estigarribia-asuncion-paraguay,departamento,,,,,,,,07/12/2025,,Asuncion,,,,,,,,,,,,,,,,,,,,,,,,,,,,1.0,,
https://century21.com.py/propiedad/42880_departamento-en-renta-en-mcal.-estigarribia-asuncion-paraguay,departamento,,,,,,,,07/12/2025,,Asuncion,,,,,,,,,,,,,,,,,,,,,,,,,,,,1.0,,
https://century21.com.py/propiedad/42624_departamento-en-pozo-en-venta-en-villa-morra-asuncion-paraguay,departamento-en-pozo,,,,,,,,07/12/2025,,Asuncion,,,,,,,,,,,,,,,,,,,,,,,,,,,,1.0,,
https://century21.com.py/propiedad/42939_departamento-en-venta-en-mcal.-lopez-asuncion-paraguay,departamento,,,,,,,,07/12/2025,,Asuncion,,,,,,,,,,,,,,,,,,,,,,,,,,,,1.0,,
https://century21.com.py/propiedad/42937_departamento-en-venta-en-mcal.-lopez-asuncion-paraguay,departamento,,,,,,,,07/12/2025,,Asuncion,,,,,,,,,,,,,,,,,,,,,,,,,,,,1.0,,
https://century21.com.py/propiedad/42905_departamento-en-venta-en-la-encarnacion-asuncion-paraguay,departamento,,,,,,,,07/12/2025,,Asuncion,,,,,,,,,,,,,,,,,,,,,,,,,,,,1.0,,
https://century21.com.py/propiedad/42888_terreno-en-venta-en-villa-hayes-presidente-hayes-paraguay,terreno,,,,,,,,07/12/2025,,Asuncion,,,,,,,,,,,,,,,,,,,,,,,,,,,,1.0,,
https://century21.com.py/propiedad/42887_casa-en-condominio-en-venta-en-villa-hayes-presidente-hayes-paraguay,casa-en-condominio,,,,,,,,07/12/2025,,Asuncion,,,,,,,,,,,,,,,,,,,,,,,,,,,,1.0,,
https://century21.com.py/propiedad/42886_casa-en-condominio-en-venta-en-villa-hayes-presidente-hayes-paraguay,casa-en-condominio,,,,,,,,07/12/2025,,Asuncion,,,,,,,,,,,,,,,,,,,,,,,,,,,,1.0,,
https://century21.com.py/propiedad/42865_departamento-en-pozo-en-venta-en-herrera-asuncion-paraguay,departamento-en-pozo,,,,,,,,07/12/2025,,Asuncion,,,,,,,,,,,,,,,,,,,,,,,,,,,,1.0,,
https://century21.com.py/propiedad/42858_departamento-en-pozo-en-venta-en-herrera-asuncion-paraguay,departamento-en-pozo,,,,,,,,07/12/2025,,Asuncion,,,,,,,,,,,,,,,,,,,,,,,,,,,,1.0,,
https://century21.com.py/propiedad/42857_departamento-en-pozo-en-venta-en-herrera-asuncion-paraguay,departamento-en-pozo,,,,,,,,07/12/2025,,Asuncion,,,,,,,,,,,,,,,,,,,,,,,,,,,,1.0,,
https://century21.com.py/propiedad/42856_departamento-en-pozo-en-venta-en-herrera-asuncion-paraguay,departamento-en-pozo,,,,,,,,07/12/2025,,Asuncion,,,,,,,,,,,,,,,,,,,,,,,,,,,,1.0,,
https://century21.com.py/propiedad/42855_departamento-en-pozo-en-venta-en-herrera-asuncion-paraguay,departamento-en-pozo,,,,,,,,07/12/2025,,Asuncion,,,,,,,,,,,,,,,,,,,,,,,,,,,,1.0,,
https://century21.com.py/propiedad/42851_departamento-en-pozo-en-venta-en-herrera-asuncion-paraguay,departamento-en-pozo,,,,,,,,07/12/2025,,Asuncion,,,,,,,,,,,,,,,,,,,,,,,,,,,,1.0,,
https://century21.com.py/propiedad/42847_departamento-en-pozo-en-venta-en-herrera-asuncion-paraguay,departamento-en-pozo,,,,,,,,07/12/2025,,Asuncion,,,,,,,,,,,,,,,,,,,,,,,,,,,,1.0,,
https://century21.com.py/propiedad/42845_departamento-en-pozo-en-venta-en-herrera-asuncion-paraguay,departamento-en-pozo,,,,,,,,07/12/2025,,Asuncion,,,,,,,,,,,,,,,,,,,,,,,,,,,,1.0,,
https://century21.com.py/propiedad/42844_departamento-en-pozo-en-venta-en-herrera-asuncion-paraguay,departamento-en-pozo,,,,,,,,07/12/2025,,Asuncion,,,,,,,,,,,,,,,,,,,,,,,,,,,,1.0,,
https://century21.com.py/propiedad/42732_terreno-en-venta-en-republicano-asuncion-paraguay,terreno,,,,,,,,07/12/2025,,Asuncion,,,,,,,,,,,,,,,,,,,,,,,,,,,,1.0,,
https://century21.com.py/propiedad/42842_departamento-en-pozo-en-venta-en-herrera-asuncion-paraguay,departamento-en-pozo,,,,,,,,07/12/2025,,Asuncion,,,,,,,,,,,,,,,,,,,,,,,,,,,,1.0,,
https://century21.com.py/propiedad/42840_departamento-en-pozo-en-venta-en-herrera-asuncion-paraguay,departamento-en-pozo,,,,,,,,07/12/2025,,Asuncion,,,,,,,,,,,,,,,,,,,,,,,,,,,,1.0,,
https://century21.com.py/propiedad/42839_departamento-en-pozo-en-venta-en-herrera-asuncion-paraguay,departamento-en-pozo,,,,,,,,07/12/2025,,Asuncion,,,,,,,,,,,,,,,,,,,,,,,,,,,,1.0,,
https://century21.com.py/propiedad/42818_terreno-en-venta-en-zeballos-cue-asuncion-paraguay,terreno,,,,,,,,07/12/2025,,Asuncion,,,,,,,,,,,,,,,,,,,,,,,,,,,,1.0,,
https://century21.com.py/propiedad/42825_departamento-en-pozo-en-venta-en-las-mercedes-asuncion-paraguay,departamento-en-pozo,,,,,,,,07/12/2025,,Asuncion,,,,,,,,,,,,,,,,,,,,,,,,,,,,1.0,,
https://century21.com.py/propiedad/42824_departamento-en-pozo-en-venta-en-las-mercedes-asuncion-paraguay,departamento-en-pozo,,,,,,,,07/12/2025,,Asuncion,,,,,,,,,,,,,,,,,,,,,,,,,,,,1.0,,
https://century21.com.py/propiedad/42823_departamento-en-pozo-en-venta-en-las-mercedes-asuncion-paraguay,departamento-en-pozo,,,,,,,,07/12/2025,,Asuncion,,,,,,,,,,,,,,,,,,,,,,,,,,,,1.0,,
https://century21.com.py/propiedad/42768_departamento-en-pozo-en-venta-en-las-mercedes-asuncion-paraguay,departamento-en-pozo,,,,,,,,07/12/2025,,Asuncion,,,,,,,,,,,,,,,,,,,,,,,,,,,,1.0,,
https://century21.com.py/propiedad/42797_departamento-en-venta-en-herrera-asuncion-paraguay,departamento,,,,,,,,07/12/2025,,Asuncion,,,,,,,,,,,,,,,,,,,,,,,,,,,,1.0,,
https://century21.com.py/propiedad/42773_departamento-en-venta-en-herrera-asuncion-paraguay,departamento,,,,,,,,07/12/2025,,Asuncion,,,,,,,,,,,,,,,,,,,,,,,,,,,,1.0,,
https://century21.com.py/propiedad/42743_departamento-en-venta-en-ycua-sati-asuncion-paraguay,departamento,,,,,,,,07/12/2025,,Asuncion,,,,,,,,,,,,,,,,,,,,,,,,,,,,1.0,,
https://century21.com.py/propiedad/42816_departamento-en-pozo-en-venta-en-herrera-asuncion-paraguay,departamento-en-pozo,,,,,,,,07/12/2025,,Asuncion,,,,,,,,,,,,,,,,,,,,,,,,,,,,1.0,,
https://century21.com.py/propiedad/42815_departamento-en-pozo-en-venta-en-herrera-asuncion-paraguay,departamento-en-pozo,,,,,,,,07/12/2025,,Asuncion,,,,,,,,,,,,,,,,,,,,,,,,,,,,1.0,,
https://century21.com.py/propiedad/42814_departamento-en-pozo-en-venta-en-herrera-asuncion-paraguay,departamento-en-pozo,,,,,,,,07/12/2025,,Asuncion,,,,,,,,,,,,,,,,,,,,,,,,,,,,1.0,,
https://century21.com.py/propiedad/42812_departamento-en-pozo-en-venta-en-herrera-asuncion-paraguay,departamento-en-pozo,,,,,,,,07/12/2025,,Asuncion,,,,,,,,,,,,,,,,,,,,,,,,,,,,1.0,,
https://century21.com.py/propiedad/42811_departamento-en-pozo-en-venta-en-herrera-asuncion-paraguay,departamento-en-pozo,,,,,,,,08/12/2025,,Asuncion,,,,,,,,,,,,,,,,,,,,,,,,,,,,1.0,,
https://century21.com.py/propiedad/42810_departamento-en-pozo-en-venta-en-herrera-asuncion-paraguay,departamento-en-pozo,,,,,,,,08/12/2025,,Asuncion,,,,,,,,,,,,,,,,,,,,,,,,,,,,1.0,,
https://century21.com.py/propiedad/42808_departamento-en-pozo-en-venta-en-herrera-asuncion-paraguay,departamento-en-pozo,,,,,,,,08/12/2025,,Asuncion,,,,,,,,,,,,,,,,,,,,,,,,,,,,1.0,,
https://century21.com.py/propiedad/42758_departamento-en-pozo-en-venta-en-herrera-asuncion-paraguay,departamento-en-pozo,,,,,,,,08/12/2025,,Asuncion,,,,,,,,,,,,,,,,,,,,,,,,,,,,1.0,,
https://century21.com.py/propiedad/42751_departamento-en-renta-en-ytay-asuncion-paraguay,departamento,,,,,,,,08/12/2025,,Asuncion,,,,,,,,,,,,,,,,,,,,,,,,,,,,1.0,,
https://century21.com.py/propiedad/42793_departamento-en-pozo-en-venta-en-recoleta-asuncion-paraguay,departamento-en-pozo,,,,,,,,08/12/2025,,Asuncion,,,,,,,,,,,,,,,,,,,,,,,,,,,,1.0,,
https://century21.com.py/propiedad/42792_departamento-en-pozo-en-venta-en-recoleta-asuncion-paraguay,departamento-en-pozo,,,,,,,,08/12/2025,,Asuncion,,,,,,,,,,,,,,,,,,,,,,,,,,,,1.0,,
https://century21.com.py/propiedad/42791_departamento-en-pozo-en-venta-en-recoleta-asuncion-paraguay,departamento-en-pozo,,,,,,,,08/12/2025,,Asuncion,,,,,,,,,,,,,,,,,,,,,,,,,,,,1.0,,
https://century21.com.py/propiedad/42790_departamento-en-pozo-en-venta-en-recoleta-asuncion-paraguay,departamento-en-pozo,,,,,,,,08/12/2025,,Asuncion,,,,,,,,,,,,,,,,,,,,,,,,,,,,1.0,,
https://century21.com.py/propiedad/42789_departamento-en-pozo-en-venta-en-recoleta-asuncion-paraguay,departamento-en-pozo,,,,,,,,08/12/2025,,Asuncion,,,,,,,,,,,,,,,,,,,,,,,,,,,,1.0,,
https://century21.com.py/propiedad/42788_departamento-en-pozo-en-venta-en-recoleta-asuncion-paraguay,departamento-en-pozo,,,,,,,,08/12/2025,,Asuncion,,,,,,,,,,,,,,,,,,,,,,,,,,,,1.0,,
https://century21.com.py/propiedad/42786_departamento-en-pozo-en-venta-en-recoleta-asuncion-paraguay,departamento-en-pozo,,,,,,,,08/12/2025,,Asuncion,,,,,,,,,,,,,,,,,,,,,,,,,,,,1.0,,
https://century21.com.py/propiedad/42785_departamento-en-pozo-en-venta-en-recoleta-asuncion-paraguay,departamento-en-pozo,,,,,,,,08/12/2025,,Asuncion,,,,,,,,,,,,,,,,,,,,,,,,,,,,1.0,,
https://century21.com.py/propiedad/42784_departamento-en-pozo-en-venta-en-recoleta-asuncion-paraguay,departamento-en-pozo,,,,,,,,08/12/2025,,Asuncion,,,,,,,,,,,,,,,,,,,,,,,,,,,,1.0,,
https://century21.com.py/propiedad/42782_departamento-en-pozo-en-venta-en-las-lomas-asuncion-paraguay,departamento-en-pozo,,,,,,,,08/12/2025,,Asuncion,,,,,,,,,,,,,,,,,,,,,,,,,,,,1.0,,
https://century21.com.py/propiedad/42781_departamento-en-pozo-en-venta-en-las-lomas-asuncion-paraguay,departamento-en-pozo,,,,,,,,08/12/2025,,Asuncion,,,,,,,,,,,,,,,,,,,,,,,,,,,,1.0,,
https://century21.com.py/propiedad/42779_departamento-en-pozo-en-venta-en-las-lomas-asuncion-paraguay,departamento-en-pozo,,,,,,,,08/12/2025,,Asuncion,,,,,,,,,,,,,,,,,,,,,,,,,,,,1.0,,
https://century21.com.py/propiedad/42778_departamento-en-pozo-en-venta-en-las-lomas-asuncion-paraguay,departamento-en-pozo,,,,,,,,08/12/2025,,Asuncion,,,,,,,,,,,,,,,,,,,,,,,,,,,,1.0,,
https://century21.com.py/propiedad/42777_departamento-en-pozo-en-venta-en-las-lomas-asuncion-paraguay,departamento-en-pozo,,,,,,,,08/12/2025,,Asuncion,,,,,,,,,,,,,,,,,,,,,,,,,,,,1.0,,
https://century21.com.py/propiedad/42481_departamento-en-pozo-en-venta-en-recoleta-asuncion-paraguay,departamento-en-pozo,,,,,,,,08/12/2025,,Asuncion,,,,,,,,,,,,,,,,,,,,,,,,,,,,1.0,,
https://century21.com.py/propiedad/42767_departamento-en-venta-en-mme.-lynch-asuncion-paraguay,departamento,,,,,,,,08/12/2025,,Asuncion,,,,,,,,,,,,,,,,,,,,,,,,,,,,1.0,,
https://century21.com.py/propiedad/42770_departamento-en-pozo-en-venta-en-recoleta-asuncion-paraguay,departamento-en-pozo,,,,,,,,08/12/2025,,Asuncion,,,,,,,,,,,,,,,,,,,,,,,,,,,,1.0,,
https://century21.com.py/propiedad/42750_departamento-en-renta-en-la-encarnacion-asuncion-paraguay,departamento,,,,,,,,08/12/2025,,Asuncion,,,,,,,,,,,,,,,,,,,,,,,,,,,,1.0,,
https://century21.com.py/propiedad/42745_departamento-en-pozo-en-venta-en-herrera-asuncion-paraguay,departamento-en-pozo,,,,,,,,08/12/2025,,Asuncion,,,,,,,,,,,,,,,,,,,,,,,,,,,,1.0,,
https://century21.com.py/propiedad/42744_departamento-en-pozo-en-venta-en-herrera-asuncion-paraguay,departamento-en-pozo,,,,,,,,08/12/2025,,Asuncion,,,,,,,,,,,,,,,,,,,,,,,,,,,,1.0,,
https://century21.com.py/propiedad/42742_departamento-en-pozo-en-venta-en-herrera-asuncion-paraguay,departamento-en-pozo,,,,,,,,08/12/2025,,Asuncion,,,,,,,,,,,,,,,,,,,,,,,,,,,,1.0,,
https://century21.com.py/propiedad/42585_departamento-en-renta-en-la-encarnacion-asuncion-paraguay,departamento,,,,,,,,08/12/2025,,Asuncion,,,,,,,,,,,,,,,,,,,,,,,,,,,,1.0,,
https://century21.com.py/propiedad/42734_local-en-venta-en-nazareth-asuncion-paraguay,local,,,,,,,,08/12/2025,,Asuncion,,,,,,,,,,,,,,,,,,,,,,,,,,,,1.0,,
https://century21.com.py/propiedad/42733_departamento-en-renta-en-las-mercedes-asuncion-paraguay,departamento,,,,,,,,08/12/2025,,Asuncion,,,,,,,,,,,,,,,,,,,,,,,,,,,,1.0,,
https://century21.com.py/propiedad/42730_casa-en-renta-en-sajonia-asuncion-paraguay,casa,,,,,,,,08/12/2025,,Asuncion,,,,,,,,,,,,,,,,,,,,,,,,,,,,1.0,,
https://century21.com.py/propiedad/42569_departamento-en-renta-en-las-lomas-asuncion-paraguay,departamento,,,,,,,,08/12/2025,,Asuncion,,,,,,,,,,,,,,,,,,,,,,,,,,,,1.0,,
https://century21.com.py/propiedad/42725_terreno-en-venta-en-altos-cordillera-paraguay,terreno,,,,,,,,08/12/2025,,Asuncion,,,,,,,,,,,,,,,,,,,,,,,,,,,,1.0,,
https://century21.com.py/propiedad/42724_terreno-en-venta-en-altos-cordillera-paraguay,Sin Tipo,,,,,,,,08/12/2025,,Asuncion,,,,,,,,,,,,,,,,,,,,,,,,,,,,1.0,,
https://century21.com.py/propiedad/42723_terreno-en-venta-en-altos-cordillera-paraguay,Sin Tipo,,,,,,,,08/12/2025,,Asuncion,,,,,,,,,,,,,,,,,,,,,,,,,,,,1.0,,
https://century21.com.py/propiedad/42722_terreno-en-venta-en-altos-cordillera-paraguay,terreno,,,,,,,,08/12/2025,,Asuncion,,,,,,,,,,,,,,,,,,,,,,,,,,,,1.0,,
https://century21.com.py/propiedad/42721_terreno-en-venta-en-altos-cordillera-paraguay,terreno,,,,,,,,08/12/2025,,Asuncion,,,,,,,,,,,,,,,,,,,,,,,,,,,,1.0,,
https://century21.com.py/propiedad/42720_terreno-en-venta-en-altos-cordillera-paraguay,Sin Tipo,,,,,,,,08/12/2025,,Asuncion,,,,,,,,,,,,,,,,,,,,,,,,,,,,1.0,,
https://century21.com.py/propiedad/42719_terreno-en-venta-en-altos-cordillera-paraguay,Sin Tipo,,,,,,,,08/12/2025,,Asuncion,,,,,,,,,,,,,,,,,,,,,,,,,,,,1.0,,
https://century21.com.py/propiedad/42717_terreno-en-venta-en-altos-cordillera-paraguay,Sin Tipo,,,,,,,,08/12/2025,,Asuncion,,,,,,,,,,,,,,,,,,,,,,,,,,,,1.0,,
https://century21.com.py/propiedad/42716_terreno-en-venta-en-altos-cordillera-paraguay,terreno,,,,,,,,08/12/2025,,Asuncion,,,,,,,,,,,,,,,,,,,,,,,,,,,,1.0,,
https://century21.com.py/propiedad/42715_terreno-en-venta-en-altos-cordillera-paraguay,terreno,,,,,,,,08/12/2025,,Asuncion,,,,,,,,,,,,,,,,,,,,,,,,,,,,1.0,,
https://century21.com.py/propiedad/42714_terreno-en-venta-en-altos-cordillera-paraguay,Sin Tipo,,,,,,,,08/12/2025,,Asuncion,,,,,,,,,,,,,,,,,,,,,,,,,,,,1.0,,
https://century21.com.py/propiedad/42713_terreno-en-venta-en-altos-cordillera-paraguay,Sin Tipo,,,,,,,,08/12/2025,,Asuncion,,,,,,,,,,,,,,,,,,,,,,,,,,,,1.0,,
https://century21.com.py/propiedad/42712_terreno-en-venta-en-altos-cordillera-paraguay,terreno,,,,,,,,08/12/2025,,Asuncion,,,,,,,,,,,,,,,,,,,,,,,,,,,,1.0,,
https://century21.com.py/propiedad/42711_terreno-en-venta-en-altos-cordillera-paraguay,Sin Tipo,,,,,,,,08/12/2025,,Asuncion,,,,,,,,,,,,,,,,,,,,,,,,,,,,1.0,,
https://century21.com.py/propiedad/42709_terreno-en-venta-en-altos-cordillera-paraguay,terreno,,,,,,,,08/12/2025,,Asuncion,,,,,,,,,,,,,,,,,,,,,,,,,,,,1.0,,
https://century21.com.py/propiedad/42708_terreno-en-venta-en-altos-cordillera-paraguay,Sin Tipo,,,,,,,,08/12/2025,,Asuncion,,,,,,,,,,,,,,,,,,,,,,,,,,,,1.0,,
https://century21.com.py/propiedad/42706_terreno-en-venta-en-altos-cordillera-paraguay,Sin Tipo,,,,,,,,08/12/2025,,Asuncion,,,,,,,,,,,,,,,,,,,,,,,,,,,,1.0,,
https://century21.com.py/propiedad/42705_terreno-en-venta-en-altos-cordillera-paraguay,Sin Tipo,,,,,,,,08/12/2025,,Asuncion,,,,,,,,,,,,,,,,,,,,,,,,,,,,1.0,,
https://century21.com.py/propiedad/42704_terreno-en-venta-en-altos-cordillera-paraguay,Sin Tipo,,,,,,,,08/12/2025,,Asuncion,,,,,,,,,,,,,,,,,,,,,,,,,,,,1.0,,
https://century21.com.py/propiedad/42702_terreno-en-venta-en-altos-cordillera-paraguay,Sin Tipo,,,,,,,,08/12/2025,,Asuncion,,,,,,,,,,,,,,,,,,,,,,,,,,,,1.0,,
https://century21.com.py/propiedad/42701_terreno-en-venta-en-altos-cordillera-paraguay,Sin Tipo,,,,,,,,08/12/2025,,Asuncion,,,,,,,,,,,,,,,,,,,,,,,,,,,,1.0,,
https://century21.com.py/propiedad/42700_terreno-en-venta-en-altos-cordillera-paraguay,Sin Tipo,,,,,,,,08/12/2025,,Asuncion,,,,,,,,,,,,,,,,,,,,,,,,,,,,1.0,,
https://century21.com.py/propiedad/42699_terreno-en-venta-en-altos-cordillera-paraguay,Sin Tipo,,,,,,,,08/12/2025,,Asuncion,,,,,,,,,,,,,,,,,,,,,,,,,,,,1.0,,
https://century21.com.py/propiedad/42698_terreno-en-venta-en-altos-cordillera-paraguay,Sin Tipo,,,,,,,,08/12/2025,,Asuncion,,,,,,,,,,,,,,,,,,,,,,,,,,,,1.0,,
https://century21.com.py/propiedad/42697_terreno-en-venta-en-altos-cordillera-paraguay,Sin Tipo,,,,,,,,08/12/2025,,Asuncion,,,,,,,,,,,,,,,,,,,,,,,,,,,,1.0,,
https://century21.com.py/propiedad/42695_terreno-en-venta-en-altos-cordillera-paraguay,terreno,,,,,,,,08/12/2025,,Asuncion,,,,,,,,,,,,,,,,,,,,,,,,,,,,1.0,,
https://century21.com.py/propiedad/42694_terreno-en-venta-en-altos-cordillera-paraguay,Sin Tipo,,,,,,,,08/12/2025,,Asuncion,,,,,,,,,,,,,,,,,,,,,,,,,,,,1.0,,
https://century21.com.py/propiedad/42693_terreno-en-venta-en-altos-cordillera-paraguay,terreno,,,,,,,,08/12/2025,,Asuncion,,,,,,,,,,,,,,,,,,,,,,,,,,,,1.0,,
https://century21.com.py/propiedad/42692_terreno-en-venta-en-altos-cordillera-paraguay,terreno,,,,,,,,08/12/2025,,Asuncion,,,,,,,,,,,,,,,,,,,,,,,,,,,,1.0,,
https://century21.com.py/propiedad/42691_terreno-en-venta-en-altos-cordillera-paraguay,Sin Tipo,,,,,,,,08/12/2025,,Asuncion,,,,,,,,,,,,,,,,,,,,,,,,,,,,1.0,,
https://century21.com.py/propiedad/42690_terreno-en-venta-en-altos-cordillera-paraguay,Sin Tipo,,,,,,,,08/12/2025,,Asuncion,,,,,,,,,,,,,,,,,,,,,,,,,,,,1.0,,
https://century21.com.py/propiedad/42689_terreno-en-venta-en-altos-cordillera-paraguay,terreno,,,,,,,,08/12/2025,,Asuncion,,,,,,,,,,,,,,,,,,,,,,,,,,,,1.0,,
https://century21.com.py/propiedad/42688_terreno-en-venta-en-altos-cordillera-paraguay,Sin Tipo,,,,,,,,08/12/2025,,Asuncion,,,,,,,,,,,,,,,,,,,,,,,,,,,,1.0,,
https://century21.com.py/propiedad/42687_terreno-en-venta-en-altos-cordillera-paraguay,Sin Tipo,,,,,,,,08/12/2025,,Asuncion,,,,,,,,,,,,,,,,,,,,,,,,,,,,1.0,,
https://century21.com.py/propiedad/42685_terreno-en-venta-en-altos-cordillera-paraguay,Sin Tipo,,,,,,,,08/12/2025,,Asuncion,,,,,,,,,,,,,,,,,,,,,,,,,,,,1.0,,
https://century21.com.py/propiedad/42684_terreno-en-venta-en-altos-cordillera-paraguay,Sin Tipo,,,,,,,,08/12/2025,,Asuncion,,,,,,,,,,,,,,,,,,,,,,,,,,,,1.0,,
https://century21.com.py/propiedad/42683_terreno-en-venta-en-altos-cordillera-paraguay,Sin Tipo,,,,,,,,08/12/2025,,Asuncion,,,,,,,,,,,,,,,,,,,,,,,,,,,,1.0,,
https://century21.com.py/propiedad/42682_terreno-en-venta-en-altos-cordillera-paraguay,Sin Tipo,,,,,,,,08/12/2025,,Asuncion,,,,,,,,,,,,,,,,,,,,,,,,,,,,1.0,,
https://century21.com.py/propiedad/42681_terreno-en-venta-en-altos-cordillera-paraguay,Sin Tipo,,,,,,,,08/12/2025,,Asuncion,,,,,,,,,,,,,,,,,,,,,,,,,,,,1.0,,
https://century21.com.py/propiedad/42680_terreno-en-venta-en-altos-cordillera-paraguay,Sin Tipo,,,,,,,,08/12/2025,,Asuncion,,,,,,,,,,,,,,,,,,,,,,,,,,,,1.0,,
https://century21.com.py/propiedad/42679_terreno-en-venta-en-altos-cordillera-paraguay,Sin Tipo,,,,,,,,08/12/2025,,Asuncion,,,,,,,,,,,,,,,,,,,,,,,,,,,,1.0,,
https://century21.com.py/propiedad/42678_terreno-en-venta-en-altos-cordillera-paraguay,Sin Tipo,,,,,,,,08/12/2025,,Asuncion,,,,,,,,,,,,,,,,,,,,,,,,,,,,1.0,,
https://century21.com.py/propiedad/42677_terreno-en-venta-en-altos-cordillera-paraguay,terreno,,,,,,,,08/12/2025,,Asuncion,,,,,,,,,,,,,,,,,,,,,,,,,,,,1.0,,
https://century21.com.py/propiedad/42675_terreno-en-venta-en-altos-cordillera-paraguay,Sin Tipo,,,,,,,,08/12/2025,,Asuncion,,,,,,,,,,,,,,,,,,,,,,,,,,,,1.0,,
https://century21.com.py/propiedad/42674_terreno-en-venta-en-altos-cordillera-paraguay,Sin Tipo,,,,,,,,08/12/2025,,Asuncion,,,,,,,,,,,,,,,,,,,,,,,,,,,,1.0,,
https://century21.com.py/propiedad/42673_terreno-en-venta-en-altos-cordillera-paraguay,Sin Tipo,,,,,,,,08/12/2025,,Asuncion,,,,,,,,,,,,,,,,,,,,,,,,,,,,1.0,,
https://century21.com.py/propiedad/42672_terreno-en-venta-en-altos-cordillera-paraguay,Sin Tipo,,,,,,,,08/12/2025,,Asuncion,,,,,,,,,,,,,,,,,,,,,,,,,,,,1.0,,
https://century21.com.py/propiedad/42671_terreno-en-venta-en-altos-cordillera-paraguay,Sin Tipo,,,,,,,,08/12/2025,,Asuncion,,,,,,,,,,,,,,,,,,,,,,,,,,,,1.0,,
https://century21.com.py/propiedad/42670_terreno-en-venta-en-altos-cordillera-paraguay,Sin Tipo,,,,,,,,08/12/2025,,Asuncion,,,,,,,,,,,,,,,,,,,,,,,,,,,,1.0,,
https://century21.com.py/propiedad/42669_terreno-en-venta-en-altos-cordillera-paraguay,Sin Tipo,,,,,,,,08/12/2025,,Asuncion,,,,,,,,,,,,,,,,,,,,,,,,,,,,1.0,,
https://century21.com.py/propiedad/42668_terreno-en-venta-en-altos-cordillera-paraguay,Sin Tipo,,,,,,,,08/12/2025,,Asuncion,,,,,,,,,,,,,,,,,,,,,,,,,,,,1.0,,
https://century21.com.py/propiedad/42667_terreno-en-venta-en-altos-cordillera-paraguay,Sin Tipo,,,,,,,,08/12/2025,,Asuncion,,,,,,,,,,,,,,,,,,,,,,,,,,,,1.0,,
https://century21.com.py/propiedad/42665_terreno-en-venta-en-altos-cordillera-paraguay,Sin Tipo,,,,,,,,08/12/2025,,Asuncion,,,,,,,,,,,,,,,,,,,,,,,,,,,,1.0,,
https://century21.com.py/propiedad/42664_terreno-en-venta-en-altos-cordillera-paraguay,terreno,,,,,,,,08/12/2025,,Asuncion,,,,,,,,,,,,,,,,,,,,,,,,,,,,1.0,,
https://century21.com.py/propiedad/42663_terreno-en-venta-en-altos-cordillera-paraguay,terreno,,,,,,,,08/12/2025,,Asuncion,,,,,,,,,,,,,,,,,,,,,,,,,,,,1.0,,
https://century21.com.py/propiedad/42661_departamento-en-pozo-en-venta-en-loma-pyta-asuncion-paraguay,departamento-en-pozo,,,,,,,,08/12/2025,,Asuncion,,,,,,,,,,,,,,,,,,,,,,,,,,,,1.0,,
https://century21.com.py/propiedad/42660_departamento-en-pozo-en-venta-en-loma-pyta-asuncion-paraguay,departamento-en-pozo,,,,,,,,08/12/2025,,Asuncion,,,,,,,,,,,,,,,,,,,,,,,,,,,,1.0,,
https://century21.com.py/propiedad/42659_departamento-en-pozo-en-venta-en-loma-pyta-asuncion-paraguay,departamento-en-pozo,,,,,,,,08/12/2025,,Asuncion,,,,,,,,,,,,,,,,,,,,,,,,,,,,1.0,,
https://century21.com.py/propiedad/42658_departamento-en-pozo-en-venta-en-loma-pyta-asuncion-paraguay,departamento-en-pozo,,,,,,,,08/12/2025,,Asuncion,,,,,,,,,,,,,,,,,,,,,,,,,,,,1.0,,
https://century21.com.py/propiedad/42656_departamento-en-pozo-en-venta-en-loma-pyta-asuncion-paraguay,departamento-en-pozo,,,,,,,,08/12/2025,,Asuncion,,,,,,,,,,,,,,,,,,,,,,,,,,,,1.0,,
https://century21.com.py/propiedad/42655_departamento-en-pozo-en-venta-en-las-mercedes-asuncion-paraguay,departamento-en-pozo,,,,,,,,08/12/2025,,Asuncion,,,,,,,,,,,,,,,,,,,,,,,,,,,,1.0,,
https://century21.com.py/propiedad/42653_local-en-venta-en-las-mercedes-asuncion-paraguay,local,,,,,,,,08/12/2025,,Asuncion,,,,,,,,,,,,,,,,,,,,,,,,,,,,1.0,,
https://century21.com.py/propiedad/42652_departamento-en-pozo-en-venta-en-las-mercedes-asuncion-paraguay,departamento-en-pozo,,,,,,,,08/12/2025,,Asuncion,,,,,,,,,,,,,,,,,,,,,,,,,,,,1.0,,
https://century21.com.py/propiedad/42651_departamento-en-pozo-en-venta-en-las-mercedes-asuncion-paraguay,departamento-en-pozo,,,,,,,,08/12/2025,,Asuncion,,,,,,,,,,,,,,,,,,,,,,,,,,,,1.0,,
https://century21.com.py/propiedad/42540_departamento-en-renta-en-herrera-asuncion-paraguay,Sin Tipo,,,,,,,,08/12/2025,,Asuncion,,,,,,,,,,,,,,,,,,,,,,,,,,,,1.0,,
https://century21.com.py/propiedad/42646_departamento-en-pozo-en-venta-en-las-mercedes-asuncion-paraguay,departamento-en-pozo,,,,,,,,08/12/2025,,Asuncion,,,,,,,,,,,,,,,,,,,,,,,,,,,,1.0,,
https://century21.com.py/propiedad/42511_casa-en-venta-en-luque-central-paraguay,casa,,,,,,,,08/12/2025,,Asuncion,,,,,,,,,,,,,,,,,,,,,,,,,,,,1.0,,
https://century21.com.py/propiedad/42644_departamento-en-pozo-en-venta-en-herrera-asuncion-paraguay,departamento-en-pozo,,,,,,,,08/12/2025,,Asuncion,,,,,,,,,,,,,,,,,,,,,,,,,,,,1.0,,
https://century21.com.py/propiedad/42499_departamento-en-pozo-en-venta-en-las-carmelitas-asuncion-paraguay,departamento-en-pozo,,,,,,,,08/12/2025,,Asuncion,,,,,,,,,,,,,,,,,,,,,,,,,,,,1.0,,
https://century21.com.py/propiedad/42437_departamento-en-venta-en-san-cristobal-asuncion-paraguay,departamento,,,,,,,,08/12/2025,,Asuncion,,,,,,,,,,,,,,,,,,,,,,,,,,,,1.0,,
https://century21.com.py/propiedad/42379_casa-en-renta-en-villa-aurelia-asuncion-paraguay,casa,,,,,,,,08/12/2025,,Asuncion,,,,,,,,,,,,,,,,,,,,,,,,,,,,1.0,,
https://century21.com.py/propiedad/42600_terreno-en-venta-en-villa-hayes-presidente-hayes-paraguay,terreno,,,,,,,,08/12/2025,,Asuncion,,,,,,,,,,,,,,,,,,,,,,,,,,,,1.0,,
https://century21.com.py/propiedad/42607_departamento-en-pozo-en-venta-en-herrera-asuncion-paraguay,departamento-en-pozo,,,,,,,,08/12/2025,,Asuncion,,,,,,,,,,,,,,,,,,,,,,,,,,,,1.0,,
https://century21.com.py/propiedad/42603_departamento-en-pozo-en-venta-en-herrera-asuncion-paraguay,departamento-en-pozo,,,,,,,,08/12/2025,,Asuncion,,,,,,,,,,,,,,,,,,,,,,,,,,,,1.0,,
https://century21.com.py/propiedad/42602_departamento-en-pozo-en-venta-en-herrera-asuncion-paraguay,departamento-en-pozo,,,,,,,,08/12/2025,,Asuncion,,,,,,,,,,,,,,,,,,,,,,,,,,,,1.0,,
https://century21.com.py/propiedad/42599_departamento-en-pozo-en-venta-en-herrera-asuncion-paraguay,departamento-en-pozo,,,,,,,,08/12/2025,,Asuncion,,,,,,,,,,,,,,,,,,,,,,,,,,,,1.0,,
https://century21.com.py/propiedad/42595_departamento-en-pozo-en-venta-en-herrera-asuncion-paraguay,departamento-en-pozo,,,,,,,,08/12/2025,,Asuncion,,,,,,,,,,,,,,,,,,,,,,,,,,,,1.0,,
https://century21.com.py/propiedad/42594_departamento-en-pozo-en-venta-en-herrera-asuncion-paraguay,departamento-en-pozo,,,,,,,,08/12/2025,,Asuncion,,,,,,,,,,,,,,,,,,,,,,,,,,,,1.0,,
https://century21.com.py/propiedad/42593_departamento-en-pozo-en-venta-en-herrera-asuncion-paraguay,departamento-en-pozo,,,,,,,,08/12/2025,,Asuncion,,,,,,,,,,,,,,,,,,,,,,,,,,,,1.0,,
https://century21.com.py/propiedad/42592_departamento-en-pozo-en-venta-en-herrera-asuncion-paraguay,departamento-en-pozo,,,,,,,,08/12/2025,,Asuncion,,,,,,,,,,,,,,,,,,,,,,,,,,,,1.0,,
https://century21.com.py/propiedad/42590_departamento-en-pozo-en-venta-en-herrera-asuncion-paraguay,departamento-en-pozo,,,,,,,,08/12/2025,,Asuncion,,,,,,,,,,,,,,,,,,,,,,,,,,,,1.0,,
https://century21.com.py/propiedad/42588_terreno-en-venta-en-luque-central-paraguay,terreno,,,,,,,,08/12/2025,,Asuncion,,,,,,,,,,,,,,,,,,,,,,,,,,,,1.0,,
https://century21.com.py/propiedad/42584_departamento-en-pozo-en-venta-en-herrera-asuncion-paraguay,departamento-en-pozo,,,,,,,,08/12/2025,,Asuncion,,,,,,,,,,,,,,,,,,,,,,,,,,,,1.0,,
https://century21.com.py/propiedad/42451_casa-en-venta-en-dr.-francia-asuncion-paraguay,casa,,,,,,,,08/12/2025,,Asuncion,,,,,,,,,,,,,,,,,,,,,,,,,,,,1.0,,
https://century21.com.py/propiedad/42562_departamento-en-renta-en-villa-morra-asuncion-paraguay,departamento,,,,,,,,08/12/2025,,Asuncion,,,,,,,,,,,,,,,,,,,,,,,,,,,,1.0,,
https://century21.com.py/propiedad/42542_casa-duplex-en-venta-en-mme.-lynch-asuncion-paraguay,casa-duplex,,,,,,,,08/12/2025,,Asuncion,,,,,,,,,,,,,,,,,,,,,,,,,,,,1.0,,
https://century21.com.py/propiedad/42558_departamento-en-pozo-en-venta-en-las-lomas-asuncion-paraguay,departamento-en-pozo,,,,,,,,08/12/2025,,Asuncion,,,,,,,,,,,,,,,,,,,,,,,,,,,,1.0,,
https://century21.com.py/propiedad/42557_departamento-en-pozo-en-venta-en-las-lomas-asuncion-paraguay,departamento-en-pozo,,,,,,,,08/12/2025,,Asuncion,,,,,,,,,,,,,,,,,,,,,,,,,,,,1.0,,
https://century21.com.py/propiedad/42556_departamento-en-pozo-en-venta-en-las-lomas-asuncion-paraguay,departamento-en-pozo,,,,,,,,08/12/2025,,Asuncion,,,,,,,,,,,,,,,,,,,,,,,,,,,,1.0,,
https://century21.com.py/propiedad/42476_casa-en-renta-en-mcal.-estigarribia-asuncion-paraguay,casa,,,,,,,,08/12/2025,,Asuncion,,,,,,,,,,,,,,,,,,,,,,,,,,,,1.0,,
https://century21.com.py/propiedad/42308_terreno-en-venta-en-ita-central-paraguay,terreno,,,,,,,,08/12/2025,,Asuncion,,,,,,,,,,,,,,,,,,,,,,,,,,,,1.0,,
https://century21.com.py/propiedad/42486_casa-en-venta-en-san-vicente-asuncion-paraguay,casa,,,,,,,,08/12/2025,,Asuncion,,,,,,,,,,,,,,,,,,,,,,,,,,,,1.0,,
https://century21.com.py/propiedad/42079_nave-en-renta-en-mburicao-asuncion-paraguay,nave,,,,,,,,08/12/2025,,Asuncion,,,,,,,,,,,,,,,,,,,,,,,,,,,,1.0,,
https://century21.com.py/propiedad/42495_nave-en-venta-en-villa-elisa-central-paraguay,nave,,,,,,,,08/12/2025,,Asuncion,,,,,,,,,,,,,,,,,,,,,,,,,,,,1.0,,
https://century21.com.py/propiedad/42446_departamento-en-pozo-en-venta-en-recoleta-asuncion-paraguay,departamento-en-pozo,,,,,,,,08/12/2025,,Asuncion,,,,,,,,,,,,,,,,,,,,,,,,,,,,1.0,,
https://century21.com.py/propiedad/42493_casa-en-renta-en-mcal.-lopez-asuncion-paraguay,casa,,,,,,,,08/12/2025,,Asuncion,,,,,,,,,,,,,,,,,,,,,,,,,,,,1.0,,
https://century21.com.py/propiedad/41977_casa-en-venta-en-mcal.-lopez-asuncion-paraguay,casa,,,,,,,,08/12/2025,,Asuncion,,,,,,,,,,,,,,,,,,,,,,,,,,,,1.0,,
https://century21.com.py/propiedad/42480_casa-en-venta-en-recoleta-asuncion-paraguay,casa,,,,,,,,08/12/2025,,Asuncion,,,,,,,,,,,,,,,,,,,,,,,,,,,,1.0,,
https://century21.com.py/propiedad/42487_terreno-en-venta-en-trinidad-asuncion-paraguay,terreno,,,,,,,,08/12/2025,,Asuncion,,,,,,,,,,,,,,,,,,,,,,,,,,,,1.0,,
https://century21.com.py/propiedad/42471_departamento-en-renta-en-mburucuya-asuncion-paraguay,departamento,,,,,,,,08/12/2025,,Asuncion,,,,,,,,,,,,,,,,,,,,,,,,,,,,1.0,,
https://century21.com.py/propiedad/42473_departamento-en-renta-en-villa-morra-asuncion-paraguay,departamento,,,,,,,,08/12/2025,,Asuncion,,,,,,,,,,,,,,,,,,,,,,,,,,,,1.0,,
https://century21.com.py/propiedad/42305_casa-en-renta-en-san-roque-asuncion-paraguay,casa,,,,,,,,08/12/2025,,Asuncion,,,,,,,,,,,,,,,,,,,,,,,,,,,,1.0,,
https://century21.com.py/propiedad/42192_casa-en-venta-en-vista-alegre-asuncion-paraguay,casa,,,,,,,,08/12/2025,,Asuncion,,,,,,,,,,,,,,,,,,,,,,,,,,,,1.0,,
https://century21.com.py/propiedad/39904_departamento-en-venta-en-las-lomas-asuncion-paraguay,departamento,,,,,,,,08/12/2025,,Asuncion,,,,,,,,,,,,,,,,,,,,,,,,,,,,1.0,,
https://century21.com.py/propiedad/42454_casa-duplex-en-venta-en-luque-central-paraguay,casa-duplex,,,,,,,,08/12/2025,,Asuncion,,,,,,,,,,,,,,,,,,,,,,,,,,,,1.0,,
https://century21.com.py/propiedad/42448_departamento-en-venta-en-loma-pyta-asuncion-paraguay,departamento,,,,,,,,08/12/2025,,Asuncion,,,,,,,,,,,,,,,,,,,,,,,,,,,,1.0,,
https://century21.com.py/propiedad/42263_oficinas-en-venta-en-villa-morra-asuncion-paraguay,oficinas,,,,,,,,08/12/2025,,Asuncion,,,,,,,,,,,,,,,,,,,,,,,,,,,,1.0,,
https://century21.com.py/propiedad/42262_oficinas-en-venta-en-villa-morra-asuncion-paraguay,oficinas,,,,,,,,08/12/2025,,Asuncion,,,,,,,,,,,,,,,,,,,,,,,,,,,,1.0,,
https://century21.com.py/propiedad/42261_oficinas-en-venta-en-villa-morra-asuncion-paraguay,oficinas,,,,,,,,08/12/2025,,Asuncion,,,,,,,,,,,,,,,,,,,,,,,,,,,,1.0,,
https://century21.com.py/propiedad/42260_oficinas-en-venta-en-villa-morra-asuncion-paraguay,oficinas,,,,,,,,08/12/2025,,Asuncion,,,,,,,,,,,,,,,,,,,,,,,,,,,,1.0,,
https://century21.com.py/propiedad/42442_casa-en-condominio-en-venta-en-mcal.-estigarribia-asuncion-paraguay,casa-en-condominio,,,,,,,,08/12/2025,,Asuncion,,,,,,,,,,,,,,,,,,,,,,,,,,,,1.0,,
https://century21.com.py/propiedad/42427_departamento-en-pozo-en-venta-en-recoleta-asuncion-paraguay,departamento-en-pozo,,,,,,,,08/12/2025,,Asuncion,,,,,,,,,,,,,,,,,,,,,,,,,,,,1.0,,
https://century21.com.py/propiedad/42416_departamento-en-renta-en-barrio-jara-asuncion-paraguay,departamento,,,,,,,,08/12/2025,,Asuncion,,,,,,,,,,,,,,,,,,,,,,,,,,,,1.0,,
https://century21.com.py/propiedad/42424_departamento-en-pozo-en-venta-en-villa-morra-asuncion-paraguay,departamento-en-pozo,,,,,,,,08/12/2025,,Asuncion,,,,,,,,,,,,,,,,,,,,,,,,,,,,1.0,,
https://century21.com.py/propiedad/42421_departamento-en-pozo-en-venta-en-villa-morra-asuncion-paraguay,departamento-en-pozo,,,,,,,,08/12/2025,,Asuncion,,,,,,,,,,,,,,,,,,,,,,,,,,,,1.0,,
https://century21.com.py/propiedad/42420_departamento-en-pozo-en-venta-en-villa-morra-asuncion-paraguay,departamento-en-pozo,,,,,,,,08/12/2025,,Asuncion,,,,,,,,,,,,,,,,,,,,,,,,,,,,1.0,,
https://century21.com.py/propiedad/42419_departamento-en-pozo-en-venta-en-villa-morra-asuncion-paraguay,departamento-en-pozo,,,,,,,,08/12/2025,,Asuncion,,,,,,,,,,,,,,,,,,,,,,,,,,,,1.0,,
https://century21.com.py/propiedad/42418_departamento-en-pozo-en-venta-en-villa-morra-asuncion-paraguay,departamento-en-pozo,,,,,,,,08/12/2025,,Asuncion,,,,,,,,,,,,,,,,,,,,,,,,,,,,1.0,,
https://century21.com.py/propiedad/42417_departamento-en-pozo-en-venta-en-villa-morra-asuncion-paraguay,departamento-en-pozo,,,,,,,,08/12/2025,,Asuncion,,,,,,,,,,,,,,,,,,,,,,,,,,,,1.0,,
https://century21.com.py/propiedad/42414_terreno-en-venta-en-quiindy-paraguari-paraguay,terreno,,,,,,,,08/12/2025,,Asuncion,,,,,,,,,,,,,,,,,,,,,,,,,,,,1.0,,
https://century21.com.py/propiedad/42412_terreno-en-venta-en-quiindy-paraguari-paraguay,terreno,,,,,,,,08/12/2025,,Asuncion,,,,,,,,,,,,,,,,,,,,,,,,,,,,1.0,,
https://century21.com.py/propiedad/42410_terreno-en-venta-en-quiindy-paraguari-paraguay,terreno,,,,,,,,08/12/2025,,Asuncion,,,,,,,,,,,,,,,,,,,,,,,,,,,,1.0,,
https://century21.com.py/propiedad/42409_terreno-en-venta-en-quiindy-paraguari-paraguay,terreno,,,,,,,,08/12/2025,,Asuncion,,,,,,,,,,,,,,,,,,,,,,,,,,,,1.0,,
https://century21.com.py/propiedad/42387_estancia-en-venta-en-caacupe-cordillera-paraguay,Sin Tipo,,,,,,,,08/12/2025,,Asuncion,,,,,,,,,,,,,,,,,,,,,,,,,,,,1.0,,
https://century21.com.py/propiedad/42383_terreno-en-venta-en-san-roque-asuncion-paraguay,Sin Tipo,,,,,,,,08/12/2025,,Asuncion,,,,,,,,,,,,,,,,,,,,,,,,,,,,1.0,,
https://century21.com.py/propiedad/42337_nave-en-renta-en-la-encarnacion-asuncion-paraguay,nave,,,,,,,,08/12/2025,,Asuncion,,,,,,,,,,,,,,,,,,,,,,,,,,,,1.0,,
https://century21.com.py/propiedad/42367_departamento-en-pozo-en-venta-en-las-lomas-asuncion-paraguay,departamento-en-pozo,,,,,,,,08/12/2025,,Asuncion,,,,,,,,,,,,,,,,,,,,,,,,,,,,1.0,,
https://century21.com.py/propiedad/42366_departamento-en-pozo-en-venta-en-las-lomas-asuncion-paraguay,departamento-en-pozo,,,,,,,,08/12/2025,,Asuncion,,,,,,,,,,,,,,,,,,,,,,,,,,,,1.0,,
https://century21.com.py/propiedad/42364_departamento-en-pozo-en-venta-en-las-lomas-asuncion-paraguay,departamento-en-pozo,,,,,,,,08/12/2025,,Asuncion,,,,,,,,,,,,,,,,,,,,,,,,,,,,1.0,,
https://century21.com.py/propiedad/42360_departamento-en-pozo-en-venta-en-las-lomas-asuncion-paraguay,departamento-en-pozo,,,,,,,,08/12/2025,,Asuncion,,,,,,,,,,,,,,,,,,,,,,,,,,,,1.0,,
https://century21.com.py/propiedad/42359_departamento-en-pozo-en-venta-en-las-lomas-asuncion-paraguay,Sin Tipo,,,,,,,,08/12/2025,,Asuncion,,,,,,,,,,,,,,,,,,,,,,,,,,,,1.0,,
https://century21.com.py/propiedad/42357_departamento-en-pozo-en-venta-en-las-lomas-asuncion-paraguay,departamento-en-pozo,,,,,,,,08/12/2025,,Asuncion,,,,,,,,,,,,,,,,,,,,,,,,,,,,1.0,,
https://century21.com.py/propiedad/42356_departamento-en-pozo-en-venta-en-las-lomas-asuncion-paraguay,departamento-en-pozo,,,,,,,,08/12/2025,,Asuncion,,,,,,,,,,,,,,,,,,,,,,,,,,,,1.0,,
https://century21.com.py/propiedad/42355_departamento-en-pozo-en-venta-en-las-lomas-asuncion-paraguay,departamento-en-pozo,,,,,,,,08/12/2025,,Asuncion,,,,,,,,,,,,,,,,,,,,,,,,,,,,1.0,,
https://century21.com.py/propiedad/42354_departamento-en-pozo-en-venta-en-las-lomas-asuncion-paraguay,Sin Tipo,,,,,,,,08/12/2025,,Asuncion,,,,,,,,,,,,,,,,,,,,,,,,,,,,1.0,,
https://century21.com.py/propiedad/42352_departamento-en-pozo-en-venta-en-las-lomas-asuncion-paraguay,departamento-en-pozo,,,,,,,,08/12/2025,,Asuncion,,,,,,,,,,,,,,,,,,,,,,,,,,,,1.0,,
https://century21.com.py/propiedad/42351_departamento-en-pozo-en-venta-en-las-lomas-asuncion-paraguay,departamento-en-pozo,,,,,,,,08/12/2025,,Asuncion,,,,,,,,,,,,,,,,,,,,,,,,,,,,1.0,,
https://century21.com.py/propiedad/42346_departamento-en-pozo-en-venta-en-las-lomas-asuncion-paraguay,departamento-en-pozo,,,,,,,,08/12/2025,,Asuncion,,,,,,,,,,,,,,,,,,,,,,,,,,,,1.0,,
https://century21.com.py/propiedad/42345_departamento-en-pozo-en-venta-en-las-lomas-asuncion-paraguay,Sin Tipo,,,,,,,,08/12/2025,,Asuncion,,,,,,,,,,,,,,,,,,,,,,,,,,,,1.0,,
https://century21.com.py/propiedad/42344_departamento-en-pozo-en-venta-en-las-lomas-asuncion-paraguay,departamento-en-pozo,,,,,,,,08/12/2025,,Asuncion,,,,,,,,,,,,,,,,,,,,,,,,,,,,1.0,,
https://century21.com.py/propiedad/42343_departamento-en-pozo-en-venta-en-las-lomas-asuncion-paraguay,departamento-en-pozo,,,,,,,,08/12/2025,,Asuncion,,,,,,,,,,,,,,,,,,,,,,,,,,,,1.0,,
https://century21.com.py/propiedad/42342_departamento-en-pozo-en-venta-en-las-lomas-asuncion-paraguay,departamento-en-pozo,,,,,,,,08/12/2025,,Asuncion,,,,,,,,,,,,,,,,,,,,,,,,,,,,1.0,,
https://century21.com.py/propiedad/42341_departamento-en-pozo-en-venta-en-las-lomas-asuncion-paraguay,departamento-en-pozo,,,,,,,,08/12/2025,,Asuncion,,,,,,,,,,,,,,,,,,,,,,,,,,,,1.0,,
https://century21.com.py/propiedad/42340_departamento-en-pozo-en-venta-en-las-lomas-asuncion-paraguay,departamento-en-pozo,,,,,,,,08/12/2025,,Asuncion,,,,,,,,,,,,,,,,,,,,,,,,,,,,1.0,,
https://century21.com.py/propiedad/42339_departamento-en-pozo-en-venta-en-las-lomas-asuncion-paraguay,departamento-en-pozo,,,,,,,,08/12/2025,,Asuncion,,,,,,,,,,,,,,,,,,,,,,,,,,,,1.0,,
https://century21.com.py/propiedad/42338_departamento-en-pozo-en-venta-en-las-lomas-asuncion-paraguay,departamento-en-pozo,,,,,,,,08/12/2025,,Asuncion,,,,,,,,,,,,,,,,,,,,,,,,,,,,1.0,,
https://century21.com.py/propiedad/42327_departamento-en-renta-en-las-mercedes-asuncion-paraguay,departamento,,,,,,,,08/12/2025,,Asuncion,,,,,,,,,,,,,,,,,,,,,,,,,,,,1.0,,
https://century21.com.py/propiedad/42322_departamento-en-venta-en-la-encarnacion-asuncion-paraguay,departamento,,,,,,,,08/12/2025,,Asuncion,,,,,,,,,,,,,,,,,,,,,,,,,,,,1.0,,
https://century21.com.py/propiedad/42307_casa-en-venta-en-barrio-jara-asuncion-paraguay,casa,,,,,,,,08/12/2025,,Asuncion,,,,,,,,,,,,,,,,,,,,,,,,,,,,1.0,,
https://century21.com.py/propiedad/42320_edificio-en-venta-en-terminal-asuncion-paraguay,edificio,,,,,,,,08/12/2025,,Asuncion,,,,,,,,,,,,,,,,,,,,,,,,,,,,1.0,,
https://century21.com.py/propiedad/42318_departamento-en-pozo-en-venta-en-mcal.-lopez-asuncion-paraguay,departamento-en-pozo,,,,,,,,08/12/2025,,Asuncion,,,,,,,,,,,,,,,,,,,,,,,,,,,,1.0,,
https://century21.com.py/propiedad/42317_departamento-en-pozo-en-venta-en-mcal.-lopez-asuncion-paraguay,departamento-en-pozo,,,,,,,,08/12/2025,,Asuncion,,,,,,,,,,,,,,,,,,,,,,,,,,,,1.0,,
https://century21.com.py/propiedad/42316_departamento-en-pozo-en-venta-en-mcal.-lopez-asuncion-paraguay,departamento-en-pozo,,,,,,,,08/12/2025,,Asuncion,,,,,,,,,,,,,,,,,,,,,,,,,,,,1.0,,
https://century21.com.py/propiedad/42092_departamento-en-pozo-en-venta-en-mcal.-lopez-asuncion-paraguay,departamento-en-pozo,,,,,,,,08/12/2025,,Asuncion,,,,,,,,,,,,,,,,,,,,,,,,,,,,1.0,,
https://century21.com.py/propiedad/42310_departamento-en-pozo-en-venta-en-las-lomas-asuncion-paraguay,departamento-en-pozo,,,,,,,,08/12/2025,,Asuncion,,,,,,,,,,,,,,,,,,,,,,,,,,,,1.0,,
https://century21.com.py/propiedad/42300_terreno-en-venta-en-itaugua-central-paraguay,terreno,,,,,,,,08/12/2025,,Asuncion,,,,,,,,,,,,,,,,,,,,,,,,,,,,1.0,,
https://century21.com.py/propiedad/42298_terreno-en-venta-en-itaugua-central-paraguay,terreno,,,,,,,,08/12/2025,,Asuncion,,,,,,,,,,,,,,,,,,,,,,,,,,,,1.0,,
https://century21.com.py/propiedad/42299_terreno-en-venta-en-itaugua-central-paraguay,terreno,,,,,,,,08/12/2025,,Asuncion,,,,,,,,,,,,,,,,,,,,,,,,,,,,1.0,,
https://century21.com.py/propiedad/42291_terreno-en-venta-en-itaugua-central-paraguay,terreno,,,,,,,,08/12/2025,,Asuncion,,,,,,,,,,,,,,,,,,,,,,,,,,,,1.0,,
https://century21.com.py/propiedad/42281_departamento-en-pozo-en-venta-en-recoleta-asuncion-paraguay,departamento-en-pozo,,,,,,,,08/12/2025,,Asuncion,,,,,,,,,,,,,,,,,,,,,,,,,,,,1.0,,
https://century21.com.py/propiedad/42280_departamento-en-pozo-en-venta-en-recoleta-asuncion-paraguay,departamento-en-pozo,,,,,,,,08/12/2025,,Asuncion,,,,,,,,,,,,,,,,,,,,,,,,,,,,1.0,,
https://century21.com.py/propiedad/42279_departamento-en-pozo-en-venta-en-recoleta-asuncion-paraguay,departamento-en-pozo,,,,,,,,08/12/2025,,Asuncion,,,,,,,,,,,,,,,,,,,,,,,,,,,,1.0,,
https://century21.com.py/propiedad/42278_departamento-en-pozo-en-venta-en-recoleta-asuncion-paraguay,departamento-en-pozo,,,,,,,,08/12/2025,,Asuncion,,,,,,,,,,,,,,,,,,,,,,,,,,,,1.0,,
https://century21.com.py/propiedad/42277_departamento-en-pozo-en-venta-en-recoleta-asuncion-paraguay,departamento-en-pozo,,,,,,,,08/12/2025,,Asuncion,,,,,,,,,,,,,,,,,,,,,,,,,,,,1.0,,
https://century21.com.py/propiedad/42275_departamento-en-pozo-en-venta-en-recoleta-asuncion-paraguay,departamento-en-pozo,,,,,,,,08/12/2025,,Asuncion,,,,,,,,,,,,,,,,,,,,,,,,,,,,1.0,,
https://century21.com.py/propiedad/42271_departamento-en-pozo-en-venta-en-recoleta-asuncion-paraguay,departamento-en-pozo,,,,,,,,08/12/2025,,Asuncion,,,,,,,,,,,,,,,,,,,,,,,,,,,,1.0,,
https://century21.com.py/propiedad/42270_departamento-en-pozo-en-venta-en-recoleta-asuncion-paraguay,departamento-en-pozo,,,,,,,,08/12/2025,,Asuncion,,,,,,,,,,,,,,,,,,,,,,,,,,,,1.0,,
https://century21.com.py/propiedad/42269_departamento-en-pozo-en-venta-en-recoleta-asuncion-paraguay,departamento-en-pozo,,,,,,,,08/12/2025,,Asuncion,,,,,,,,,,,,,,,,,,,,,,,,,,,,1.0,,
https://century21.com.py/propiedad/42268_departamento-en-pozo-en-venta-en-recoleta-asuncion-paraguay,departamento-en-pozo,,,,,,,,08/12/2025,,Asuncion,,,,,,,,,,,,,,,,,,,,,,,,,,,,1.0,,
https://century21.com.py/propiedad/42267_departamento-en-pozo-en-venta-en-recoleta-asuncion-paraguay,departamento-en-pozo,,,,,,,,08/12/2025,,Asuncion,,,,,,,,,,,,,,,,,,,,,,,,,,,,1.0,,
https://century21.com.py/propiedad/42266_departamento-en-pozo-en-venta-en-recoleta-asuncion-paraguay,departamento-en-pozo,,,,,,,,08/12/2025,,Asuncion,,,,,,,,,,,,,,,,,,,,,,,,,,,,1.0,,
https://century21.com.py/propiedad/42265_departamento-en-pozo-en-venta-en-recoleta-asuncion-paraguay,departamento-en-pozo,,,,,,,,08/12/2025,,Asuncion,,,,,,,,,,,,,,,,,,,,,,,,,,,,1.0,,
https://century21.com.py/propiedad/42253_departamento-en-pozo-en-venta-en-recoleta-asuncion-paraguay,departamento-en-pozo,,,,,,,,08/12/2025,,Asuncion,,,,,,,,,,,,,,,,,,,,,,,,,,,,1.0,,
https://century21.com.py/propiedad/42247_departamento-en-pozo-en-venta-en-recoleta-asuncion-paraguay,departamento-en-pozo,,,,,,,,08/12/2025,,Asuncion,,,,,,,,,,,,,,,,,,,,,,,,,,,,1.0,,
https://century21.com.py/propiedad/42259_departamento-en-pozo-en-venta-en-recoleta-asuncion-paraguay,departamento-en-pozo,,,,,,,,08/12/2025,,Asuncion,,,,,,,,,,,,,,,,,,,,,,,,,,,,1.0,,
https://century21.com.py/propiedad/42258_departamento-en-pozo-en-venta-en-recoleta-asuncion-paraguay,departamento-en-pozo,,,,,,,,08/12/2025,,Asuncion,,,,,,,,,,,,,,,,,,,,,,,,,,,,1.0,,
https://century21.com.py/propiedad/42257_departamento-en-pozo-en-venta-en-recoleta-asuncion-paraguay,departamento-en-pozo,,,,,,,,08/12/2025,,Asuncion,,,,,,,,,,,,,,,,,,,,,,,,,,,,1.0,,
https://century21.com.py/propiedad/42256_departamento-en-pozo-en-venta-en-recoleta-asuncion-paraguay,departamento-en-pozo,,,,,,,,08/12/2025,,Asuncion,,,,,,,,,,,,,,,,,,,,,,,,,,,,1.0,,
https://century21.com.py/propiedad/42255_departamento-en-pozo-en-venta-en-recoleta-asuncion-paraguay,departamento-en-pozo,,,,,,,,08/12/2025,,Asuncion,,,,,,,,,,,,,,,,,,,,,,,,,,,,1.0,,
https://century21.com.py/propiedad/42254_departamento-en-pozo-en-venta-en-recoleta-asuncion-paraguay,departamento-en-pozo,,,,,,,,08/12/2025,,Asuncion,,,,,,,,,,,,,,,,,,,,,,,,,,,,1.0,,
https://century21.com.py/propiedad/42246_departamento-en-pozo-en-venta-en-recoleta-asuncion-paraguay,departamento-en-pozo,,,,,,,,08/12/2025,,Asuncion,,,,,,,,,,,,,,,,,,,,,,,,,,,,1.0,,
https://century21.com.py/propiedad/42169_casa-en-venta-en-mburucuya-asuncion-paraguay,casa,,,,,,,,08/12/2025,,Asuncion,,,,,,,,,,,,,,,,,,,,,,,,,,,,1.0,,
https://century21.com.py/propiedad/42145_departamento-en-renta-en-trinidad-asuncion-paraguay,departamento,,,,,,,,08/12/2025,,Asuncion,,,,,,,,,,,,,,,,,,,,,,,,,,,,1.0,,
https://century21.com.py/propiedad/42222_departamento-en-pozo-en-venta-en-recoleta-asuncion-paraguay,departamento-en-pozo,,,,,,,,08/12/2025,,Asuncion,,,,,,,,,,,,,,,,,,,,,,,,,,,,1.0,,
https://century21.com.py/propiedad/42223_departamento-en-pozo-en-venta-en-recoleta-asuncion-paraguay,departamento-en-pozo,,,,,,,,08/12/2025,,Asuncion,,,,,,,,,,,,,,,,,,,,,,,,,,,,1.0,,
https://century21.com.py/propiedad/42224_departamento-en-pozo-en-venta-en-recoleta-asuncion-paraguay,departamento-en-pozo,,,,,,,,08/12/2025,,Asuncion,,,,,,,,,,,,,,,,,,,,,,,,,,,,1.0,,
https://century21.com.py/propiedad/42220_departamento-en-pozo-en-venta-en-recoleta-asuncion-paraguay,departamento-en-pozo,,,,,,,,08/12/2025,,Asuncion,,,,,,,,,,,,,,,,,,,,,,,,,,,,1.0,,
https://century21.com.py/propiedad/42221_departamento-en-pozo-en-venta-en-recoleta-asuncion-paraguay,departamento-en-pozo,,,,,,,,08/12/2025,,Asuncion,,,,,,,,,,,,,,,,,,,,,,,,,,,,1.0,,
https://century21.com.py/propiedad/42219_departamento-en-pozo-en-venta-en-recoleta-asuncion-paraguay,departamento-en-pozo,,,,,,,,08/12/2025,,Asuncion,,,,,,,,,,,,,,,,,,,,,,,,,,,,1.0,,
https://century21.com.py/propiedad/42217_departamento-en-pozo-en-venta-en-recoleta-asuncion-paraguay,departamento-en-pozo,,,,,,,,08/12/2025,,Asuncion,,,,,,,,,,,,,,,,,,,,,,,,,,,,1.0,,
https://century21.com.py/propiedad/42218_departamento-en-pozo-en-venta-en-recoleta-asuncion-paraguay,departamento-en-pozo,,,,,,,,08/12/2025,,Asuncion,,,,,,,,,,,,,,,,,,,,,,,,,,,,1.0,,
https://century21.com.py/propiedad/42216_departamento-en-pozo-en-venta-en-recoleta-asuncion-paraguay,departamento-en-pozo,,,,,,,,08/12/2025,,Asuncion,,,,,,,,,,,,,,,,,,,,,,,,,,,,1.0,,
https://century21.com.py/propiedad/42202_departamento-en-pozo-en-venta-en-recoleta-asuncion-paraguay,departamento-en-pozo,,,,,,,,08/12/2025,,Asuncion,,,,,,,,,,,,,,,,,,,,,,,,,,,,1.0,,
https://century21.com.py/propiedad/42186_casa-en-venta-en-san-pablo-asuncion-paraguay,casa,,,,,,,,08/12/2025,,Asuncion,,,,,,,,,,,,,,,,,,,,,,,,,,,,1.0,,
https://century21.com.py/propiedad/41509_departamento-en-venta-en-mburucuya-asuncion-paraguay,departamento,,,,,,,,08/12/2025,,Asuncion,,,,,,,,,,,,,,,,,,,,,,,,,,,,1.0,,
https://century21.com.py/propiedad/41508_departamento-en-venta-en-mburucuya-asuncion-paraguay,departamento,,,,,,,,08/12/2025,,Asuncion,,,,,,,,,,,,,,,,,,,,,,,,,,,,1.0,,
https://century21.com.py/propiedad/41507_departamento-en-venta-en-mburucuya-asuncion-paraguay,departamento,,,,,,,,08/12/2025,,Asuncion,,,,,,,,,,,,,,,,,,,,,,,,,,,,1.0,,
https://century21.com.py/propiedad/41506_departamento-en-venta-en-mburucuya-asuncion-paraguay,departamento,,,,,,,,08/12/2025,,Asuncion,,,,,,,,,,,,,,,,,,,,,,,,,,,,1.0,,
https://century21.com.py/propiedad/41500_departamento-en-venta-en-mburucuya-asuncion-paraguay,departamento,,,,,,,,08/12/2025,,Asuncion,,,,,,,,,,,,,,,,,,,,,,,,,,,,1.0,,
https://century21.com.py/propiedad/41499_departamento-en-venta-en-mburucuya-asuncion-paraguay,departamento,,,,,,,,08/12/2025,,Asuncion,,,,,,,,,,,,,,,,,,,,,,,,,,,,1.0,,
https://century21.com.py/propiedad/41948_departamento-en-renta-en-las-lomas-asuncion-paraguay,departamento,,,,,,,,08/12/2025,,Asuncion,,,,,,,,,,,,,,,,,,,,,,,,,,,,1.0,,
https://century21.com.py/propiedad/42193_departamento-en-renta-en-la-encarnacion-asuncion-paraguay,departamento,,,,,,,,08/12/2025,,Asuncion,,,,,,,,,,,,,,,,,,,,,,,,,,,,1.0,,
https://century21.com.py/propiedad/42189_casa-en-venta-en-sajonia-asuncion-paraguay,casa,,,,,,,,08/12/2025,,Asuncion,,,,,,,,,,,,,,,,,,,,,,,,,,,,1.0,,
https://century21.com.py/propiedad/42188_oficinas-en-renta-en-canada-del-ybyray-asuncion-paraguay,oficinas,,,,,,,,08/12/2025,,Asuncion,,,,,,,,,,,,,,,,,,,,,,,,,,,,1.0,,
https://century21.com.py/propiedad/42172_departamento-en-pozo-en-venta-en-mburucuya-asuncion-paraguay,departamento-en-pozo,,,,,,,,08/12/2025,,Asuncion,,,,,,,,,,,,,,,,,,,,,,,,,,,,1.0,,
https://century21.com.py/propiedad/42170_casa-en-condominio-en-venta-en-san-vicente-asuncion-paraguay,casa-en-condominio,,,,,,,,08/12/2025,,Asuncion,,,,,,,,,,,,,,,,,,,,,,,,,,,,1.0,,
https://century21.com.py/propiedad/39228_casa-en-venta-en-hipodromo-asuncion-paraguay,casa,,,,,,,,08/12/2025,,Asuncion,,,,,,,,,,,,,,,,,,,,,,,,,,,,1.0,,
https://century21.com.py/propiedad/42161_terreno-en-venta-en-altos-cordillera-paraguay,terreno,,,,,,,,08/12/2025,,Asuncion,,,,,,,,,,,,,,,,,,,,,,,,,,,,1.0,,
https://century21.com.py/propiedad/42160_terreno-en-venta-en-altos-cordillera-paraguay,terreno,,,,,,,,08/12/2025,,Asuncion,,,,,,,,,,,,,,,,,,,,,,,,,,,,1.0,,
https://century21.com.py/propiedad/42158_terreno-en-venta-en-altos-cordillera-paraguay,Sin Tipo,,,,,,,,08/12/2025,,Asuncion,,,,,,,,,,,,,,,,,,,,,,,,,,,,1.0,,
https://century21.com.py/propiedad/42157_terreno-en-venta-en-altos-cordillera-paraguay,terreno,,,,,,,,08/12/2025,,Asuncion,,,,,,,,,,,,,,,,,,,,,,,,,,,,1.0,,
https://century21.com.py/propiedad/42156_terreno-en-venta-en-altos-cordillera-paraguay,terreno,,,,,,,,08/12/2025,,Asuncion,,,,,,,,,,,,,,,,,,,,,,,,,,,,1.0,,
https://century21.com.py/propiedad/42155_terreno-en-venta-en-altos-cordillera-paraguay,terreno,,,,,,,,08/12/2025,,Asuncion,,,,,,,,,,,,,,,,,,,,,,,,,,,,1.0,,
https://century21.com.py/propiedad/42154_terreno-en-venta-en-altos-cordillera-paraguay,Sin Tipo,,,,,,,,08/12/2025,,Asuncion,,,,,,,,,,,,,,,,,,,,,,,,,,,,1.0,,
https://century21.com.py/propiedad/42153_terreno-en-venta-en-altos-cordillera-paraguay,Sin Tipo,,,,,,,,08/12/2025,,Asuncion,,,,,,,,,,,,,,,,,,,,,,,,,,,,1.0,,
https://century21.com.py/propiedad/42152_terreno-en-venta-en-altos-cordillera-paraguay,Sin Tipo,,,,,,,,08/12/2025,,Asuncion,,,,,,,,,,,,,,,,,,,,,,,,,,,,1.0,,
https://century21.com.py/propiedad/42151_terreno-en-venta-en-altos-cordillera-paraguay,Sin Tipo,,,,,,,,08/12/2025,,Asuncion,,,,,,,,,,,,,,,,,,,,,,,,,,,,1.0,,
https://century21.com.py/propiedad/42150_terreno-en-venta-en-altos-cordillera-paraguay,terreno,,,,,,,,08/12/2025,,Asuncion,,,,,,,,,,,,,,,,,,,,,,,,,,,,1.0,,
https://century21.com.py/propiedad/42148_terreno-en-venta-en-altos-cordillera-paraguay,Sin Tipo,,,,,,,,08/12/2025,,Asuncion,,,,,,,,,,,,,,,,,,,,,,,,,,,,1.0,,
https://century21.com.py/propiedad/42147_terreno-en-venta-en-altos-cordillera-paraguay,terreno,,,,,,,,08/12/2025,,Asuncion,,,,,,,,,,,,,,,,,,,,,,,,,,,,1.0,,
https://century21.com.py/propiedad/42140_departamento-en-venta-en-las-lomas-asuncion-paraguay,departamento,,,,,,,,08/12/2025,,Asuncion,,,,,,,,,,,,,,,,,,,,,,,,,,,,1.0,,
https://century21.com.py/propiedad/42133_terreno-en-venta-en-altos-cordillera-paraguay,terreno,,,,,,,,08/12/2025,,Asuncion,,,,,,,,,,,,,,,,,,,,,,,,,,,,1.0,,
https://century21.com.py/propiedad/42132_terreno-en-venta-en-altos-cordillera-paraguay,terreno,,,,,,,,08/12/2025,,Asuncion,,,,,,,,,,,,,,,,,,,,,,,,,,,,1.0,,
https://century21.com.py/propiedad/42131_terreno-en-venta-en-altos-cordillera-paraguay,Sin Tipo,,,,,,,,08/12/2025,,Asuncion,,,,,,,,,,,,,,,,,,,,,,,,,,,,1.0,,
https://century21.com.py/propiedad/42130_terreno-en-venta-en-altos-cordillera-paraguay,terreno,,,,,,,,08/12/2025,,Asuncion,,,,,,,,,,,,,,,,,,,,,,,,,,,,1.0,,
https://century21.com.py/propiedad/42129_terreno-en-venta-en-altos-cordillera-paraguay,Sin Tipo,,,,,,,,08/12/2025,,Asuncion,,,,,,,,,,,,,,,,,,,,,,,,,,,,1.0,,
https://century21.com.py/propiedad/42128_terreno-en-venta-en-altos-cordillera-paraguay,Sin Tipo,,,,,,,,08/12/2025,,Asuncion,,,,,,,,,,,,,,,,,,,,,,,,,,,,1.0,,
https://century21.com.py/propiedad/42126_terreno-en-venta-en-altos-cordillera-paraguay,terreno,,,,,,,,08/12/2025,,Asuncion,,,,,,,,,,,,,,,,,,,,,,,,,,,,1.0,,
https://century21.com.py/propiedad/42125_terreno-en-venta-en-altos-cordillera-paraguay,Sin Tipo,,,,,,,,08/12/2025,,Asuncion,,,,,,,,,,,,,,,,,,,,,,,,,,,,1.0,,
https://century21.com.py/propiedad/42124_terreno-en-venta-en-altos-cordillera-paraguay,terreno,,,,,,,,08/12/2025,,Asuncion,,,,,,,,,,,,,,,,,,,,,,,,,,,,1.0,,
https://century21.com.py/propiedad/42123_terreno-en-venta-en-altos-cordillera-paraguay,terreno,,,,,,,,08/12/2025,,Asuncion,,,,,,,,,,,,,,,,,,,,,,,,,,,,1.0,,
https://century21.com.py/propiedad/42107_casa-en-venta-en-mbocayaty-asuncion-paraguay,casa,,,,,,,,08/12/2025,,Asuncion,,,,,,,,,,,,,,,,,,,,,,,,,,,,1.0,,
https://century21.com.py/propiedad/42112_casa-en-renta-en-recoleta-asuncion-paraguay,casa,,,,,,,,08/12/2025,,Asuncion,,,,,,,,,,,,,,,,,,,,,,,,,,,,1.0,,
https://century21.com.py/propiedad/42097_terreno-en-venta-en-altos-cordillera-paraguay,terreno,,,,,,,,08/12/2025,,Asuncion,,,,,,,,,,,,,,,,,,,,,,,,,,,,1.0,,
https://century21.com.py/propiedad/42096_terreno-en-venta-en-altos-cordillera-paraguay,Sin Tipo,,,,,,,,08/12/2025,,Asuncion,,,,,,,,,,,,,,,,,,,,,,,,,,,,1.0,,
https://century21.com.py/propiedad/42095_terreno-en-venta-en-altos-cordillera-paraguay,Sin Tipo,,,,,,,,08/12/2025,,Asuncion,,,,,,,,,,,,,,,,,,,,,,,,,,,,1.0,,
https://century21.com.py/propiedad/42093_terreno-en-venta-en-altos-cordillera-paraguay,Sin Tipo,,,,,,,,08/12/2025,,Asuncion,,,,,,,,,,,,,,,,,,,,,,,,,,,,1.0,,
https://century21.com.py/propiedad/42091_departamento-en-renta-en-san-jorge-asuncion-paraguay,departamento,,,,,,,,08/12/2025,,Asuncion,,,,,,,,,,,,,,,,,,,,,,,,,,,,1.0,,
https://century21.com.py/propiedad/42090_terreno-en-venta-en-altos-cordillera-paraguay,terreno,,,,,,,,08/12/2025,,Asuncion,,,,,,,,,,,,,,,,,,,,,,,,,,,,1.0,,
https://century21.com.py/propiedad/42089_terreno-en-venta-en-altos-cordillera-paraguay,Sin Tipo,,,,,,,,08/12/2025,,Asuncion,,,,,,,,,,,,,,,,,,,,,,,,,,,,1.0,,
https://century21.com.py/propiedad/42088_terreno-en-venta-en-altos-cordillera-paraguay,Sin Tipo,,,,,,,,08/12/2025,,Asuncion,,,,,,,,,,,,,,,,,,,,,,,,,,,,1.0,,
https://century21.com.py/propiedad/42087_terreno-en-venta-en-altos-cordillera-paraguay,Sin Tipo,,,,,,,,08/12/2025,,Asuncion,,,,,,,,,,,,,,,,,,,,,,,,,,,,1.0,,
https://century21.com.py/propiedad/42086_terreno-en-venta-en-altos-cordillera-paraguay,terreno,,,,,,,,08/12/2025,,Asuncion,,,,,,,,,,,,,,,,,,,,,,,,,,,,1.0,,
https://century21.com.py/propiedad/42078_departamento-en-venta-en-villa-aurelia-asuncion-paraguay,departamento,,,,,,,,08/12/2025,,Asuncion,,,,,,,,,,,,,,,,,,,,,,,,,,,,1.0,,
https://century21.com.py/propiedad/42077_departamento-en-renta-en-villa-aurelia-asuncion-paraguay,departamento,,,,,,,,08/12/2025,,Asuncion,,,,,,,,,,,,,,,,,,,,,,,,,,,,1.0,,
https://century21.com.py/propiedad/42067_oficinas-en-renta-en-hipodromo-asuncion-paraguay,oficinas,,,,,,,,08/12/2025,,Asuncion,,,,,,,,,,,,,,,,,,,,,,,,,,,,1.0,,
https://century21.com.py/propiedad/41893_casa-en-venta-en-san-roque-asuncion-paraguay,casa,,,,,,,,08/12/2025,,Asuncion,,,,,,,,,,,,,,,,,,,,,,,,,,,,1.0,,
https://century21.com.py/propiedad/42049_oficinas-en-renta-en-villa-morra-asuncion-paraguay,oficinas,,,,,,,,08/12/2025,,Asuncion,,,,,,,,,,,,,,,,,,,,,,,,,,,,1.0,,
https://century21.com.py/propiedad/42048_departamento-en-renta-en-ycua-sati-asuncion-paraguay,departamento,,,,,,,,08/12/2025,,Asuncion,,,,,,,,,,,,,,,,,,,,,,,,,,,,1.0,,
https://century21.com.py/propiedad/42047_departamento-en-renta-en-ycua-sati-asuncion-paraguay,departamento,,,,,,,,08/12/2025,,Asuncion,,,,,,,,,,,,,,,,,,,,,,,,,,,,1.0,,
https://century21.com.py/propiedad/42035_casa-duplex-en-venta-en-san-jorge-asuncion-paraguay,casa-duplex,,,,,,,,08/12/2025,,Asuncion,,,,,,,,,,,,,,,,,,,,,,,,,,,,1.0,,
https://century21.com.py/propiedad/42023_terreno-en-venta-en-loma-pyta-asuncion-paraguay,terreno,,,,,,,,08/12/2025,,Asuncion,,,,,,,,,,,,,,,,,,,,,,,,,,,,1.0,,
https://century21.com.py/propiedad/42015_terreno-en-renta-en-loma-pyta-asuncion-paraguay,terreno,,,,,,,,08/12/2025,,Asuncion,,,,,,,,,,,,,,,,,,,,,,,,,,,,1.0,,
https://century21.com.py/propiedad/41937_departamento-en-venta-en-villa-aurelia-asuncion-paraguay,departamento,,,,,,,,08/12/2025,,Asuncion,,,,,,,,,,,,,,,,,,,,,,,,,,,,1.0,,
https://century21.com.py/propiedad/41971_casa-en-venta-en-san-vicente-asuncion-paraguay,casa,,,,,,,,08/12/2025,,Asuncion,,,,,,,,,,,,,,,,,,,,,,,,,,,,1.0,,
https://century21.com.py/propiedad/42004_departamento-en-pozo-en-venta-en-las-lomas-asuncion-paraguay,departamento-en-pozo,,,,,,,,08/12/2025,,Asuncion,,,,,,,,,,,,,,,,,,,,,,,,,,,,1.0,,
https://century21.com.py/propiedad/41820_casa-en-venta-en-sajonia-asuncion-paraguay,casa,,,,,,,,08/12/2025,,Asuncion,,,,,,,,,,,,,,,,,,,,,,,,,,,,1.0,,
https://century21.com.py/propiedad/41904_casa-en-venta-en-virgen-del-huerto-asuncion-paraguay,casa,,,,,,,,08/12/2025,,Asuncion,,,,,,,,,,,,,,,,,,,,,,,,,,,,1.0,,
https://century21.com.py/propiedad/41994_terreno-en-venta-en-altos-cordillera-paraguay,terreno,,,,,,,,08/12/2025,,Asuncion,,,,,,,,,,,,,,,,,,,,,,,,,,,,1.0,,
https://century21.com.py/propiedad/41993_terreno-en-venta-en-altos-cordillera-paraguay,terreno,,,,,,,,08/12/2025,,Asuncion,,,,,,,,,,,,,,,,,,,,,,,,,,,,1.0,,
https://century21.com.py/propiedad/41992_terreno-en-venta-en-altos-cordillera-paraguay,terreno,,,,,,,,08/12/2025,,Asuncion,,,,,,,,,,,,,,,,,,,,,,,,,,,,1.0,,
https://century21.com.py/propiedad/41983_terreno-en-venta-en-altos-cordillera-paraguay,terreno,,,,,,,,08/12/2025,,Asuncion,,,,,,,,,,,,,,,,,,,,,,,,,,,,1.0,,
https://century21.com.py/propiedad/41982_terreno-en-venta-en-altos-cordillera-paraguay,Sin Tipo,,,,,,,,08/12/2025,,Asuncion,,,,,,,,,,,,,,,,,,,,,,,,,,,,1.0,,
https://century21.com.py/propiedad/41979_terreno-en-venta-en-altos-cordillera-paraguay,terreno,,,,,,,,08/12/2025,,Asuncion,,,,,,,,,,,,,,,,,,,,,,,,,,,,1.0,,
https://century21.com.py/propiedad/41967_departamento-en-pozo-en-venta-en-recoleta-asuncion-paraguay,departamento-en-pozo,,,,,,,,08/12/2025,,Asuncion,,,,,,,,,,,,,,,,,,,,,,,,,,,,1.0,,
https://century21.com.py/propiedad/41965_departamento-en-pozo-en-venta-en-recoleta-asuncion-paraguay,departamento-en-pozo,,,,,,,,08/12/2025,,Asuncion,,,,,,,,,,,,,,,,,,,,,,,,,,,,1.0,,
https://century21.com.py/propiedad/41964_departamento-en-pozo-en-venta-en-recoleta-asuncion-paraguay,departamento-en-pozo,,,,,,,,08/12/2025,,Asuncion,,,,,,,,,,,,,,,,,,,,,,,,,,,,1.0,,
https://century21.com.py/propiedad/41962_departamento-en-pozo-en-venta-en-recoleta-asuncion-paraguay,departamento-en-pozo,,,,,,,,08/12/2025,,Asuncion,,,,,,,,,,,,,,,,,,,,,,,,,,,,1.0,,
https://century21.com.py/propiedad/41960_departamento-en-pozo-en-venta-en-recoleta-asuncion-paraguay,departamento-en-pozo,,,,,,,,08/12/2025,,Asuncion,,,,,,,,,,,,,,,,,,,,,,,,,,,,1.0,,
https://century21.com.py/propiedad/41958_departamento-en-pozo-en-venta-en-recoleta-asuncion-paraguay,departamento-en-pozo,,,,,,,,08/12/2025,,Asuncion,,,,,,,,,,,,,,,,,,,,,,,,,,,,1.0,,
https://century21.com.py/propiedad/41957_departamento-en-pozo-en-venta-en-recoleta-asuncion-paraguay,departamento-en-pozo,,,,,,,,08/12/2025,,Asuncion,,,,,,,,,,,,,,,,,,,,,,,,,,,,1.0,,
https://century21.com.py/propiedad/41955_departamento-en-pozo-en-venta-en-recoleta-asuncion-paraguay,departamento-en-pozo,,,,,,,,08/12/2025,,Asuncion,,,,,,,,,,,,,,,,,,,,,,,,,,,,1.0,,
https://century21.com.py/propiedad/41942_departamento-en-pozo-en-venta-en-las-lomas-asuncion-paraguay,departamento-en-pozo,,,,,,,,08/12/2025,,Asuncion,,,,,,,,,,,,,,,,,,,,,,,,,,,,1.0,,
https://century21.com.py/propiedad/41952_departamento-en-pozo-en-venta-en-recoleta-asuncion-paraguay,departamento-en-pozo,,,,,,,,08/12/2025,,Asuncion,,,,,,,,,,,,,,,,,,,,,,,,,,,,1.0,,
https://century21.com.py/propiedad/41951_departamento-en-pozo-en-venta-en-recoleta-asuncion-paraguay,departamento-en-pozo,,,,,,,,08/12/2025,,Asuncion,,,,,,,,,,,,,,,,,,,,,,,,,,,,1.0,,
https://century21.com.py/propiedad/41950_departamento-en-pozo-en-venta-en-recoleta-asuncion-paraguay,departamento-en-pozo,,,,,,,,08/12/2025,,Asuncion,,,,,,,,,,,,,,,,,,,,,,,,,,,,1.0,,
https://century21.com.py/propiedad/41947_departamento-en-pozo-en-venta-en-recoleta-asuncion-paraguay,departamento-en-pozo,,,,,,,,08/12/2025,,Asuncion,,,,,,,,,,,,,,,,,,,,,,,,,,,,1.0,,
https://century21.com.py/propiedad/41945_departamento-en-pozo-en-venta-en-recoleta-asuncion-paraguay,departamento-en-pozo,,,,,,,,08/12/2025,,Asuncion,,,,,,,,,,,,,,,,,,,,,,,,,,,,1.0,,
https://century21.com.py/propiedad/41944_departamento-en-pozo-en-venta-en-luque-central-paraguay,departamento-en-pozo,,,,,,,,08/12/2025,,Asuncion,,,,,,,,,,,,,,,,,,,,,,,,,,,,1.0,,
https://century21.com.py/propiedad/41938_departamento-en-venta-en-herrera-asuncion-paraguay,departamento,,,,,,,,08/12/2025,,Asuncion,,,,,,,,,,,,,,,,,,,,,,,,,,,,1.0,,
https://century21.com.py/propiedad/41929_departamento-en-pozo-en-venta-en-recoleta-asuncion-paraguay,departamento-en-pozo,,,,,,,,08/12/2025,,Asuncion,,,,,,,,,,,,,,,,,,,,,,,,,,,,1.0,,
https://century21.com.py/propiedad/41925_departamento-en-pozo-en-venta-en-recoleta-asuncion-paraguay,departamento-en-pozo,,,,,,,,08/12/2025,,Asuncion,,,,,,,,,,,,,,,,,,,,,,,,,,,,1.0,,
https://century21.com.py/propiedad/41822_departamento-en-venta-en-villa-aurelia-asuncion-paraguay,departamento,,,,,,,,08/12/2025,,Asuncion,,,,,,,,,,,,,,,,,,,,,,,,,,,,1.0,,
https://century21.com.py/propiedad/41879_casa-en-venta-en-herrera-asuncion-paraguay,casa,,,,,,,,08/12/2025,,Asuncion,,,,,,,,,,,,,,,,,,,,,,,,,,,,1.0,,
https://century21.com.py/propiedad/41004_casa-en-venta-en-ciudad-nueva-asuncion-paraguay,casa,,,,,,,,08/12/2025,,Asuncion,,,,,,,,,,,,,,,,,,,,,,,,,,,,1.0,,
https://century21.com.py/propiedad/41521_departamento-en-venta-en-gral.-diaz-asuncion-paraguay,departamento,,,,,,,,08/12/2025,,Asuncion,,,,,,,,,,,,,,,,,,,,,,,,,,,,1.0,,
https://century21.com.py/propiedad/41882_departamento-en-pozo-en-venta-en-mcal.-estigarribia-asuncion-paraguay,departamento-en-pozo,,,,,,,,08/12/2025,,Asuncion,,,,,,,,,,,,,,,,,,,,,,,,,,,,1.0,,
https://century21.com.py/propiedad/41662_departamento-en-renta-en-san-vicente-asuncion-paraguay,departamento,,,,,,,,08/12/2025,,Asuncion,,,,,,,,,,,,,,,,,,,,,,,,,,,,1.0,,
https://century21.com.py/propiedad/41881_departamento-en-renta-en-barrio-jara-asuncion-paraguay,departamento,,,,,,,,08/12/2025,,Asuncion,,,,,,,,,,,,,,,,,,,,,,,,,,,,1.0,,
https://century21.com.py/propiedad/41845_departamento-en-venta-en-ycua-sati-asuncion-paraguay,departamento,,,,,,,,08/12/2025,,Asuncion,,,,,,,,,,,,,,,,,,,,,,,,,,,,1.0,,
https://century21.com.py/propiedad/41770_casa-en-venta-en-fernando-de-la-mora-central-paraguay,casa,,,,,,,,08/12/2025,,Asuncion,,,,,,,,,,,,,,,,,,,,,,,,,,,,1.0,,
https://century21.com.py/propiedad/41208_oficinas-en-renta-en-las-mercedes-asuncion-paraguay,oficinas,,,,,,,,08/12/2025,,Asuncion,,,,,,,,,,,,,,,,,,,,,,,,,,,,1.0,,
https://century21.com.py/propiedad/41847_departamento-en-renta-en-fernando-de-la-mora-central-paraguay,departamento,,,,,,,,08/12/2025,,Asuncion,,,,,,,,,,,,,,,,,,,,,,,,,,,,1.0,,
https://century21.com.py/propiedad/41846_departamento-en-venta-en-fernando-de-la-mora-central-paraguay,departamento,,,,,,,,08/12/2025,,Asuncion,,,,,,,,,,,,,,,,,,,,,,,,,,,,1.0,,
https://century21.com.py/propiedad/41711_casa-en-venta-en-las-mercedes-asuncion-paraguay,casa,,,,,,,,08/12/2025,,Asuncion,,,,,,,,,,,,,,,,,,,,,,,,,,,,1.0,,
https://century21.com.py/propiedad/41837_casa-en-venta-en-recoleta-asuncion-paraguay,casa,,,,,,,,08/12/2025,,Asuncion,,,,,,,,,,,,,,,,,,,,,,,,,,,,1.0,,
https://century21.com.py/propiedad/41692_casa-en-venta-en-san-vicente-asuncion-paraguay,casa,,,,,,,,08/12/2025,,Asuncion,,,,,,,,,,,,,,,,,,,,,,,,,,,,1.0,,
https://century21.com.py/propiedad/41816_departamento-en-renta-en-loma-pyta-asuncion-paraguay,departamento,,,,,,,,08/12/2025,,Asuncion,,,,,,,,,,,,,,,,,,,,,,,,,,,,1.0,,
https://century21.com.py/propiedad/41807_departamento-en-renta-en-las-carmelitas-asuncion-paraguay,departamento,,,,,,,,08/12/2025,,Asuncion,,,,,,,,,,,,,,,,,,,,,,,,,,,,1.0,,
https://century21.com.py/propiedad/41791_departamento-en-venta-en-luque-central-paraguay,departamento,,,,,,,,08/12/2025,,Asuncion,,,,,,,,,,,,,,,,,,,,,,,,,,,,1.0,,
https://century21.com.py/propiedad/41792_departamento-en-venta-en-luque-central-paraguay,departamento,,,,,,,,08/12/2025,,Asuncion,,,,,,,,,,,,,,,,,,,,,,,,,,,,1.0,,
https://century21.com.py/propiedad/41787_departamento-en-venta-en-luque-central-paraguay,departamento,,,,,,,,08/12/2025,,Asuncion,,,,,,,,,,,,,,,,,,,,,,,,,,,,1.0,,
https://century21.com.py/propiedad/41785_casa-en-venta-en-la-encarnacion-asuncion-paraguay,casa,,,,,,,,08/12/2025,,Asuncion,,,,,,,,,,,,,,,,,,,,,,,,,,,,1.0,,
https://century21.com.py/propiedad/40884_terreno-en-venta-en-recoleta-asuncion-paraguay,terreno,,,,,,,,08/12/2025,,Asuncion,,,,,,,,,,,,,,,,,,,,,,,,,,,,1.0,,
https://century21.com.py/propiedad/41727_casa-en-venta-en-recoleta-asuncion-paraguay,casa,,,,,,,,08/12/2025,,Asuncion,,,,,,,,,,,,,,,,,,,,,,,,,,,,1.0,,
https://century21.com.py/propiedad/41754_terreno-en-venta-en-las-lomas-asuncion-paraguay,terreno,,,,,,,,08/12/2025,,Asuncion,,,,,,,,,,,,,,,,,,,,,,,,,,,,1.0,,
https://century21.com.py/propiedad/41741_local-en-venta-en-la-encarnacion-asuncion-paraguay,local,,,,,,,,08/12/2025,,Asuncion,,,,,,,,,,,,,,,,,,,,,,,,,,,,1.0,,
https://century21.com.py/propiedad/41753_departamento-en-pozo-en-venta-en-virgen-de-la-asuncion-asuncion-paraguay,departamento-en-pozo,,,,,,,,08/12/2025,,Asuncion,,,,,,,,,,,,,,,,,,,,,,,,,,,,1.0,,
https://century21.com.py/propiedad/41751_departamento-en-pozo-en-venta-en-virgen-de-la-asuncion-asuncion-paraguay,departamento-en-pozo,,,,,,,,08/12/2025,,Asuncion,,,,,,,,,,,,,,,,,,,,,,,,,,,,1.0,,
https://century21.com.py/propiedad/41750_departamento-en-pozo-en-venta-en-virgen-de-la-asuncion-asuncion-paraguay,departamento-en-pozo,,,,,,,,08/12/2025,,Asuncion,,,,,,,,,,,,,,,,,,,,,,,,,,,,1.0,,
https://century21.com.py/propiedad/41749_departamento-en-pozo-en-venta-en-virgen-de-la-asuncion-asuncion-paraguay,departamento-en-pozo,,,,,,,,08/12/2025,,Asuncion,,,,,,,,,,,,,,,,,,,,,,,,,,,,1.0,,
https://century21.com.py/propiedad/41748_departamento-en-pozo-en-venta-en-virgen-de-la-asuncion-asuncion-paraguay,departamento-en-pozo,,,,,,,,08/12/2025,,Asuncion,,,,,,,,,,,,,,,,,,,,,,,,,,,,1.0,,
https://century21.com.py/propiedad/41747_departamento-en-pozo-en-venta-en-virgen-de-la-asuncion-asuncion-paraguay,departamento-en-pozo,,,,,,,,08/12/2025,,Asuncion,,,,,,,,,,,,,,,,,,,,,,,,,,,,1.0,,
https://century21.com.py/propiedad/41746_departamento-en-pozo-en-venta-en-virgen-de-la-asuncion-asuncion-paraguay,departamento-en-pozo,,,,,,,,08/12/2025,,Asuncion,,,,,,,,,,,,,,,,,,,,,,,,,,,,1.0,,
https://century21.com.py/propiedad/41745_departamento-en-pozo-en-venta-en-virgen-de-la-asuncion-asuncion-paraguay,departamento-en-pozo,,,,,,,,08/12/2025,,Asuncion,,,,,,,,,,,,,,,,,,,,,,,,,,,,1.0,,
https://century21.com.py/propiedad/41744_departamento-en-pozo-en-venta-en-virgen-de-la-asuncion-asuncion-paraguay,departamento-en-pozo,,,,,,,,08/12/2025,,Asuncion,,,,,,,,,,,,,,,,,,,,,,,,,,,,1.0,,
https://century21.com.py/propiedad/41743_departamento-en-pozo-en-venta-en-virgen-de-la-asuncion-asuncion-paraguay,departamento-en-pozo,,,,,,,,08/12/2025,,Asuncion,,,,,,,,,,,,,,,,,,,,,,,,,,,,1.0,,
https://century21.com.py/propiedad/41633_terreno-en-venta-en-limpio-central-paraguay,terreno,,,,,,,,08/12/2025,,Asuncion,,,,,,,,,,,,,,,,,,,,,,,,,,,,1.0,,
https://century21.com.py/propiedad/41688_departamento-en-renta-en-herrera-asuncion-paraguay,departamento,,,,,,,,08/12/2025,,Asuncion,,,,,,,,,,,,,,,,,,,,,,,,,,,,1.0,,
https://century21.com.py/propiedad/41716_departamento-en-pozo-en-venta-en-mbocayaty-asuncion-paraguay,departamento-en-pozo,,,,,,,,08/12/2025,,Asuncion,,,,,,,,,,,,,,,,,,,,,,,,,,,,1.0,,
https://century21.com.py/propiedad/41715_departamento-en-pozo-en-venta-en-mbocayaty-asuncion-paraguay,departamento-en-pozo,,,,,,,,08/12/2025,,Asuncion,,,,,,,,,,,,,,,,,,,,,,,,,,,,1.0,,
https://century21.com.py/propiedad/41595_casa-en-venta-en-mbocayaty-asuncion-paraguay,casa,,,,,,,,08/12/2025,,Asuncion,,,,,,,,,,,,,,,,,,,,,,,,,,,,1.0,,
https://century21.com.py/propiedad/41675_departamento-en-renta-en-mburucuya-asuncion-paraguay,departamento,,,,,,,,08/12/2025,,Asuncion,,,,,,,,,,,,,,,,,,,,,,,,,,,,1.0,,
https://century21.com.py/propiedad/41676_departamento-en-venta-en-recoleta-asuncion-paraguay,departamento,,,,,,,,08/12/2025,,Asuncion,,,,,,,,,,,,,,,,,,,,,,,,,,,,1.0,,
https://century21.com.py/propiedad/41674_departamento-en-pozo-en-venta-en-recoleta-asuncion-paraguay,departamento-en-pozo,,,,,,,,08/12/2025,,Asuncion,,,,,,,,,,,,,,,,,,,,,,,,,,,,1.0,,
https://century21.com.py/propiedad/41673_departamento-en-pozo-en-venta-en-recoleta-asuncion-paraguay,departamento-en-pozo,,,,,,,,08/12/2025,,Asuncion,,,,,,,,,,,,,,,,,,,,,,,,,,,,1.0,,
https://century21.com.py/propiedad/41669_departamento-en-pozo-en-venta-en-recoleta-asuncion-paraguay,departamento-en-pozo,,,,,,,,08/12/2025,,Asuncion,,,,,,,,,,,,,,,,,,,,,,,,,,,,1.0,,
https://century21.com.py/propiedad/41668_departamento-en-pozo-en-venta-en-recoleta-asuncion-paraguay,Sin Tipo,,,,,,,,08/12/2025,,Asuncion,,,,,,,,,,,,,,,,,,,,,,,,,,,,1.0,,
https://century21.com.py/propiedad/41667_departamento-en-pozo-en-venta-en-recoleta-asuncion-paraguay,departamento-en-pozo,,,,,,,,08/12/2025,,Asuncion,,,,,,,,,,,,,,,,,,,,,,,,,,,,1.0,,
https://century21.com.py/propiedad/41665_departamento-en-pozo-en-venta-en-recoleta-asuncion-paraguay,departamento-en-pozo,,,,,,,,08/12/2025,,Asuncion,,,,,,,,,,,,,,,,,,,,,,,,,,,,1.0,,
https://century21.com.py/propiedad/41634_casa-en-venta-en-tacumbu-asuncion-paraguay,casa,,,,,,,,08/12/2025,,Asuncion,,,,,,,,,,,,,,,,,,,,,,,,,,,,1.0,,
https://century21.com.py/propiedad/41542_departamento-en-renta-en-san-cristobal-asuncion-paraguay,departamento,,,,,,,,08/12/2025,,Asuncion,,,,,,,,,,,,,,,,,,,,,,,,,,,,1.0,,
https://century21.com.py/propiedad/41645_departamento-en-pozo-en-venta-en-virgen-de-la-asuncion-asuncion-paraguay,departamento-en-pozo,,,,,,,,08/12/2025,,Asuncion,,,,,,,,,,,,,,,,,,,,,,,,,,,,1.0,,
https://century21.com.py/propiedad/41644_departamento-en-pozo-en-venta-en-virgen-de-la-asuncion-asuncion-paraguay,departamento-en-pozo,,,,,,,,08/12/2025,,Asuncion,,,,,,,,,,,,,,,,,,,,,,,,,,,,1.0,,
https://century21.com.py/propiedad/41635_casa-en-venta-en-pettirossi-asuncion-paraguay,casa,,,,,,,,08/12/2025,,Asuncion,,,,,,,,,,,,,,,,,,,,,,,,,,,,1.0,,
https://century21.com.py/propiedad/41641_departamento-en-pozo-en-venta-en-recoleta-asuncion-paraguay,departamento-en-pozo,,,,,,,,08/12/2025,,Asuncion,,,,,,,,,,,,,,,,,,,,,,,,,,,,1.0,,
https://century21.com.py/propiedad/41639_departamento-en-pozo-en-venta-en-recoleta-asuncion-paraguay,departamento-en-pozo,,,,,,,,08/12/2025,,Asuncion,,,,,,,,,,,,,,,,,,,,,,,,,,,,1.0,,
https://century21.com.py/propiedad/41638_departamento-en-pozo-en-venta-en-recoleta-asuncion-paraguay,departamento-en-pozo,,,,,,,,08/12/2025,,Asuncion,,,,,,,,,,,,,,,,,,,,,,,,,,,,1.0,,
https://century21.com.py/propiedad/41637_departamento-en-pozo-en-venta-en-recoleta-asuncion-paraguay,departamento-en-pozo,,,,,,,,08/12/2025,,Asuncion,,,,,,,,,,,,,,,,,,,,,,,,,,,,1.0,,
https://century21.com.py/propiedad/41228_terreno-en-venta-en-san-pablo-asuncion-paraguay,terreno,,,,,,,,08/12/2025,,Asuncion,,,,,,,,,,,,,,,,,,,,,,,,,,,,1.0,,
https://century21.com.py/propiedad/41221_casa-en-venta-en-san-pablo-asuncion-paraguay,casa,,,,,,,,08/12/2025,,Asuncion,,,,,,,,,,,,,,,,,,,,,,,,,,,,1.0,,
https://century21.com.py/propiedad/41610_departamento-en-pozo-en-venta-en-las-lomas-asuncion-paraguay,departamento-en-pozo,,,,,,,,08/12/2025,,Asuncion,,,,,,,,,,,,,,,,,,,,,,,,,,,,1.0,,
https://century21.com.py/propiedad/41602_departamento-en-pozo-en-venta-en-las-lomas-asuncion-paraguay,departamento-en-pozo,,,,,,,,08/12/2025,,Asuncion,,,,,,,,,,,,,,,,,,,,,,,,,,,,1.0,,
https://century21.com.py/propiedad/41599_departamento-en-pozo-en-venta-en-las-lomas-asuncion-paraguay,departamento-en-pozo,,,,,,,,08/12/2025,,Asuncion,,,,,,,,,,,,,,,,,,,,,,,,,,,,1.0,,
https://century21.com.py/propiedad/41598_departamento-en-pozo-en-venta-en-las-lomas-asuncion-paraguay,departamento-en-pozo,,,,,,,,08/12/2025,,Asuncion,,,,,,,,,,,,,,,,,,,,,,,,,,,,1.0,,
https://century21.com.py/propiedad/41597_departamento-en-pozo-en-venta-en-recoleta-asuncion-paraguay,departamento-en-pozo,,,,,,,,08/12/2025,,Asuncion,,,,,,,,,,,,,,,,,,,,,,,,,,,,1.0,,
https://century21.com.py/propiedad/41142_departamento-en-pozo-en-venta-en-las-lomas-asuncion-paraguay,departamento-en-pozo,,,,,,,,08/12/2025,,Asuncion,,,,,,,,,,,,,,,,,,,,,,,,,,,,1.0,,
https://century21.com.py/propiedad/41487_departamento-en-venta-en-san-roque-asuncion-paraguay,departamento,,,,,,,,08/12/2025,,Asuncion,,,,,,,,,,,,,,,,,,,,,,,,,,,,1.0,,
https://century21.com.py/propiedad/41537_terreno-en-venta-en-san-roque-asuncion-paraguay,terreno,,,,,,,,08/12/2025,,Asuncion,,,,,,,,,,,,,,,,,,,,,,,,,,,,1.0,,
https://century21.com.py/propiedad/41534_departamento-en-renta-en-san-jorge-asuncion-paraguay,departamento,,,,,,,,08/12/2025,,Asuncion,,,,,,,,,,,,,,,,,,,,,,,,,,,,1.0,,
https://century21.com.py/propiedad/41505_casa-en-venta-en-fernando-de-la-mora-central-paraguay,casa,,,,,,,,08/12/2025,,Asuncion,,,,,,,,,,,,,,,,,,,,,,,,,,,,1.0,,
https://century21.com.py/propiedad/41524_departamento-en-pozo-en-venta-en-recoleta-asuncion-paraguay,departamento-en-pozo,,,,,,,,08/12/2025,,Asuncion,,,,,,,,,,,,,,,,,,,,,,,,,,,,1.0,,
https://century21.com.py/propiedad/41480_casa-en-venta-en-villa-aurelia-asuncion-paraguay,casa,,,,,,,,08/12/2025,,Asuncion,,,,,,,,,,,,,,,,,,,,,,,,,,,,1.0,,
https://century21.com.py/propiedad/41519_departamento-en-pozo-en-venta-en-recoleta-asuncion-paraguay,departamento-en-pozo,,,,,,,,08/12/2025,,Asuncion,,,,,,,,,,,,,,,,,,,,,,,,,,,,1.0,,
https://century21.com.py/propiedad/41518_departamento-en-pozo-en-venta-en-recoleta-asuncion-paraguay,departamento-en-pozo,,,,,,,,08/12/2025,,Asuncion,,,,,,,,,,,,,,,,,,,,,,,,,,,,1.0,,
https://century21.com.py/propiedad/41517_departamento-en-pozo-en-venta-en-recoleta-asuncion-paraguay,departamento-en-pozo,,,,,,,,08/12/2025,,Asuncion,,,,,,,,,,,,,,,,,,,,,,,,,,,,1.0,,
https://century21.com.py/propiedad/41516_departamento-en-pozo-en-venta-en-recoleta-asuncion-paraguay,departamento-en-pozo,,,,,,,,08/12/2025,,Asuncion,,,,,,,,,,,,,,,,,,,,,,,,,,,,1.0,,
https://century21.com.py/propiedad/41511_departamento-en-renta-en-san-vicente-asuncion-paraguay,departamento,,,,,,,,08/12/2025,,Asuncion,,,,,,,,,,,,,,,,,,,,,,,,,,,,1.0,,
https://century21.com.py/propiedad/41494_casa-en-venta-en-mburucuya-asuncion-paraguay,casa,,,,,,,,08/12/2025,,Asuncion,,,,,,,,,,,,,,,,,,,,,,,,,,,,1.0,,
https://century21.com.py/propiedad/41492_casa-en-venta-en-san-roque-asuncion-paraguay,casa,,,,,,,,08/12/2025,,Asuncion,,,,,,,,,,,,,,,,,,,,,,,,,,,,1.0,,
https://century21.com.py/propiedad/41490_departamento-en-venta-en-las-carmelitas-asuncion-paraguay,departamento,,,,,,,,08/12/2025,,Asuncion,,,,,,,,,,,,,,,,,,,,,,,,,,,,1.0,,
https://century21.com.py/propiedad/41486_departamento-en-venta-en-san-jorge-asuncion-paraguay,departamento,,,,,,,,08/12/2025,,Asuncion,,,,,,,,,,,,,,,,,,,,,,,,,,,,1.0,,
https://century21.com.py/propiedad/41458_terreno-en-venta-en-mariano-roque-alonso-central-paraguay,terreno,,,,,,,,08/12/2025,,Asuncion,,,,,,,,,,,,,,,,,,,,,,,,,,,,1.0,,
https://century21.com.py/propiedad/41444_departamento-en-pozo-en-venta-en-trinidad-asuncion-paraguay,departamento-en-pozo,,,,,,,,08/12/2025,,Asuncion,,,,,,,,,,,,,,,,,,,,,,,,,,,,1.0,,
https://century21.com.py/propiedad/41441_departamento-en-pozo-en-venta-en-loma-pyta-asuncion-paraguay,departamento-en-pozo,,,,,,,,08/12/2025,,Asuncion,,,,,,,,,,,,,,,,,,,,,,,,,,,,1.0,,
https://century21.com.py/propiedad/41430_departamento-en-pozo-en-venta-en-fernando-de-la-mora-central-paraguay,departamento-en-pozo,,,,,,,,08/12/2025,,Asuncion,,,,,,,,,,,,,,,,,,,,,,,,,,,,1.0,,
https://century21.com.py/propiedad/41429_departamento-en-pozo-en-venta-en-fernando-de-la-mora-central-paraguay,departamento-en-pozo,,,,,,,,08/12/2025,,Asuncion,,,,,,,,,,,,,,,,,,,,,,,,,,,,1.0,,
https://century21.com.py/propiedad/41428_departamento-en-pozo-en-venta-en-fernando-de-la-mora-central-paraguay,departamento-en-pozo,,,,,,,,08/12/2025,,Asuncion,,,,,,,,,,,,,,,,,,,,,,,,,,,,1.0,,
https://century21.com.py/propiedad/41427_departamento-en-pozo-en-venta-en-fernando-de-la-mora-central-paraguay,departamento-en-pozo,,,,,,,,08/12/2025,,Asuncion,,,,,,,,,,,,,,,,,,,,,,,,,,,,1.0,,
https://century21.com.py/propiedad/41426_departamento-en-pozo-en-venta-en-fernando-de-la-mora-central-paraguay,departamento-en-pozo,,,,,,,,08/12/2025,,Asuncion,,,,,,,,,,,,,,,,,,,,,,,,,,,,1.0,,
https://century21.com.py/propiedad/41425_departamento-en-pozo-en-venta-en-fernando-de-la-mora-central-paraguay,departamento-en-pozo,,,,,,,,08/12/2025,,Asuncion,,,,,,,,,,,,,,,,,,,,,,,,,,,,1.0,,
https://century21.com.py/propiedad/41420_departamento-en-venta-en-villa-morra-asuncion-paraguay,departamento,,,,,,,,08/12/2025,,Asuncion,,,,,,,,,,,,,,,,,,,,,,,,,,,,1.0,,
https://century21.com.py/propiedad/41341_departamento-en-venta-en-las-lomas-asuncion-paraguay,departamento,,,,,,,,08/12/2025,,Asuncion,,,,,,,,,,,,,,,,,,,,,,,,,,,,1.0,,
https://century21.com.py/propiedad/41320_departamento-en-venta-en-las-lomas-asuncion-paraguay,departamento,,,,,,,,08/12/2025,,Asuncion,,,,,,,,,,,,,,,,,,,,,,,,,,,,1.0,,
https://century21.com.py/propiedad/41412_departamento-en-venta-en-villa-morra-asuncion-paraguay,departamento,,,,,,,,08/12/2025,,Asuncion,,,,,,,,,,,,,,,,,,,,,,,,,,,,1.0,,
https://century21.com.py/propiedad/41415_departamento-en-pozo-en-venta-en-recoleta-asuncion-paraguay,departamento-en-pozo,,,,,,,,08/12/2025,,Asuncion,,,,,,,,,,,,,,,,,,,,,,,,,,,,1.0,,
https://century21.com.py/propiedad/41354_departamento-en-pozo-en-venta-en-recoleta-asuncion-paraguay,departamento-en-pozo,,,,,,,,08/12/2025,,Asuncion,,,,,,,,,,,,,,,,,,,,,,,,,,,,1.0,,
https://century21.com.py/propiedad/41387_departamento-en-venta-en-san-lorenzo-central-paraguay,departamento,,,,,,,,08/12/2025,,Asuncion,,,,,,,,,,,,,,,,,,,,,,,,,,,,1.0,,
https://century21.com.py/propiedad/41308_departamento-en-venta-en-las-lomas-asuncion-paraguay,departamento,,,,,,,,08/12/2025,,Asuncion,,,,,,,,,,,,,,,,,,,,,,,,,,,,1.0,,
https://century21.com.py/propiedad/41405_departamento-en-pozo-en-venta-en-fernando-de-la-mora-central-paraguay,departamento-en-pozo,,,,,,,,08/12/2025,,Asuncion,,,,,,,,,,,,,,,,,,,,,,,,,,,,1.0,,
https://century21.com.py/propiedad/41403_departamento-en-pozo-en-venta-en-fernando-de-la-mora-central-paraguay,departamento-en-pozo,,,,,,,,08/12/2025,,Asuncion,,,,,,,,,,,,,,,,,,,,,,,,,,,,1.0,,
https://century21.com.py/propiedad/41402_departamento-en-pozo-en-venta-en-fernando-de-la-mora-central-paraguay,departamento-en-pozo,,,,,,,,08/12/2025,,Asuncion,,,,,,,,,,,,,,,,,,,,,,,,,,,,1.0,,
https://century21.com.py/propiedad/41401_departamento-en-pozo-en-venta-en-fernando-de-la-mora-central-paraguay,departamento-en-pozo,,,,,,,,08/12/2025,,Asuncion,,,,,,,,,,,,,,,,,,,,,,,,,,,,1.0,,
https://century21.com.py/propiedad/41400_departamento-en-pozo-en-venta-en-fernando-de-la-mora-central-paraguay,departamento-en-pozo,,,,,,,,08/12/2025,,Asuncion,,,,,,,,,,,,,,,,,,,,,,,,,,,,1.0,,
https://century21.com.py/propiedad/41399_departamento-en-pozo-en-venta-en-fernando-de-la-mora-central-paraguay,departamento-en-pozo,,,,,,,,08/12/2025,,Asuncion,,,,,,,,,,,,,,,,,,,,,,,,,,,,1.0,,
https://century21.com.py/propiedad/41398_departamento-en-pozo-en-venta-en-fernando-de-la-mora-central-paraguay,departamento-en-pozo,,,,,,,,08/12/2025,,Asuncion,,,,,,,,,,,,,,,,,,,,,,,,,,,,1.0,,
https://century21.com.py/propiedad/41397_departamento-en-pozo-en-venta-en-fernando-de-la-mora-central-paraguay,departamento-en-pozo,,,,,,,,08/12/2025,,Asuncion,,,,,,,,,,,,,,,,,,,,,,,,,,,,1.0,,
https://century21.com.py/propiedad/41396_departamento-en-pozo-en-venta-en-fernando-de-la-mora-central-paraguay,departamento-en-pozo,,,,,,,,08/12/2025,,Asuncion,,,,,,,,,,,,,,,,,,,,,,,,,,,,1.0,,
https://century21.com.py/propiedad/41395_departamento-en-pozo-en-venta-en-fernando-de-la-mora-central-paraguay,departamento-en-pozo,,,,,,,,08/12/2025,,Asuncion,,,,,,,,,,,,,,,,,,,,,,,,,,,,1.0,,
https://century21.com.py/propiedad/41393_departamento-en-pozo-en-venta-en-fernando-de-la-mora-central-paraguay,departamento-en-pozo,,,,,,,,08/12/2025,,Asuncion,,,,,,,,,,,,,,,,,,,,,,,,,,,,1.0,,
https://century21.com.py/propiedad/41392_departamento-en-pozo-en-venta-en-fernando-de-la-mora-central-paraguay,departamento-en-pozo,,,,,,,,08/12/2025,,Asuncion,,,,,,,,,,,,,,,,,,,,,,,,,,,,1.0,,
https://century21.com.py/propiedad/41391_departamento-en-pozo-en-venta-en-fernando-de-la-mora-central-paraguay,departamento-en-pozo,,,,,,,,08/12/2025,,Asuncion,,,,,,,,,,,,,,,,,,,,,,,,,,,,1.0,,
https://century21.com.py/propiedad/41390_departamento-en-pozo-en-venta-en-fernando-de-la-mora-central-paraguay,departamento-en-pozo,,,,,,,,08/12/2025,,Asuncion,,,,,,,,,,,,,,,,,,,,,,,,,,,,1.0,,
https://century21.com.py/propiedad/41389_departamento-en-pozo-en-venta-en-fernando-de-la-mora-central-paraguay,departamento-en-pozo,,,,,,,,08/12/2025,,Asuncion,,,,,,,,,,,,,,,,,,,,,,,,,,,,1.0,,
https://century21.com.py/propiedad/41388_departamento-en-pozo-en-venta-en-fernando-de-la-mora-central-paraguay,departamento-en-pozo,,,,,,,,08/12/2025,,Asuncion,,,,,,,,,,,,,,,,,,,,,,,,,,,,1.0,,
https://century21.com.py/propiedad/41386_departamento-en-pozo-en-venta-en-fernando-de-la-mora-central-paraguay,departamento-en-pozo,,,,,,,,08/12/2025,,Asuncion,,,,,,,,,,,,,,,,,,,,,,,,,,,,1.0,,
https://century21.com.py/propiedad/41385_departamento-en-pozo-en-venta-en-fernando-de-la-mora-central-paraguay,departamento-en-pozo,,,,,,,,08/12/2025,,Asuncion,,,,,,,,,,,,,,,,,,,,,,,,,,,,1.0,,
https://century21.com.py/propiedad/41384_departamento-en-pozo-en-venta-en-fernando-de-la-mora-central-paraguay,departamento-en-pozo,,,,,,,,08/12/2025,,Asuncion,,,,,,,,,,,,,,,,,,,,,,,,,,,,1.0,,
https://century21.com.py/propiedad/41382_departamento-en-pozo-en-venta-en-fernando-de-la-mora-central-paraguay,departamento-en-pozo,,,,,,,,08/12/2025,,Asuncion,,,,,,,,,,,,,,,,,,,,,,,,,,,,1.0,,
https://century21.com.py/propiedad/41381_departamento-en-pozo-en-venta-en-fernando-de-la-mora-central-paraguay,departamento-en-pozo,,,,,,,,08/12/2025,,Asuncion,,,,,,,,,,,,,,,,,,,,,,,,,,,,1.0,,
https://century21.com.py/propiedad/41380_departamento-en-pozo-en-venta-en-fernando-de-la-mora-central-paraguay,departamento-en-pozo,,,,,,,,08/12/2025,,Asuncion,,,,,,,,,,,,,,,,,,,,,,,,,,,,1.0,,
https://century21.com.py/propiedad/41379_departamento-en-pozo-en-venta-en-fernando-de-la-mora-central-paraguay,departamento-en-pozo,,,,,,,,08/12/2025,,Asuncion,,,,,,,,,,,,,,,,,,,,,,,,,,,,1.0,,
https://century21.com.py/propiedad/41377_departamento-en-pozo-en-venta-en-fernando-de-la-mora-central-paraguay,departamento-en-pozo,,,,,,,,08/12/2025,,Asuncion,,,,,,,,,,,,,,,,,,,,,,,,,,,,1.0,,
https://century21.com.py/propiedad/41376_departamento-en-pozo-en-venta-en-fernando-de-la-mora-central-paraguay,departamento-en-pozo,,,,,,,,08/12/2025,,Asuncion,,,,,,,,,,,,,,,,,,,,,,,,,,,,1.0,,
https://century21.com.py/propiedad/41375_departamento-en-pozo-en-venta-en-fernando-de-la-mora-central-paraguay,departamento-en-pozo,,,,,,,,08/12/2025,,Asuncion,,,,,,,,,,,,,,,,,,,,,,,,,,,,1.0,,
https://century21.com.py/propiedad/41374_departamento-en-pozo-en-venta-en-fernando-de-la-mora-central-paraguay,departamento-en-pozo,,,,,,,,08/12/2025,,Asuncion,,,,,,,,,,,,,,,,,,,,,,,,,,,,1.0,,
https://century21.com.py/propiedad/41373_departamento-en-pozo-en-venta-en-fernando-de-la-mora-central-paraguay,departamento-en-pozo,,,,,,,,08/12/2025,,Asuncion,,,,,,,,,,,,,,,,,,,,,,,,,,,,1.0,,
https://century21.com.py/propiedad/41370_departamento-en-pozo-en-venta-en-fernando-de-la-mora-central-paraguay,departamento-en-pozo,,,,,,,,08/12/2025,,Asuncion,,,,,,,,,,,,,,,,,,,,,,,,,,,,1.0,,
https://century21.com.py/propiedad/41369_departamento-en-pozo-en-venta-en-fernando-de-la-mora-central-paraguay,departamento-en-pozo,,,,,,,,08/12/2025,,Asuncion,,,,,,,,,,,,,,,,,,,,,,,,,,,,1.0,,
https://century21.com.py/propiedad/41368_departamento-en-pozo-en-venta-en-fernando-de-la-mora-central-paraguay,departamento-en-pozo,,,,,,,,08/12/2025,,Asuncion,,,,,,,,,,,,,,,,,,,,,,,,,,,,1.0,,
https://century21.com.py/propiedad/41367_departamento-en-pozo-en-venta-en-fernando-de-la-mora-central-paraguay,departamento-en-pozo,,,,,,,,08/12/2025,,Asuncion,,,,,,,,,,,,,,,,,,,,,,,,,,,,1.0,,
https://century21.com.py/propiedad/41366_departamento-en-pozo-en-venta-en-fernando-de-la-mora-central-paraguay,departamento-en-pozo,,,,,,,,08/12/2025,,Asuncion,,,,,,,,,,,,,,,,,,,,,,,,,,,,1.0,,
https://century21.com.py/propiedad/41365_departamento-en-pozo-en-venta-en-fernando-de-la-mora-central-paraguay,departamento-en-pozo,,,,,,,,08/12/2025,,Asuncion,,,,,,,,,,,,,,,,,,,,,,,,,,,,1.0,,
https://century21.com.py/propiedad/41364_departamento-en-pozo-en-venta-en-fernando-de-la-mora-central-paraguay,departamento-en-pozo,,,,,,,,08/12/2025,,Asuncion,,,,,,,,,,,,,,,,,,,,,,,,,,,,1.0,,
https://century21.com.py/propiedad/41363_departamento-en-pozo-en-venta-en-fernando-de-la-mora-central-paraguay,departamento-en-pozo,,,,,,,,08/12/2025,,Asuncion,,,,,,,,,,,,,,,,,,,,,,,,,,,,1.0,,
https://century21.com.py/propiedad/41362_departamento-en-pozo-en-venta-en-fernando-de-la-mora-central-paraguay,departamento-en-pozo,,,,,,,,08/12/2025,,Asuncion,,,,,,,,,,,,,,,,,,,,,,,,,,,,1.0,,
https://century21.com.py/propiedad/41352_departamento-en-venta-en-villa-morra-asuncion-paraguay,departamento,,,,,,,,08/12/2025,,Asuncion,,,,,,,,,,,,,,,,,,,,,,,,,,,,1.0,,
https://century21.com.py/propiedad/41247_terreno-en-venta-en-las-lomas-asuncion-paraguay,terreno,,,,,,,,08/12/2025,,Asuncion,,,,,,,,,,,,,,,,,,,,,,,,,,,,1.0,,
https://century21.com.py/propiedad/41300_departamento-en-renta-en-las-mercedes-asuncion-paraguay,departamento,,,,,,,,08/12/2025,,Asuncion,,,,,,,,,,,,,,,,,,,,,,,,,,,,1.0,,
https://century21.com.py/propiedad/41299_departamento-en-venta-en-fernando-de-la-mora-central-paraguay,departamento,,,,,,,,08/12/2025,,Asuncion,,,,,,,,,,,,,,,,,,,,,,,,,,,,1.0,,
https://century21.com.py/propiedad/41338_departamento-en-pozo-en-venta-en-loma-pyta-asuncion-paraguay,departamento-en-pozo,,,,,,,,08/12/2025,,Asuncion,,,,,,,,,,,,,,,,,,,,,,,,,,,,1.0,,
https://century21.com.py/propiedad/40098_terreno-en-venta-en-mariano-roque-alonso-central-paraguay,terreno,,,,,,,,08/12/2025,,Asuncion,,,,,,,,,,,,,,,,,,,,,,,,,,,,1.0,,
https://century21.com.py/propiedad/40096_terreno-en-venta-en-mariano-roque-alonso-central-paraguay,terreno,,,,,,,,08/12/2025,,Asuncion,,,,,,,,,,,,,,,,,,,,,,,,,,,,1.0,,
https://century21.com.py/propiedad/40095_terreno-en-venta-en-mariano-roque-alonso-central-paraguay,terreno,,,,,,,,08/12/2025,,Asuncion,,,,,,,,,,,,,,,,,,,,,,,,,,,,1.0,,
https://century21.com.py/propiedad/40092_terreno-en-venta-en-mariano-roque-alonso-central-paraguay,terreno,,,,,,,,08/12/2025,,Asuncion,,,,,,,,,,,,,,,,,,,,,,,,,,,,1.0,,
https://century21.com.py/propiedad/41327_departamento-en-pozo-en-venta-en-trinidad-asuncion-paraguay,departamento-en-pozo,,,,,,,,08/12/2025,,Asuncion,,,,,,,,,,,,,,,,,,,,,,,,,,,,1.0,,
https://century21.com.py/propiedad/41326_departamento-en-pozo-en-venta-en-trinidad-asuncion-paraguay,departamento-en-pozo,,,,,,,,08/12/2025,,Asuncion,,,,,,,,,,,,,,,,,,,,,,,,,,,,1.0,,
https://century21.com.py/propiedad/41325_departamento-en-pozo-en-venta-en-trinidad-asuncion-paraguay,departamento-en-pozo,,,,,,,,08/12/2025,,Asuncion,,,,,,,,,,,,,,,,,,,,,,,,,,,,1.0,,
https://century21.com.py/propiedad/41323_departamento-en-pozo-en-venta-en-trinidad-asuncion-paraguay,departamento-en-pozo,,,,,,,,08/12/2025,,Asuncion,,,,,,,,,,,,,,,,,,,,,,,,,,,,1.0,,
https://century21.com.py/propiedad/41322_departamento-en-pozo-en-venta-en-trinidad-asuncion-paraguay,departamento-en-pozo,,,,,,,,08/12/2025,,Asuncion,,,,,,,,,,,,,,,,,,,,,,,,,,,,1.0,,
https://century21.com.py/propiedad/41311_departamento-en-pozo-en-venta-en-las-lomas-asuncion-paraguay,departamento-en-pozo,,,,,,,,08/12/2025,,Asuncion,,,,,,,,,,,,,,,,,,,,,,,,,,,,1.0,,
https://century21.com.py/propiedad/41310_departamento-en-pozo-en-venta-en-las-lomas-asuncion-paraguay,departamento-en-pozo,,,,,,,,08/12/2025,,Asuncion,,,,,,,,,,,,,,,,,,,,,,,,,,,,1.0,,
https://century21.com.py/propiedad/41309_departamento-en-pozo-en-venta-en-las-lomas-asuncion-paraguay,departamento-en-pozo,,,,,,,,08/12/2025,,Asuncion,,,,,,,,,,,,,,,,,,,,,,,,,,,,1.0,,
https://century21.com.py/propiedad/41288_terreno-en-venta-en-obrero-asuncion-paraguay,terreno,,,,,,,,08/12/2025,,Asuncion,,,,,,,,,,,,,,,,,,,,,,,,,,,,1.0,,
https://century21.com.py/propiedad/41255_departamento-en-pozo-en-venta-en-trinidad-asuncion-paraguay,departamento-en-pozo,,,,,,,,08/12/2025,,Asuncion,,,,,,,,,,,,,,,,,,,,,,,,,,,,1.0,,
https://century21.com.py/propiedad/41246_terreno-en-venta-en-las-lomas-asuncion-paraguay,terreno,,,,,,,,08/12/2025,,Asuncion,,,,,,,,,,,,,,,,,,,,,,,,,,,,1.0,,
https://century21.com.py/propiedad/41230_departamento-en-pozo-en-venta-en-las-lomas-asuncion-paraguay,departamento-en-pozo,,,,,,,,08/12/2025,,Asuncion,,,,,,,,,,,,,,,,,,,,,,,,,,,,1.0,,
https://century21.com.py/propiedad/41278_terreno-en-venta-en-mariano-roque-alonso-central-paraguay,terreno,,,,,,,,08/12/2025,,Asuncion,,,,,,,,,,,,,,,,,,,,,,,,,,,,1.0,,
https://century21.com.py/propiedad/41237_casa-en-venta-en-gral.-diaz-asuncion-paraguay,casa,,,,,,,,08/12/2025,,Asuncion,,,,,,,,,,,,,,,,,,,,,,,,,,,,1.0,,
https://century21.com.py/propiedad/41144_casa-en-venta-en-san-pablo-asuncion-paraguay,casa,,,,,,,,08/12/2025,,Asuncion,,,,,,,,,,,,,,,,,,,,,,,,,,,,1.0,,
https://century21.com.py/propiedad/41260_terreno-en-venta-en-limpio-central-paraguay,terreno,,,,,,,,08/12/2025,,Asuncion,,,,,,,,,,,,,,,,,,,,,,,,,,,,1.0,,
https://century21.com.py/propiedad/41272_casa-en-renta-en-las-lomas-asuncion-paraguay,casa,,,,,,,,08/12/2025,,Asuncion,,,,,,,,,,,,,,,,,,,,,,,,,,,,1.0,,
https://century21.com.py/propiedad/41250_departamento-en-venta-en-san-vicente-asuncion-paraguay,departamento,,,,,,,,08/12/2025,,Asuncion,,,,,,,,,,,,,,,,,,,,,,,,,,,,1.0,,
https://century21.com.py/propiedad/41263_departamento-en-pozo-en-venta-en-mbocayaty-asuncion-paraguay,departamento-en-pozo,,,,,,,,08/12/2025,,Asuncion,,,,,,,,,,,,,,,,,,,,,,,,,,,,1.0,,
https://century21.com.py/propiedad/41262_departamento-en-pozo-en-venta-en-mbocayaty-asuncion-paraguay,departamento-en-pozo,,,,,,,,08/12/2025,,Asuncion,,,,,,,,,,,,,,,,,,,,,,,,,,,,1.0,,
https://century21.com.py/propiedad/41261_departamento-en-pozo-en-venta-en-mbocayaty-asuncion-paraguay,departamento-en-pozo,,,,,,,,08/12/2025,,Asuncion,,,,,,,,,,,,,,,,,,,,,,,,,,,,1.0,,
https://century21.com.py/propiedad/41258_departamento-en-pozo-en-venta-en-mbocayaty-asuncion-paraguay,departamento-en-pozo,,,,,,,,08/12/2025,,Asuncion,,,,,,,,,,,,,,,,,,,,,,,,,,,,1.0,,
https://century21.com.py/propiedad/41259_departamento-en-renta-en-ycua-sati-asuncion-paraguay,departamento,,,,,,,,08/12/2025,,Asuncion,,,,,,,,,,,,,,,,,,,,,,,,,,,,1.0,,
https://century21.com.py/propiedad/41238_terreno-en-renta-en-terminal-asuncion-paraguay,terreno,,,,,,,,08/12/2025,,Asuncion,,,,,,,,,,,,,,,,,,,,,,,,,,,,1.0,,
https://century21.com.py/propiedad/41241_departamento-en-pozo-en-venta-en-san-cristobal-asuncion-paraguay,departamento-en-pozo,,,,,,,,08/12/2025,,Asuncion,,,,,,,,,,,,,,,,,,,,,,,,,,,,1.0,,
https://century21.com.py/propiedad/41240_departamento-en-pozo-en-venta-en-san-cristobal-asuncion-paraguay,departamento-en-pozo,,,,,,,,08/12/2025,,Asuncion,,,,,,,,,,,,,,,,,,,,,,,,,,,,1.0,,
https://century21.com.py/propiedad/41204_departamento-en-pozo-en-venta-en-virgen-de-la-asuncion-asuncion-paraguay,departamento-en-pozo,,,,,,,,08/12/2025,,Asuncion,,,,,,,,,,,,,,,,,,,,,,,,,,,,1.0,,
https://century21.com.py/propiedad/41202_departamento-en-pozo-en-venta-en-virgen-de-la-asuncion-asuncion-paraguay,departamento-en-pozo,,,,,,,,08/12/2025,,Asuncion,,,,,,,,,,,,,,,,,,,,,,,,,,,,1.0,,
https://century21.com.py/propiedad/41201_departamento-en-pozo-en-venta-en-virgen-de-la-asuncion-asuncion-paraguay,departamento-en-pozo,,,,,,,,08/12/2025,,Asuncion,,,,,,,,,,,,,,,,,,,,,,,,,,,,1.0,,
https://century21.com.py/propiedad/41200_departamento-en-pozo-en-venta-en-virgen-de-la-asuncion-asuncion-paraguay,departamento-en-pozo,,,,,,,,08/12/2025,,Asuncion,,,,,,,,,,,,,,,,,,,,,,,,,,,,1.0,,
https://century21.com.py/propiedad/41199_departamento-en-pozo-en-venta-en-virgen-de-la-asuncion-asuncion-paraguay,departamento-en-pozo,,,,,,,,08/12/2025,,Asuncion,,,,,,,,,,,,,,,,,,,,,,,,,,,,1.0,,
https://century21.com.py/propiedad/41136_departamento-en-venta-en-recoleta-asuncion-paraguay,departamento,,,,,,,,08/12/2025,,Asuncion,,,,,,,,,,,,,,,,,,,,,,,,,,,,1.0,,
https://century21.com.py/propiedad/41182_departamento-en-venta-en-recoleta-asuncion-paraguay,departamento,,,,,,,,08/12/2025,,Asuncion,,,,,,,,,,,,,,,,,,,,,,,,,,,,1.0,,
https://century21.com.py/propiedad/41181_departamento-en-pozo-en-venta-en-virgen-de-la-asuncion-asuncion-paraguay,departamento-en-pozo,,,,,,,,08/12/2025,,Asuncion,,,,,,,,,,,,,,,,,,,,,,,,,,,,1.0,,
https://century21.com.py/propiedad/41109_departamento-en-renta-en-luque-central-paraguay,departamento,,,,,,,,08/12/2025,,Asuncion,,,,,,,,,,,,,,,,,,,,,,,,,,,,1.0,,
https://century21.com.py/propiedad/41138_casa-en-venta-en-mcal.-lopez-asuncion-paraguay,casa,,,,,,,,08/12/2025,,Asuncion,,,,,,,,,,,,,,,,,,,,,,,,,,,,1.0,,
https://century21.com.py/propiedad/41086_casa-en-condominio-en-venta-en-luque-central-paraguay,casa-en-condominio,,,,,,,,08/12/2025,,Asuncion,,,,,,,,,,,,,,,,,,,,,,,,,,,,1.0,,
https://century21.com.py/propiedad/41121_terreno-en-venta-en-san-bernardino-cordillera-paraguay,terreno,,,,,,,,08/12/2025,,Asuncion,,,,,,,,,,,,,,,,,,,,,,,,,,,,1.0,,
https://century21.com.py/propiedad/41120_terreno-en-venta-en-san-bernardino-cordillera-paraguay,terreno,,,,,,,,08/12/2025,,Asuncion,,,,,,,,,,,,,,,,,,,,,,,,,,,,1.0,,
https://century21.com.py/propiedad/40784_terreno-en-venta-en-las-carmelitas-asuncion-paraguay,terreno,,,,,,,,08/12/2025,,Asuncion,,,,,,,,,,,,,,,,,,,,,,,,,,,,1.0,,
https://century21.com.py/propiedad/41108_terreno-en-venta-en-mburucuya-asuncion-paraguay,terreno,,,,,,,,08/12/2025,,Asuncion,,,,,,,,,,,,,,,,,,,,,,,,,,,,1.0,,
https://century21.com.py/propiedad/40981_casa-duplex-en-renta-en-mburucuya-asuncion-paraguay,casa-duplex,,,,,,,,08/12/2025,,Asuncion,,,,,,,,,,,,,,,,,,,,,,,,,,,,1.0,,
https://century21.com.py/propiedad/41098_terreno-en-venta-en-nemby-central-paraguay,terreno,,,,,,,,08/12/2025,,Asuncion,,,,,,,,,,,,,,,,,,,,,,,,,,,,1.0,,
https://century21.com.py/propiedad/41092_terreno-en-venta-en-recoleta-asuncion-paraguay,terreno,,,,,,,,08/12/2025,,Asuncion,,,,,,,,,,,,,,,,,,,,,,,,,,,,1.0,,
https://century21.com.py/propiedad/41088_terreno-en-venta-en-jose-falcon-presidente-hayes-paraguay,terreno,,,,,,,,08/12/2025,,Asuncion,,,,,,,,,,,,,,,,,,,,,,,,,,,,1.0,,
https://century21.com.py/propiedad/40817_casa-en-venta-en-villa-aurelia-asuncion-paraguay,casa,,,,,,,,08/12/2025,,Asuncion,,,,,,,,,,,,,,,,,,,,,,,,,,,,1.0,,
https://century21.com.py/propiedad/40920_casa-en-venta-en-recoleta-asuncion-paraguay,casa,,,,,,,,08/12/2025,,Asuncion,,,,,,,,,,,,,,,,,,,,,,,,,,,,1.0,,
https://century21.com.py/propiedad/41076_casa-en-renta-en-recoleta-asuncion-paraguay,casa,,,,,,,,08/12/2025,,Asuncion,,,,,,,,,,,,,,,,,,,,,,,,,,,,1.0,,
https://century21.com.py/propiedad/41071_casa-en-venta-en-san-cristobal-asuncion-paraguay,casa,,,,,,,,08/12/2025,,Asuncion,,,,,,,,,,,,,,,,,,,,,,,,,,,,1.0,,
https://century21.com.py/propiedad/41068_casa-en-venta-en-virgen-del-huerto-asuncion-paraguay,casa,,,,,,,,08/12/2025,,Asuncion,,,,,,,,,,,,,,,,,,,,,,,,,,,,1.0,,
https://century21.com.py/propiedad/41058_departamento-en-venta-en-luque-central-paraguay,departamento,,,,,,,,08/12/2025,,Asuncion,,,,,,,,,,,,,,,,,,,,,,,,,,,,1.0,,
https://century21.com.py/propiedad/41049_terreno-en-venta-en-san-bernardino-cordillera-paraguay,terreno,,,,,,,,08/12/2025,,Asuncion,,,,,,,,,,,,,,,,,,,,,,,,,,,,1.0,,
https://century21.com.py/propiedad/40946_casa-en-venta-en-mburucuya-asuncion-paraguay,casa,,,,,,,,08/12/2025,,Asuncion,,,,,,,,,,,,,,,,,,,,,,,,,,,,1.0,,
https://century21.com.py/propiedad/40997_departamento-en-renta-en-virgen-del-huerto-asuncion-paraguay,departamento,,,,,,,,08/12/2025,,Asuncion,,,,,,,,,,,,,,,,,,,,,,,,,,,,1.0,,
https://century21.com.py/propiedad/40825_departamento-en-venta-en-herrera-asuncion-paraguay,departamento,,,,,,,,08/12/2025,,Asuncion,,,,,,,,,,,,,,,,,,,,,,,,,,,,1.0,,
https://century21.com.py/propiedad/41038_terreno-en-venta-en-villa-aurelia-asuncion-paraguay,terreno,,,,,,,,08/12/2025,,Asuncion,,,,,,,,,,,,,,,,,,,,,,,,,,,,1.0,,
https://century21.com.py/propiedad/41050_terreno-en-venta-en-nazareth-asuncion-paraguay,terreno,,,,,,,,08/12/2025,,Asuncion,,,,,,,,,,,,,,,,,,,,,,,,,,,,1.0,,
https://century21.com.py/propiedad/40358_inmueble-productivo-en-venta-en-san-lorenzo-central-paraguay,inmueble-productivo,,,,,,,,08/12/2025,,Asuncion,,,,,,,,,,,,,,,,,,,,,,,,,,,,1.0,,
https://century21.com.py/propiedad/41006_local-en-venta-en-la-encarnacion-asuncion-paraguay,local,,,,,,,,08/12/2025,,Asuncion,,,,,,,,,,,,,,,,,,,,,,,,,,,,1.0,,
https://century21.com.py/propiedad/40722_terreno-en-venta-en-bella-vista-asuncion-paraguay,terreno,,,,,,,,08/12/2025,,Asuncion,,,,,,,,,,,,,,,,,,,,,,,,,,,,1.0,,
https://century21.com.py/propiedad/40970_casa-en-venta-en-san-roque-asuncion-paraguay,casa,,,,,,,,08/12/2025,,Asuncion,,,,,,,,,,,,,,,,,,,,,,,,,,,,1.0,,
https://century21.com.py/propiedad/40989_departamento-en-venta-en-la-encarnacion-asuncion-paraguay,departamento,,,,,,,,08/12/2025,,Asuncion,,,,,,,,,,,,,,,,,,,,,,,,,,,,1.0,,
https://century21.com.py/propiedad/40978_terreno-en-venta-en-villeta-central-paraguay,terreno,,,,,,,,08/12/2025,,Asuncion,,,,,,,,,,,,,,,,,,,,,,,,,,,,1.0,,
https://century21.com.py/propiedad/40951_oficinas-en-renta-en-las-mercedes-asuncion-paraguay,oficinas,,,,,,,,08/12/2025,,Asuncion,,,,,,,,,,,,,,,,,,,,,,,,,,,,1.0,,
https://century21.com.py/propiedad/40974_departamento-en-pozo-en-venta-en-ycua-sati-asuncion-paraguay,departamento-en-pozo,,,,,,,,08/12/2025,,Asuncion,,,,,,,,,,,,,,,,,,,,,,,,,,,,1.0,,
https://century21.com.py/propiedad/40973_departamento-en-pozo-en-venta-en-ycua-sati-asuncion-paraguay,departamento-en-pozo,,,,,,,,08/12/2025,,Asuncion,,,,,,,,,,,,,,,,,,,,,,,,,,,,1.0,,
https://century21.com.py/propiedad/40972_departamento-en-pozo-en-venta-en-ycua-sati-asuncion-paraguay,departamento-en-pozo,,,,,,,,08/12/2025,,Asuncion,,,,,,,,,,,,,,,,,,,,,,,,,,,,1.0,,
https://century21.com.py/propiedad/40971_departamento-en-pozo-en-venta-en-ycua-sati-asuncion-paraguay,departamento-en-pozo,,,,,,,,08/12/2025,,Asuncion,,,,,,,,,,,,,,,,,,,,,,,,,,,,1.0,,
https://century21.com.py/propiedad/40563_departamento-en-pozo-en-venta-en-las-lomas-asuncion-paraguay,departamento-en-pozo,,,,,,,,08/12/2025,,Asuncion,,,,,,,,,,,,,,,,,,,,,,,,,,,,1.0,,
https://century21.com.py/propiedad/40969_departamento-en-pozo-en-venta-en-ycua-sati-asuncion-paraguay,departamento-en-pozo,,,,,,,,08/12/2025,,Asuncion,,,,,,,,,,,,,,,,,,,,,,,,,,,,1.0,,
https://century21.com.py/propiedad/40968_departamento-en-venta-en-ycua-sati-asuncion-paraguay,departamento,,,,,,,,08/12/2025,,Asuncion,,,,,,,,,,,,,,,,,,,,,,,,,,,,1.0,,
https://century21.com.py/propiedad/40966_departamento-en-venta-en-ycua-sati-asuncion-paraguay,departamento,,,,,,,,08/12/2025,,Asuncion,,,,,,,,,,,,,,,,,,,,,,,,,,,,1.0,,
https://century21.com.py/propiedad/40962_casa-en-condominio-en-venta-en-villa-hayes-presidente-hayes-paraguay,casa-en-condominio,,,,,,,,08/12/2025,,Asuncion,,,,,,,,,,,,,,,,,,,,,,,,,,,,1.0,,
https://century21.com.py/propiedad/40961_casa-en-condominio-en-venta-en-villa-hayes-presidente-hayes-paraguay,casa-en-condominio,,,,,,,,08/12/2025,,Asuncion,,,,,,,,,,,,,,,,,,,,,,,,,,,,1.0,,
https://century21.com.py/propiedad/40960_casa-en-condominio-en-venta-en-villa-hayes-presidente-hayes-paraguay,casa-en-condominio,,,,,,,,08/12/2025,,Asuncion,,,,,,,,,,,,,,,,,,,,,,,,,,,,1.0,,
https://century21.com.py/propiedad/40959_terreno-en-venta-en-villa-hayes-presidente-hayes-paraguay,terreno,,,,,,,,08/12/2025,,Asuncion,,,,,,,,,,,,,,,,,,,,,,,,,,,,1.0,,
https://century21.com.py/propiedad/40947_terreno-en-venta-en-villa-hayes-presidente-hayes-paraguay,terreno,,,,,,,,08/12/2025,,Asuncion,,,,,,,,,,,,,,,,,,,,,,,,,,,,1.0,,
https://century21.com.py/propiedad/40958_departamento-en-pozo-en-venta-en-ycua-sati-asuncion-paraguay,departamento-en-pozo,,,,,,,,08/12/2025,,Asuncion,,,,,,,,,,,,,,,,,,,,,,,,,,,,1.0,,
https://century21.com.py/propiedad/40957_departamento-en-pozo-en-venta-en-ycua-sati-asuncion-paraguay,departamento-en-pozo,,,,,,,,08/12/2025,,Asuncion,,,,,,,,,,,,,,,,,,,,,,,,,,,,1.0,,
https://century21.com.py/propiedad/40954_departamento-en-pozo-en-venta-en-ycua-sati-asuncion-paraguay,departamento-en-pozo,,,,,,,,08/12/2025,,Asuncion,,,,,,,,,,,,,,,,,,,,,,,,,,,,1.0,,
https://century21.com.py/propiedad/40953_departamento-en-pozo-en-venta-en-ycua-sati-asuncion-paraguay,departamento-en-pozo,,,,,,,,08/12/2025,,Asuncion,,,,,,,,,,,,,,,,,,,,,,,,,,,,1.0,,
https://century21.com.py/propiedad/40950_departamento-en-pozo-en-venta-en-ycua-sati-asuncion-paraguay,departamento-en-pozo,,,,,,,,08/12/2025,,Asuncion,,,,,,,,,,,,,,,,,,,,,,,,,,,,1.0,,
https://century21.com.py/propiedad/40949_departamento-en-pozo-en-venta-en-ycua-sati-asuncion-paraguay,departamento-en-pozo,,,,,,,,08/12/2025,,Asuncion,,,,,,,,,,,,,,,,,,,,,,,,,,,,1.0,,
https://century21.com.py/propiedad/40909_departamento-en-pozo-en-venta-en-ycua-sati-asuncion-paraguay,departamento-en-pozo,,,,,,,,08/12/2025,,Asuncion,,,,,,,,,,,,,,,,,,,,,,,,,,,,1.0,,
https://century21.com.py/propiedad/40944_departamento-en-venta-en-villa-aurelia-asuncion-paraguay,departamento,,,,,,,,08/12/2025,,Asuncion,,,,,,,,,,,,,,,,,,,,,,,,,,,,1.0,,
https://century21.com.py/propiedad/40943_departamento-en-venta-en-villa-aurelia-asuncion-paraguay,departamento,,,,,,,,08/12/2025,,Asuncion,,,,,,,,,,,,,,,,,,,,,,,,,,,,1.0,,
https://century21.com.py/propiedad/40942_departamento-en-venta-en-villa-aurelia-asuncion-paraguay,departamento,,,,,,,,08/12/2025,,Asuncion,,,,,,,,,,,,,,,,,,,,,,,,,,,,1.0,,
https://century21.com.py/propiedad/40941_departamento-en-venta-en-villa-aurelia-asuncion-paraguay,departamento,,,,,,,,08/12/2025,,Asuncion,,,,,,,,,,,,,,,,,,,,,,,,,,,,1.0,,
https://century21.com.py/propiedad/40940_departamento-en-venta-en-villa-aurelia-asuncion-paraguay,departamento,,,,,,,,08/12/2025,,Asuncion,,,,,,,,,,,,,,,,,,,,,,,,,,,,1.0,,
https://century21.com.py/propiedad/40939_departamento-en-venta-en-villa-aurelia-asuncion-paraguay,departamento,,,,,,,,08/12/2025,,Asuncion,,,,,,,,,,,,,,,,,,,,,,,,,,,,1.0,,
https://century21.com.py/propiedad/40937_departamento-en-venta-en-villa-aurelia-asuncion-paraguay,departamento,,,,,,,,08/12/2025,,Asuncion,,,,,,,,,,,,,,,,,,,,,,,,,,,,1.0,,
https://century21.com.py/propiedad/40936_departamento-en-venta-en-villa-aurelia-asuncion-paraguay,departamento,,,,,,,,08/12/2025,,Asuncion,,,,,,,,,,,,,,,,,,,,,,,,,,,,1.0,,
https://century21.com.py/propiedad/40935_departamento-en-venta-en-villa-aurelia-asuncion-paraguay,departamento,,,,,,,,08/12/2025,,Asuncion,,,,,,,,,,,,,,,,,,,,,,,,,,,,1.0,,
https://century21.com.py/propiedad/40934_departamento-en-venta-en-villa-aurelia-asuncion-paraguay,departamento,,,,,,,,08/12/2025,,Asuncion,,,,,,,,,,,,,,,,,,,,,,,,,,,,1.0,,
https://century21.com.py/propiedad/40930_departamento-en-pozo-en-venta-en-trinidad-asuncion-paraguay,departamento-en-pozo,,,,,,,,08/12/2025,,Asuncion,,,,,,,,,,,,,,,,,,,,,,,,,,,,1.0,,
https://century21.com.py/propiedad/40925_departamento-en-venta-en-mburucuya-asuncion-paraguay,departamento,,,,,,,,08/12/2025,,Asuncion,,,,,,,,,,,,,,,,,,,,,,,,,,,,1.0,,
https://century21.com.py/propiedad/40916_terreno-en-venta-en-san-pablo-asuncion-paraguay,terreno,,,,,,,,08/12/2025,,Asuncion,,,,,,,,,,,,,,,,,,,,,,,,,,,,1.0,,
https://century21.com.py/propiedad/40915_departamento-en-venta-en-villa-elisa-central-paraguay,integral,,,,,,,,08/12/2025,,Asuncion,,,,,,,,,,,,,,,,,,,,,,,,,,,,1.0,,
https://century21.com.py/propiedad/40914_departamento-en-venta-en-villa-elisa-central-paraguay,integral,,,,,,,,08/12/2025,,Asuncion,,,,,,,,,,,,,,,,,,,,,,,,,,,,1.0,,
https://century21.com.py/propiedad/40897_casa-en-venta-en-villa-morra-asuncion-paraguay,casa,,,,,,,,08/12/2025,,Asuncion,,,,,,,,,,,,,,,,,,,,,,,,,,,,1.0,,
https://century21.com.py/propiedad/40889_estancia-en-venta-en-benjamin-aceval-presidente-hayes-paraguay,estancia,,,,,,,,08/12/2025,,Asuncion,,,,,,,,,,,,,,,,,,,,,,,,,,,,1.0,,
https://century21.com.py/propiedad/40887_departamento-en-venta-en-villa-morra-asuncion-paraguay,departamento,,,,,,,,08/12/2025,,Asuncion,,,,,,,,,,,,,,,,,,,,,,,,,,,,1.0,,
https://century21.com.py/propiedad/40883_departamento-en-venta-en-san-lorenzo-central-paraguay,departamento,,,,,,,,08/12/2025,,Asuncion,,,,,,,,,,,,,,,,,,,,,,,,,,,,1.0,,
https://century21.com.py/propiedad/40854_departamento-en-venta-en-luque-central-paraguay,departamento,,,,,,,,08/12/2025,,Asuncion,,,,,,,,,,,,,,,,,,,,,,,,,,,,1.0,,
https://century21.com.py/propiedad/40871_departamento-en-pozo-en-venta-en-recoleta-asuncion-paraguay,departamento-en-pozo,,,,,,,,08/12/2025,,Asuncion,,,,,,,,,,,,,,,,,,,,,,,,,,,,1.0,,
https://century21.com.py/propiedad/40869_departamento-en-pozo-en-venta-en-recoleta-asuncion-paraguay,departamento-en-pozo,,,,,,,,08/12/2025,,Asuncion,,,,,,,,,,,,,,,,,,,,,,,,,,,,1.0,,
https://century21.com.py/propiedad/40865_departamento-en-pozo-en-venta-en-recoleta-asuncion-paraguay,departamento-en-pozo,,,,,,,,08/12/2025,,Asuncion,,,,,,,,,,,,,,,,,,,,,,,,,,,,1.0,,
https://century21.com.py/propiedad/40868_local-en-renta-en-bernardino-caballero-asuncion-paraguay,local,,,,,,,,08/12/2025,,Asuncion,,,,,,,,,,,,,,,,,,,,,,,,,,,,1.0,,
https://century21.com.py/propiedad/40858_casa-duplex-en-venta-en-san-vicente-asuncion-paraguay,casa-duplex,,,,,,,,08/12/2025,,Asuncion,,,,,,,,,,,,,,,,,,,,,,,,,,,,1.0,,
https://century21.com.py/propiedad/40856_departamento-en-pozo-en-venta-en-ycua-sati-asuncion-paraguay,departamento-en-pozo,,,,,,,,08/12/2025,,Asuncion,,,,,,,,,,,,,,,,,,,,,,,,,,,,1.0,,
https://century21.com.py/propiedad/40682_terreno-en-venta-en-villa-aurelia-asuncion-paraguay,terreno,,,,,,,,08/12/2025,,Asuncion,,,,,,,,,,,,,,,,,,,,,,,,,,,,1.0,,
https://century21.com.py/propiedad/40830_terreno-en-venta-en-virgen-del-huerto-asuncion-paraguay,terreno,,,,,,,,08/12/2025,,Asuncion,,,,,,,,,,,,,,,,,,,,,,,,,,,,1.0,,
https://century21.com.py/propiedad/40831_nave-en-venta-en-loma-pyta-asuncion-paraguay,nave,,,,,,,,08/12/2025,,Asuncion,,,,,,,,,,,,,,,,,,,,,,,,,,,,1.0,,
https://century21.com.py/propiedad/40353_casa-en-venta-en-san-vicente-asuncion-paraguay,casa,,,,,,,,08/12/2025,,Asuncion,,,,,,,,,,,,,,,,,,,,,,,,,,,,1.0,,
https://century21.com.py/propiedad/40799_terreno-en-venta-en-benjamin-aceval-presidente-hayes-paraguay,terreno,,,,,,,,08/12/2025,,Asuncion,,,,,,,,,,,,,,,,,,,,,,,,,,,,1.0,,
https://century21.com.py/propiedad/40082_terreno-en-venta-en-hipodromo-asuncion-paraguay,terreno,,,,,,,,08/12/2025,,Asuncion,,,,,,,,,,,,,,,,,,,,,,,,,,,,1.0,,
https://century21.com.py/propiedad/40294_casa-en-venta-en-dr.-francia-asuncion-paraguay,casa,,,,,,,,08/12/2025,,Asuncion,,,,,,,,,,,,,,,,,,,,,,,,,,,,1.0,,
https://century21.com.py/propiedad/40526_departamento-en-venta-en-san-roque-asuncion-paraguay,departamento,,,,,,,,08/12/2025,,Asuncion,,,,,,,,,,,,,,,,,,,,,,,,,,,,1.0,,
https://century21.com.py/propiedad/40525_departamento-en-venta-en-san-roque-asuncion-paraguay,departamento,,,,,,,,08/12/2025,,Asuncion,,,,,,,,,,,,,,,,,,,,,,,,,,,,1.0,,
https://century21.com.py/propiedad/40708_departamento-en-pozo-en-venta-en-villa-morra-asuncion-paraguay,departamento-en-pozo,,,,,,,,08/12/2025,,Asuncion,,,,,,,,,,,,,,,,,,,,,,,,,,,,1.0,,
https://century21.com.py/propiedad/40707_departamento-en-pozo-en-venta-en-villa-morra-asuncion-paraguay,departamento-en-pozo,,,,,,,,08/12/2025,,Asuncion,,,,,,,,,,,,,,,,,,,,,,,,,,,,1.0,,
https://century21.com.py/propiedad/40706_departamento-en-pozo-en-venta-en-villa-morra-asuncion-paraguay,departamento-en-pozo,,,,,,,,08/12/2025,,Asuncion,,,,,,,,,,,,,,,,,,,,,,,,,,,,1.0,,
https://century21.com.py/propiedad/40705_departamento-en-pozo-en-venta-en-villa-morra-asuncion-paraguay,departamento-en-pozo,,,,,,,,08/12/2025,,Asuncion,,,,,,,,,,,,,,,,,,,,,,,,,,,,1.0,,
https://century21.com.py/propiedad/40704_departamento-en-pozo-en-venta-en-villa-morra-asuncion-paraguay,departamento-en-pozo,,,,,,,,08/12/2025,,Asuncion,,,,,,,,,,,,,,,,,,,,,,,,,,,,1.0,,
https://century21.com.py/propiedad/40697_casa-en-venta-en-ycua-sati-asuncion-paraguay,casa,,,,,,,,08/12/2025,,Asuncion,,,,,,,,,,,,,,,,,,,,,,,,,,,,1.0,,
https://century21.com.py/propiedad/40699_terreno-en-venta-en-lambare-central-paraguay,terreno,,,,,,,,08/12/2025,,Asuncion,,,,,,,,,,,,,,,,,,,,,,,,,,,,1.0,,
https://century21.com.py/propiedad/40642_departamento-en-venta-en-tacumbu-asuncion-paraguay,departamento,,,,,,,,08/12/2025,,Asuncion,,,,,,,,,,,,,,,,,,,,,,,,,,,,1.0,,
https://century21.com.py/propiedad/40653_casa-en-venta-en-sajonia-asuncion-paraguay,casa,,,,,,,,08/12/2025,,Asuncion,,,,,,,,,,,,,,,,,,,,,,,,,,,,1.0,,
https://century21.com.py/propiedad/40214_casa-en-venta-en-trinidad-asuncion-paraguay,casa,,,,,,,,08/12/2025,,Asuncion,,,,,,,,,,,,,,,,,,,,,,,,,,,,1.0,,
https://century21.com.py/propiedad/40635_departamento-en-pozo-en-venta-en-recoleta-asuncion-paraguay,departamento-en-pozo,,,,,,,,08/12/2025,,Asuncion,,,,,,,,,,,,,,,,,,,,,,,,,,,,1.0,,
https://century21.com.py/propiedad/40634_departamento-en-pozo-en-venta-en-las-lomas-asuncion-paraguay,departamento-en-pozo,,,,,,,,08/12/2025,,Asuncion,,,,,,,,,,,,,,,,,,,,,,,,,,,,1.0,,
https://century21.com.py/propiedad/40463_terreno-en-venta-en-mbocayaty-asuncion-paraguay,terreno,,,,,,,,08/12/2025,,Asuncion,,,,,,,,,,,,,,,,,,,,,,,,,,,,1.0,,
https://century21.com.py/propiedad/40429_departamento-en-venta-en-sajonia-asuncion-paraguay,departamento,,,,,,,,08/12/2025,,Asuncion,,,,,,,,,,,,,,,,,,,,,,,,,,,,1.0,,
https://century21.com.py/propiedad/40602_departamento-en-pozo-en-venta-en-mburucuya-asuncion-paraguay,departamento-en-pozo,,,,,,,,08/12/2025,,Asuncion,,,,,,,,,,,,,,,,,,,,,,,,,,,,1.0,,
https://century21.com.py/propiedad/40301_terreno-en-venta-en-catedral-asuncion-paraguay,terreno,,,,,,,,08/12/2025,,Asuncion,,,,,,,,,,,,,,,,,,,,,,,,,,,,1.0,,
https://century21.com.py/propiedad/40581_departamento-en-pozo-en-venta-en-virgen-de-la-asuncion-asuncion-paraguay,departamento-en-pozo,,,,,,,,08/12/2025,,Asuncion,,,,,,,,,,,,,,,,,,,,,,,,,,,,1.0,,
https://century21.com.py/propiedad/40579_departamento-en-venta-en-las-mercedes-asuncion-paraguay,departamento,,,,,,,,08/12/2025,,Asuncion,,,,,,,,,,,,,,,,,,,,,,,,,,,,1.0,,
https://century21.com.py/propiedad/40508_casa-en-venta-en-san-vicente-asuncion-paraguay,casa,,,,,,,,08/12/2025,,Asuncion,,,,,,,,,,,,,,,,,,,,,,,,,,,,1.0,,
https://century21.com.py/propiedad/40555_departamento-en-pozo-en-venta-en-herrera-asuncion-paraguay,departamento-en-pozo,,,,,,,,08/12/2025,,Asuncion,,,,,,,,,,,,,,,,,,,,,,,,,,,,1.0,,
https://century21.com.py/propiedad/40554_departamento-en-pozo-en-venta-en-herrera-asuncion-paraguay,departamento-en-pozo,,,,,,,,08/12/2025,,Asuncion,,,,,,,,,,,,,,,,,,,,,,,,,,,,1.0,,
https://century21.com.py/propiedad/40553_departamento-en-pozo-en-venta-en-herrera-asuncion-paraguay,departamento-en-pozo,,,,,,,,08/12/2025,,Asuncion,,,,,,,,,,,,,,,,,,,,,,,,,,,,1.0,,
https://century21.com.py/propiedad/40395_departamento-en-pozo-en-venta-en-herrera-asuncion-paraguay,departamento-en-pozo,,,,,,,,08/12/2025,,Asuncion,,,,,,,,,,,,,,,,,,,,,,,,,,,,1.0,,
https://century21.com.py/propiedad/40549_departamento-en-pozo-en-venta-en-recoleta-asuncion-paraguay,departamento-en-pozo,,,,,,,,08/12/2025,,Asuncion,,,,,,,,,,,,,,,,,,,,,,,,,,,,1.0,,
https://century21.com.py/propiedad/40548_departamento-en-pozo-en-venta-en-recoleta-asuncion-paraguay,departamento-en-pozo,,,,,,,,08/12/2025,,Asuncion,,,,,,,,,,,,,,,,,,,,,,,,,,,,1.0,,
https://century21.com.py/propiedad/40546_departamento-en-pozo-en-venta-en-recoleta-asuncion-paraguay,departamento-en-pozo,,,,,,,,08/12/2025,,Asuncion,,,,,,,,,,,,,,,,,,,,,,,,,,,,1.0,,
https://century21.com.py/propiedad/40545_departamento-en-pozo-en-venta-en-recoleta-asuncion-paraguay,departamento-en-pozo,,,,,,,,08/12/2025,,Asuncion,,,,,,,,,,,,,,,,,,,,,,,,,,,,1.0,,
https://century21.com.py/propiedad/40543_departamento-en-pozo-en-venta-en-recoleta-asuncion-paraguay,departamento-en-pozo,,,,,,,,08/12/2025,,Asuncion,,,,,,,,,,,,,,,,,,,,,,,,,,,,1.0,,
https://century21.com.py/propiedad/40542_departamento-en-pozo-en-venta-en-recoleta-asuncion-paraguay,departamento-en-pozo,,,,,,,,08/12/2025,,Asuncion,,,,,,,,,,,,,,,,,,,,,,,,,,,,1.0,,
https://century21.com.py/propiedad/40541_departamento-en-pozo-en-venta-en-recoleta-asuncion-paraguay,departamento-en-pozo,,,,,,,,08/12/2025,,Asuncion,,,,,,,,,,,,,,,,,,,,,,,,,,,,1.0,,
https://century21.com.py/propiedad/40529_departamento-en-pozo-en-venta-en-recoleta-asuncion-paraguay,departamento-en-pozo,,,,,,,,08/12/2025,,Asuncion,,,,,,,,,,,,,,,,,,,,,,,,,,,,1.0,,
https://century21.com.py/propiedad/40527_departamento-en-pozo-en-venta-en-recoleta-asuncion-paraguay,departamento-en-pozo,,,,,,,,08/12/2025,,Asuncion,,,,,,,,,,,,,,,,,,,,,,,,,,,,1.0,,
https://century21.com.py/propiedad/40505_local-en-renta-en-ciudad-nueva-asuncion-paraguay,local,,,,,,,,08/12/2025,,Asuncion,,,,,,,,,,,,,,,,,,,,,,,,,,,,1.0,,
https://century21.com.py/propiedad/40292_local-en-venta-en-ciudad-nueva-asuncion-paraguay,local,,,,,,,,08/12/2025,,Asuncion,,,,,,,,,,,,,,,,,,,,,,,,,,,,1.0,,
https://century21.com.py/propiedad/40402_oficinas-en-renta-en-barrio-jara-asuncion-paraguay,oficinas,,,,,,,,08/12/2025,,Asuncion,,,,,,,,,,,,,,,,,,,,,,,,,,,,1.0,,
https://century21.com.py/propiedad/40484_departamento-en-venta-en-las-carmelitas-asuncion-paraguay,departamento,,,,,,,,08/12/2025,,Asuncion,,,,,,,,,,,,,,,,,,,,,,,,,,,,1.0,,
https://century21.com.py/propiedad/40483_departamento-en-pozo-en-venta-en-las-lomas-asuncion-paraguay,departamento-en-pozo,,,,,,,,08/12/2025,,Asuncion,,,,,,,,,,,,,,,,,,,,,,,,,,,,1.0,,
https://century21.com.py/propiedad/40482_departamento-en-pozo-en-venta-en-las-lomas-asuncion-paraguay,departamento-en-pozo,,,,,,,,08/12/2025,,Asuncion,,,,,,,,,,,,,,,,,,,,,,,,,,,,1.0,,
https://century21.com.py/propiedad/40459_terreno-en-venta-en-recoleta-asuncion-paraguay,terreno,,,,,,,,08/12/2025,,Asuncion,,,,,,,,,,,,,,,,,,,,,,,,,,,,1.0,,
https://century21.com.py/propiedad/40438_departamento-en-renta-en-mcal.-lopez-asuncion-paraguay,departamento,,,,,,,,08/12/2025,,Asuncion,,,,,,,,,,,,,,,,,,,,,,,,,,,,1.0,,
https://century21.com.py/propiedad/40005_terreno-en-venta-en-nemby-central-paraguay,terreno,,,,,,,,08/12/2025,,Asuncion,,,,,,,,,,,,,,,,,,,,,,,,,,,,1.0,,
https://century21.com.py/propiedad/40013_casa-en-venta-en-ytay-asuncion-paraguay,casa,,,,,,,,08/12/2025,,Asuncion,,,,,,,,,,,,,,,,,,,,,,,,,,,,1.0,,
https://century21.com.py/propiedad/40364_estancia-en-venta-en-villeta-central-paraguay,estancia,,,,,,,,08/12/2025,,Asuncion,,,,,,,,,,,,,,,,,,,,,,,,,,,,1.0,,
https://century21.com.py/propiedad/40435_departamento-en-venta-en-herrera-asuncion-paraguay,departamento,,,,,,,,08/12/2025,,Asuncion,,,,,,,,,,,,,,,,,,,,,,,,,,,,1.0,,
https://century21.com.py/propiedad/40434_departamento-en-venta-en-herrera-asuncion-paraguay,departamento,,,,,,,,08/12/2025,,Asuncion,,,,,,,,,,,,,,,,,,,,,,,,,,,,1.0,,
https://century21.com.py/propiedad/40388_departamento-en-venta-en-herrera-asuncion-paraguay,departamento,,,,,,,,08/12/2025,,Asuncion,,,,,,,,,,,,,,,,,,,,,,,,,,,,1.0,,
https://century21.com.py/propiedad/40369_departamento-en-venta-en-la-encarnacion-asuncion-paraguay,departamento,,,,,,,,08/12/2025,,Asuncion,,,,,,,,,,,,,,,,,,,,,,,,,,,,1.0,,
https://century21.com.py/propiedad/40424_departamento-en-pozo-en-venta-en-herrera-asuncion-paraguay,departamento-en-pozo,,,,,,,,08/12/2025,,Asuncion,,,,,,,,,,,,,,,,,,,,,,,,,,,,1.0,,
https://century21.com.py/propiedad/40423_departamento-en-pozo-en-venta-en-herrera-asuncion-paraguay,departamento-en-pozo,,,,,,,,08/12/2025,,Asuncion,,,,,,,,,,,,,,,,,,,,,,,,,,,,1.0,,
https://century21.com.py/propiedad/40422_departamento-en-pozo-en-venta-en-herrera-asuncion-paraguay,departamento-en-pozo,,,,,,,,08/12/2025,,Asuncion,,,,,,,,,,,,,,,,,,,,,,,,,,,,1.0,,
https://century21.com.py/propiedad/40421_departamento-en-pozo-en-venta-en-herrera-asuncion-paraguay,departamento-en-pozo,,,,,,,,08/12/2025,,Asuncion,,,,,,,,,,,,,,,,,,,,,,,,,,,,1.0,,
https://century21.com.py/propiedad/40420_departamento-en-pozo-en-venta-en-herrera-asuncion-paraguay,departamento-en-pozo,,,,,,,,08/12/2025,,Asuncion,,,,,,,,,,,,,,,,,,,,,,,,,,,,1.0,,
https://century21.com.py/propiedad/40416_departamento-en-pozo-en-venta-en-herrera-asuncion-paraguay,departamento-en-pozo,,,,,,,,08/12/2025,,Asuncion,,,,,,,,,,,,,,,,,,,,,,,,,,,,1.0,,
https://century21.com.py/propiedad/40414_departamento-en-pozo-en-venta-en-herrera-asuncion-paraguay,departamento-en-pozo,,,,,,,,08/12/2025,,Asuncion,,,,,,,,,,,,,,,,,,,,,,,,,,,,1.0,,
https://century21.com.py/propiedad/40413_departamento-en-pozo-en-venta-en-herrera-asuncion-paraguay,departamento-en-pozo,,,,,,,,08/12/2025,,Asuncion,,,,,,,,,,,,,,,,,,,,,,,,,,,,1.0,,
https://century21.com.py/propiedad/40411_departamento-en-pozo-en-venta-en-herrera-asuncion-paraguay,departamento-en-pozo,,,,,,,,08/12/2025,,Asuncion,,,,,,,,,,,,,,,,,,,,,,,,,,,,1.0,,
https://century21.com.py/propiedad/40407_departamento-en-pozo-en-venta-en-herrera-asuncion-paraguay,departamento-en-pozo,,,,,,,,08/12/2025,,Asuncion,,,,,,,,,,,,,,,,,,,,,,,,,,,,1.0,,
https://century21.com.py/propiedad/40406_departamento-en-pozo-en-venta-en-herrera-asuncion-paraguay,departamento-en-pozo,,,,,,,,08/12/2025,,Asuncion,,,,,,,,,,,,,,,,,,,,,,,,,,,,1.0,,
https://century21.com.py/propiedad/40404_departamento-en-pozo-en-venta-en-herrera-asuncion-paraguay,departamento-en-pozo,,,,,,,,08/12/2025,,Asuncion,,,,,,,,,,,,,,,,,,,,,,,,,,,,1.0,,
https://century21.com.py/propiedad/40399_departamento-en-pozo-en-venta-en-herrera-asuncion-paraguay,departamento-en-pozo,,,,,,,,08/12/2025,,Asuncion,,,,,,,,,,,,,,,,,,,,,,,,,,,,1.0,,
https://century21.com.py/propiedad/40398_departamento-en-pozo-en-venta-en-herrera-asuncion-paraguay,departamento-en-pozo,,,,,,,,08/12/2025,,Asuncion,,,,,,,,,,,,,,,,,,,,,,,,,,,,1.0,,
https://century21.com.py/propiedad/40394_departamento-en-pozo-en-venta-en-herrera-asuncion-paraguay,departamento-en-pozo,,,,,,,,08/12/2025,,Asuncion,,,,,,,,,,,,,,,,,,,,,,,,,,,,1.0,,
https://century21.com.py/propiedad/40392_departamento-en-pozo-en-venta-en-herrera-asuncion-paraguay,departamento-en-pozo,,,,,,,,08/12/2025,,Asuncion,,,,,,,,,,,,,,,,,,,,,,,,,,,,1.0,,
https://century21.com.py/propiedad/40390_departamento-en-pozo-en-venta-en-herrera-asuncion-paraguay,departamento-en-pozo,,,,,,,,08/12/2025,,Asuncion,,,,,,,,,,,,,,,,,,,,,,,,,,,,1.0,,
https://century21.com.py/propiedad/40389_departamento-en-pozo-en-venta-en-herrera-asuncion-paraguay,departamento-en-pozo,,,,,,,,08/12/2025,,Asuncion,,,,,,,,,,,,,,,,,,,,,,,,,,,,1.0,,
https://century21.com.py/propiedad/40158_departamento-en-venta-en-bella-vista-asuncion-paraguay,departamento,,,,,,,,08/12/2025,,Asuncion,,,,,,,,,,,,,,,,,,,,,,,,,,,,1.0,,
https://century21.com.py/propiedad/40381_departamento-en-pozo-en-venta-en-recoleta-asuncion-paraguay,departamento-en-pozo,,,,,,,,08/12/2025,,Asuncion,,,,,,,,,,,,,,,,,,,,,,,,,,,,1.0,,
https://century21.com.py/propiedad/40376_departamento-en-pozo-en-venta-en-herrera-asuncion-paraguay,departamento-en-pozo,,,,,,,,08/12/2025,,Asuncion,,,,,,,,,,,,,,,,,,,,,,,,,,,,1.0,,
https://century21.com.py/propiedad/40374_departamento-en-pozo-en-venta-en-herrera-asuncion-paraguay,departamento-en-pozo,,,,,,,,08/12/2025,,Asuncion,,,,,,,,,,,,,,,,,,,,,,,,,,,,1.0,,
https://century21.com.py/propiedad/40373_departamento-en-pozo-en-venta-en-recoleta-asuncion-paraguay,departamento-en-pozo,,,,,,,,08/12/2025,,Asuncion,,,,,,,,,,,,,,,,,,,,,,,,,,,,1.0,,
https://century21.com.py/propiedad/40370_departamento-en-pozo-en-venta-en-recoleta-asuncion-paraguay,departamento-en-pozo,,,,,,,,08/12/2025,,Asuncion,,,,,,,,,,,,,,,,,,,,,,,,,,,,1.0,,
https://century21.com.py/propiedad/40368_departamento-en-pozo-en-venta-en-recoleta-asuncion-paraguay,departamento-en-pozo,,,,,,,,08/12/2025,,Asuncion,,,,,,,,,,,,,,,,,,,,,,,,,,,,1.0,,
https://century21.com.py/propiedad/40350_departamento-en-pozo-en-venta-en-las-lomas-asuncion-paraguay,departamento-en-pozo,,,,,,,,08/12/2025,,Asuncion,,,,,,,,,,,,,,,,,,,,,,,,,,,,1.0,,
https://century21.com.py/propiedad/40349_departamento-en-pozo-en-venta-en-las-lomas-asuncion-paraguay,departamento-en-pozo,,,,,,,,08/12/2025,,Asuncion,,,,,,,,,,,,,,,,,,,,,,,,,,,,1.0,,
https://century21.com.py/propiedad/40348_departamento-en-pozo-en-venta-en-las-lomas-asuncion-paraguay,departamento-en-pozo,,,,,,,,08/12/2025,,Asuncion,,,,,,,,,,,,,,,,,,,,,,,,,,,,1.0,,
https://century21.com.py/propiedad/40311_departamento-en-renta-en-loma-pyta-asuncion-paraguay,departamento,,,,,,,,08/12/2025,,Asuncion,,,,,,,,,,,,,,,,,,,,,,,,,,,,1.0,,
https://century21.com.py/propiedad/40295_local-en-venta-en-la-encarnacion-asuncion-paraguay,local,,,,,,,,08/12/2025,,Asuncion,,,,,,,,,,,,,,,,,,,,,,,,,,,,1.0,,
https://century21.com.py/propiedad/40303_local-en-venta-en-gral.-diaz-asuncion-paraguay,local,,,,,,,,08/12/2025,,Asuncion,,,,,,,,,,,,,,,,,,,,,,,,,,,,1.0,,
https://century21.com.py/propiedad/40144_casa-en-venta-en-villa-morra-asuncion-paraguay,casa,,,,,,,,08/12/2025,,Asuncion,,,,,,,,,,,,,,,,,,,,,,,,,,,,1.0,,
https://century21.com.py/propiedad/40327_departamento-en-pozo-en-venta-en-villa-morra-asuncion-paraguay,departamento-en-pozo,,,,,,,,08/12/2025,,Asuncion,,,,,,,,,,,,,,,,,,,,,,,,,,,,1.0,,
https://century21.com.py/propiedad/40326_departamento-en-pozo-en-venta-en-villa-morra-asuncion-paraguay,departamento-en-pozo,,,,,,,,08/12/2025,,Asuncion,,,,,,,,,,,,,,,,,,,,,,,,,,,,1.0,,
https://century21.com.py/propiedad/40324_departamento-en-pozo-en-venta-en-villa-morra-asuncion-paraguay,departamento-en-pozo,,,,,,,,08/12/2025,,Asuncion,,,,,,,,,,,,,,,,,,,,,,,,,,,,1.0,,
https://century21.com.py/propiedad/40321_terreno-en-venta-en-villa-hayes-presidente-hayes-paraguay,terreno,,,,,,,,08/12/2025,,Asuncion,,,,,,,,,,,,,,,,,,,,,,,,,,,,1.0,,
https://century21.com.py/propiedad/40320_terreno-en-venta-en-villa-hayes-presidente-hayes-paraguay,terreno,,,,,,,,08/12/2025,,Asuncion,,,,,,,,,,,,,,,,,,,,,,,,,,,,1.0,,
https://century21.com.py/propiedad/40317_terreno-en-venta-en-villa-hayes-presidente-hayes-paraguay,terreno,,,,,,,,08/12/2025,,Asuncion,,,,,,,,,,,,,,,,,,,,,,,,,,,,1.0,,
https://century21.com.py/propiedad/40316_departamento-en-pozo-en-venta-en-villa-morra-asuncion-paraguay,departamento-en-pozo,,,,,,,,08/12/2025,,Asuncion,,,,,,,,,,,,,,,,,,,,,,,,,,,,1.0,,
https://century21.com.py/propiedad/40315_departamento-en-pozo-en-venta-en-villa-morra-asuncion-paraguay,departamento-en-pozo,,,,,,,,08/12/2025,,Asuncion,,,,,,,,,,,,,,,,,,,,,,,,,,,,1.0,,
https://century21.com.py/propiedad/40314_departamento-en-pozo-en-venta-en-villa-morra-asuncion-paraguay,departamento-en-pozo,,,,,,,,08/12/2025,,Asuncion,,,,,,,,,,,,,,,,,,,,,,,,,,,,1.0,,
https://century21.com.py/propiedad/40310_departamento-en-pozo-en-venta-en-villa-morra-asuncion-paraguay,departamento-en-pozo,,,,,,,,08/12/2025,,Asuncion,,,,,,,,,,,,,,,,,,,,,,,,,,,,1.0,,
https://century21.com.py/propiedad/40307_departamento-en-pozo-en-venta-en-villa-morra-asuncion-paraguay,departamento-en-pozo,,,,,,,,08/12/2025,,Asuncion,,,,,,,,,,,,,,,,,,,,,,,,,,,,1.0,,
https://century21.com.py/propiedad/40272_departamento-en-venta-en-trinidad-asuncion-paraguay,departamento,,,,,,,,08/12/2025,,Asuncion,,,,,,,,,,,,,,,,,,,,,,,,,,,,1.0,,
https://century21.com.py/propiedad/40269_departamento-en-venta-en-trinidad-asuncion-paraguay,departamento,,,,,,,,08/12/2025,,Asuncion,,,,,,,,,,,,,,,,,,,,,,,,,,,,1.0,,
https://century21.com.py/propiedad/40304_departamento-en-pozo-en-venta-en-recoleta-asuncion-paraguay,departamento-en-pozo,,,,,,,,08/12/2025,,Asuncion,,,,,,,,,,,,,,,,,,,,,,,,,,,,1.0,,
https://century21.com.py/propiedad/40302_departamento-en-pozo-en-venta-en-recoleta-asuncion-paraguay,departamento-en-pozo,,,,,,,,08/12/2025,,Asuncion,,,,,,,,,,,,,,,,,,,,,,,,,,,,1.0,,
https://century21.com.py/propiedad/40300_departamento-en-pozo-en-venta-en-recoleta-asuncion-paraguay,departamento-en-pozo,,,,,,,,08/12/2025,,Asuncion,,,,,,,,,,,,,,,,,,,,,,,,,,,,1.0,,
https://century21.com.py/propiedad/40299_departamento-en-pozo-en-venta-en-recoleta-asuncion-paraguay,departamento-en-pozo,,,,,,,,08/12/2025,,Asuncion,,,,,,,,,,,,,,,,,,,,,,,,,,,,1.0,,
https://century21.com.py/propiedad/40298_departamento-en-pozo-en-venta-en-recoleta-asuncion-paraguay,departamento-en-pozo,,,,,,,,08/12/2025,,Asuncion,,,,,,,,,,,,,,,,,,,,,,,,,,,,1.0,,
https://century21.com.py/propiedad/38904_casa-en-venta-en-mburucuya-asuncion-paraguay,casa,,,,,,,,08/12/2025,,Asuncion,,,,,,,,,,,,,,,,,,,,,,,,,,,,1.0,,
https://century21.com.py/propiedad/40283_departamento-en-pozo-en-venta-en-villa-morra-asuncion-paraguay,departamento-en-pozo,,,,,,,,08/12/2025,,Asuncion,,,,,,,,,,,,,,,,,,,,,,,,,,,,1.0,,
https://century21.com.py/propiedad/40282_departamento-en-pozo-en-venta-en-villa-morra-asuncion-paraguay,departamento-en-pozo,,,,,,,,08/12/2025,,Asuncion,,,,,,,,,,,,,,,,,,,,,,,,,,,,1.0,,
https://century21.com.py/propiedad/40280_departamento-en-pozo-en-venta-en-villa-morra-asuncion-paraguay,departamento-en-pozo,,,,,,,,08/12/2025,,Asuncion,,,,,,,,,,,,,,,,,,,,,,,,,,,,1.0,,
https://century21.com.py/propiedad/40278_departamento-en-pozo-en-venta-en-villa-morra-asuncion-paraguay,departamento-en-pozo,,,,,,,,08/12/2025,,Asuncion,,,,,,,,,,,,,,,,,,,,,,,,,,,,1.0,,
https://century21.com.py/propiedad/40277_departamento-en-pozo-en-venta-en-villa-morra-asuncion-paraguay,departamento-en-pozo,,,,,,,,08/12/2025,,Asuncion,,,,,,,,,,,,,,,,,,,,,,,,,,,,1.0,,
https://century21.com.py/propiedad/40275_departamento-en-pozo-en-venta-en-villa-morra-asuncion-paraguay,departamento-en-pozo,,,,,,,,08/12/2025,,Asuncion,,,,,,,,,,,,,,,,,,,,,,,,,,,,1.0,,
https://century21.com.py/propiedad/40274_departamento-en-pozo-en-venta-en-villa-morra-asuncion-paraguay,departamento-en-pozo,,,,,,,,08/12/2025,,Asuncion,,,,,,,,,,,,,,,,,,,,,,,,,,,,1.0,,
https://century21.com.py/propiedad/40270_departamento-en-pozo-en-venta-en-villa-morra-asuncion-paraguay,departamento-en-pozo,,,,,,,,08/12/2025,,Asuncion,,,,,,,,,,,,,,,,,,,,,,,,,,,,1.0,,
https://century21.com.py/propiedad/40267_departamento-en-pozo-en-venta-en-villa-morra-asuncion-paraguay,departamento-en-pozo,,,,,,,,08/12/2025,,Asuncion,,,,,,,,,,,,,,,,,,,,,,,,,,,,1.0,,
https://century21.com.py/propiedad/40265_departamento-en-pozo-en-venta-en-villa-morra-asuncion-paraguay,departamento-en-pozo,,,,,,,,08/12/2025,,Asuncion,,,,,,,,,,,,,,,,,,,,,,,,,,,,1.0,,
https://century21.com.py/propiedad/40257_departamento-en-venta-en-mburucuya-asuncion-paraguay,departamento,,,,,,,,08/12/2025,,Asuncion,,,,,,,,,,,,,,,,,,,,,,,,,,,,1.0,,
https://century21.com.py/propiedad/40258_departamento-en-pozo-en-venta-en-recoleta-asuncion-paraguay,departamento-en-pozo,,,,,,,,08/12/2025,,Asuncion,,,,,,,,,,,,,,,,,,,,,,,,,,,,1.0,,
https://century21.com.py/propiedad/40256_departamento-en-pozo-en-venta-en-recoleta-asuncion-paraguay,departamento-en-pozo,,,,,,,,08/12/2025,,Asuncion,,,,,,,,,,,,,,,,,,,,,,,,,,,,1.0,,
https://century21.com.py/propiedad/40255_departamento-en-pozo-en-venta-en-recoleta-asuncion-paraguay,departamento-en-pozo,,,,,,,,08/12/2025,,Asuncion,,,,,,,,,,,,,,,,,,,,,,,,,,,,1.0,,
https://century21.com.py/propiedad/40134_terreno-en-venta-en-san-roque-asuncion-paraguay,terreno,,,,,,,,08/12/2025,,Asuncion,,,,,,,,,,,,,,,,,,,,,,,,,,,,1.0,,
https://century21.com.py/propiedad/39992_terreno-en-venta-en-c.-a.-lopez-asuncion-paraguay,terreno,,,,,,,,08/12/2025,,Asuncion,,,,,,,,,,,,,,,,,,,,,,,,,,,,1.0,,
https://century21.com.py/propiedad/40201_casa-en-condominio-en-venta-en-luque-central-paraguay,casa-en-condominio,,,,,,,,08/12/2025,,Asuncion,,,,,,,,,,,,,,,,,,,,,,,,,,,,1.0,,
https://century21.com.py/propiedad/40224_casa-en-condominio-en-venta-en-luque-central-paraguay,casa-en-condominio,,,,,,,,08/12/2025,,Asuncion,,,,,,,,,,,,,,,,,,,,,,,,,,,,1.0,,
https://century21.com.py/propiedad/39785_oficinas-en-renta-en-virgen-de-fatima-asuncion-paraguay,oficinas,,,,,,,,08/12/2025,,Asuncion,,,,,,,,,,,,,,,,,,,,,,,,,,,,1.0,,
https://century21.com.py/propiedad/40249_nave-en-renta-en-trinidad-asuncion-paraguay,nave,,,,,,,,08/12/2025,,Asuncion,,,,,,,,,,,,,,,,,,,,,,,,,,,,1.0,,
https://century21.com.py/propiedad/40248_departamento-en-pozo-en-venta-en-villa-morra-asuncion-paraguay,departamento-en-pozo,,,,,,,,08/12/2025,,Asuncion,,,,,,,,,,,,,,,,,,,,,,,,,,,,1.0,,
https://century21.com.py/propiedad/40247_departamento-en-pozo-en-venta-en-villa-morra-asuncion-paraguay,departamento-en-pozo,,,,,,,,08/12/2025,,Asuncion,,,,,,,,,,,,,,,,,,,,,,,,,,,,1.0,,
https://century21.com.py/propiedad/40246_departamento-en-pozo-en-venta-en-villa-morra-asuncion-paraguay,departamento-en-pozo,,,,,,,,08/12/2025,,Asuncion,,,,,,,,,,,,,,,,,,,,,,,,,,,,1.0,,
https://century21.com.py/propiedad/40245_departamento-en-pozo-en-venta-en-villa-morra-asuncion-paraguay,departamento-en-pozo,,,,,,,,08/12/2025,,Asuncion,,,,,,,,,,,,,,,,,,,,,,,,,,,,1.0,,
https://century21.com.py/propiedad/40244_departamento-en-pozo-en-venta-en-villa-morra-asuncion-paraguay,departamento-en-pozo,,,,,,,,08/12/2025,,Asuncion,,,,,,,,,,,,,,,,,,,,,,,,,,,,1.0,,
https://century21.com.py/propiedad/40242_departamento-en-venta-en-recoleta-asuncion-paraguay,departamento,,,,,,,,08/12/2025,,Asuncion,,,,,,,,,,,,,,,,,,,,,,,,,,,,1.0,,
https://century21.com.py/propiedad/40240_departamento-en-pozo-en-venta-en-recoleta-asuncion-paraguay,departamento-en-pozo,,,,,,,,08/12/2025,,Asuncion,,,,,,,,,,,,,,,,,,,,,,,,,,,,1.0,,
https://century21.com.py/propiedad/40239_departamento-en-pozo-en-venta-en-recoleta-asuncion-paraguay,departamento-en-pozo,,,,,,,,08/12/2025,,Asuncion,,,,,,,,,,,,,,,,,,,,,,,,,,,,1.0,,
https://century21.com.py/propiedad/40182_departamento-en-pozo-en-venta-en-recoleta-asuncion-paraguay,departamento-en-pozo,,,,,,,,08/12/2025,,Asuncion,,,,,,,,,,,,,,,,,,,,,,,,,,,,1.0,,
https://century21.com.py/propiedad/40236_departamento-en-venta-en-mburucuya-asuncion-paraguay,departamento,,,,,,,,08/12/2025,,Asuncion,,,,,,,,,,,,,,,,,,,,,,,,,,,,1.0,,
https://century21.com.py/propiedad/39155_edificio-en-venta-en-catedral-asuncion-paraguay,edificio,,,,,,,,08/12/2025,,Asuncion,,,,,,,,,,,,,,,,,,,,,,,,,,,,1.0,,
https://century21.com.py/propiedad/40234_oficinas-en-renta-en-salvador-del-mundo-asuncion-paraguay,oficinas,,,,,,,,08/12/2025,,Asuncion,,,,,,,,,,,,,,,,,,,,,,,,,,,,1.0,,
https://century21.com.py/propiedad/40227_departamento-en-pozo-en-venta-en-herrera-asuncion-paraguay,departamento-en-pozo,,,,,,,,08/12/2025,,Asuncion,,,,,,,,,,,,,,,,,,,,,,,,,,,,1.0,,
https://century21.com.py/propiedad/39302_departamento-en-venta-en-san-roque-asuncion-paraguay,departamento,,,,,,,,08/12/2025,,Asuncion,,,,,,,,,,,,,,,,,,,,,,,,,,,,1.0,,
https://century21.com.py/propiedad/40225_departamento-en-pozo-en-venta-en-herrera-asuncion-paraguay,departamento-en-pozo,,,,,,,,08/12/2025,,Asuncion,,,,,,,,,,,,,,,,,,,,,,,,,,,,1.0,,
https://century21.com.py/propiedad/39921_inmueble-productivo-en-venta-en-pinoza-asuncion-paraguay,inmueble-productivo,,,,,,,,08/12/2025,,Asuncion,,,,,,,,,,,,,,,,,,,,,,,,,,,,1.0,,
https://century21.com.py/propiedad/40221_departamento-en-pozo-en-venta-en-herrera-asuncion-paraguay,departamento-en-pozo,,,,,,,,08/12/2025,,Asuncion,,,,,,,,,,,,,,,,,,,,,,,,,,,,1.0,,
https://century21.com.py/propiedad/40218_departamento-en-pozo-en-venta-en-herrera-asuncion-paraguay,departamento-en-pozo,,,,,,,,08/12/2025,,Asuncion,,,,,,,,,,,,,,,,,,,,,,,,,,,,1.0,,
https://century21.com.py/propiedad/40217_departamento-en-pozo-en-venta-en-herrera-asuncion-paraguay,departamento-en-pozo,,,,,,,,08/12/2025,,Asuncion,,,,,,,,,,,,,,,,,,,,,,,,,,,,1.0,,
https://century21.com.py/propiedad/40215_departamento-en-pozo-en-venta-en-herrera-asuncion-paraguay,departamento-en-pozo,,,,,,,,08/12/2025,,Asuncion,,,,,,,,,,,,,,,,,,,,,,,,,,,,1.0,,
https://century21.com.py/propiedad/40203_departamento-en-pozo-en-venta-en-villa-morra-asuncion-paraguay,departamento-en-pozo,,,,,,,,08/12/2025,,Asuncion,,,,,,,,,,,,,,,,,,,,,,,,,,,,1.0,,
https://century21.com.py/propiedad/40200_departamento-en-pozo-en-venta-en-villa-morra-asuncion-paraguay,departamento-en-pozo,,,,,,,,08/12/2025,,Asuncion,,,,,,,,,,,,,,,,,,,,,,,,,,,,1.0,,
https://century21.com.py/propiedad/40197_departamento-en-pozo-en-venta-en-villa-morra-asuncion-paraguay,departamento-en-pozo,,,,,,,,08/12/2025,,Asuncion,,,,,,,,,,,,,,,,,,,,,,,,,,,,1.0,,
https://century21.com.py/propiedad/40194_departamento-en-pozo-en-venta-en-villa-morra-asuncion-paraguay,departamento-en-pozo,,,,,,,,08/12/2025,,Asuncion,,,,,,,,,,,,,,,,,,,,,,,,,,,,1.0,,
https://century21.com.py/propiedad/40191_departamento-en-pozo-en-venta-en-villa-morra-asuncion-paraguay,departamento-en-pozo,,,,,,,,08/12/2025,,Asuncion,,,,,,,,,,,,,,,,,,,,,,,,,,,,1.0,,
https://century21.com.py/propiedad/40190_departamento-en-pozo-en-venta-en-villa-morra-asuncion-paraguay,departamento-en-pozo,,,,,,,,08/12/2025,,Asuncion,,,,,,,,,,,,,,,,,,,,,,,,,,,,1.0,,
https://century21.com.py/propiedad/40189_departamento-en-pozo-en-venta-en-villa-morra-asuncion-paraguay,departamento-en-pozo,,,,,,,,08/12/2025,,Asuncion,,,,,,,,,,,,,,,,,,,,,,,,,,,,1.0,,
https://century21.com.py/propiedad/40187_departamento-en-pozo-en-venta-en-villa-morra-asuncion-paraguay,departamento-en-pozo,,,,,,,,08/12/2025,,Asuncion,,,,,,,,,,,,,,,,,,,,,,,,,,,,1.0,,
https://century21.com.py/propiedad/40186_departamento-en-pozo-en-venta-en-villa-morra-asuncion-paraguay,departamento-en-pozo,,,,,,,,08/12/2025,,Asuncion,,,,,,,,,,,,,,,,,,,,,,,,,,,,1.0,,
https://century21.com.py/propiedad/40185_departamento-en-pozo-en-venta-en-villa-morra-asuncion-paraguay,departamento-en-pozo,,,,,,,,08/12/2025,,Asuncion,,,,,,,,,,,,,,,,,,,,,,,,,,,,1.0,,
https://century21.com.py/propiedad/40176_departamento-en-pozo-en-venta-en-villa-morra-asuncion-paraguay,departamento-en-pozo,,,,,,,,08/12/2025,,Asuncion,,,,,,,,,,,,,,,,,,,,,,,,,,,,1.0,,
https://century21.com.py/propiedad/40181_oficinas-en-renta-en-recoleta-asuncion-paraguay,oficinas,,,,,,,,08/12/2025,,Asuncion,,,,,,,,,,,,,,,,,,,,,,,,,,,,1.0,,
https://century21.com.py/propiedad/40177_oficinas-en-renta-en-recoleta-asuncion-paraguay,oficinas,,,,,,,,08/12/2025,,Asuncion,,,,,,,,,,,,,,,,,,,,,,,,,,,,1.0,,
https://century21.com.py/propiedad/40174_departamento-en-pozo-en-venta-en-herrera-asuncion-paraguay,departamento-en-pozo,,,,,,,,08/12/2025,,Asuncion,,,,,,,,,,,,,,,,,,,,,,,,,,,,1.0,,
https://century21.com.py/propiedad/40173_departamento-en-pozo-en-venta-en-herrera-asuncion-paraguay,departamento-en-pozo,,,,,,,,08/12/2025,,Asuncion,,,,,,,,,,,,,,,,,,,,,,,,,,,,1.0,,
https://century21.com.py/propiedad/40172_departamento-en-pozo-en-venta-en-herrera-asuncion-paraguay,departamento-en-pozo,,,,,,,,08/12/2025,,Asuncion,,,,,,,,,,,,,,,,,,,,,,,,,,,,1.0,,
https://century21.com.py/propiedad/40171_departamento-en-pozo-en-venta-en-villa-morra-asuncion-paraguay,departamento-en-pozo,,,,,,,,08/12/2025,,Asuncion,,,,,,,,,,,,,,,,,,,,,,,,,,,,1.0,,
https://century21.com.py/propiedad/40161_departamento-en-pozo-en-venta-en-villa-morra-asuncion-paraguay,departamento-en-pozo,,,,,,,,08/12/2025,,Asuncion,,,,,,,,,,,,,,,,,,,,,,,,,,,,1.0,,
https://century21.com.py/propiedad/40170_departamento-en-pozo-en-venta-en-villa-morra-asuncion-paraguay,departamento-en-pozo,,,,,,,,08/12/2025,,Asuncion,,,,,,,,,,,,,,,,,,,,,,,,,,,,1.0,,
https://century21.com.py/propiedad/40169_departamento-en-pozo-en-venta-en-villa-morra-asuncion-paraguay,departamento-en-pozo,,,,,,,,08/12/2025,,Asuncion,,,,,,,,,,,,,,,,,,,,,,,,,,,,1.0,,
https://century21.com.py/propiedad/40168_departamento-en-pozo-en-venta-en-villa-morra-asuncion-paraguay,departamento-en-pozo,,,,,,,,08/12/2025,,Asuncion,,,,,,,,,,,,,,,,,,,,,,,,,,,,1.0,,
https://century21.com.py/propiedad/40167_departamento-en-pozo-en-venta-en-villa-morra-asuncion-paraguay,departamento-en-pozo,,,,,,,,08/12/2025,,Asuncion,,,,,,,,,,,,,,,,,,,,,,,,,,,,1.0,,
https://century21.com.py/propiedad/40165_departamento-en-pozo-en-venta-en-villa-morra-asuncion-paraguay,departamento-en-pozo,,,,,,,,08/12/2025,,Asuncion,,,,,,,,,,,,,,,,,,,,,,,,,,,,1.0,,
https://century21.com.py/propiedad/40164_departamento-en-pozo-en-venta-en-villa-morra-asuncion-paraguay,departamento-en-pozo,,,,,,,,08/12/2025,,Asuncion,,,,,,,,,,,,,,,,,,,,,,,,,,,,1.0,,
https://century21.com.py/propiedad/40163_departamento-en-pozo-en-venta-en-villa-morra-asuncion-paraguay,departamento-en-pozo,,,,,,,,08/12/2025,,Asuncion,,,,,,,,,,,,,,,,,,,,,,,,,,,,1.0,,
https://century21.com.py/propiedad/40162_departamento-en-pozo-en-venta-en-villa-morra-asuncion-paraguay,departamento-en-pozo,,,,,,,,08/12/2025,,Asuncion,,,,,,,,,,,,,,,,,,,,,,,,,,,,1.0,,
https://century21.com.py/propiedad/40138_departamento-en-pozo-en-venta-en-villa-morra-asuncion-paraguay,departamento-en-pozo,,,,,,,,08/12/2025,,Asuncion,,,,,,,,,,,,,,,,,,,,,,,,,,,,1.0,,
https://century21.com.py/propiedad/40160_departamento-en-pozo-en-venta-en-villa-morra-asuncion-paraguay,departamento-en-pozo,,,,,,,,08/12/2025,,Asuncion,,,,,,,,,,,,,,,,,,,,,,,,,,,,1.0,,
https://century21.com.py/propiedad/40159_departamento-en-pozo-en-venta-en-villa-morra-asuncion-paraguay,departamento-en-pozo,,,,,,,,08/12/2025,,Asuncion,,,,,,,,,,,,,,,,,,,,,,,,,,,,1.0,,
https://century21.com.py/propiedad/40156_departamento-en-pozo-en-venta-en-villa-morra-asuncion-paraguay,departamento-en-pozo,,,,,,,,08/12/2025,,Asuncion,,,,,,,,,,,,,,,,,,,,,,,,,,,,1.0,,
https://century21.com.py/propiedad/40143_departamento-en-pozo-en-venta-en-recoleta-asuncion-paraguay,departamento-en-pozo,,,,,,,,08/12/2025,,Asuncion,,,,,,,,,,,,,,,,,,,,,,,,,,,,1.0,,
https://century21.com.py/propiedad/40141_departamento-en-pozo-en-venta-en-recoleta-asuncion-paraguay,departamento-en-pozo,,,,,,,,08/12/2025,,Asuncion,,,,,,,,,,,,,,,,,,,,,,,,,,,,1.0,,
https://century21.com.py/propiedad/40140_departamento-en-pozo-en-venta-en-recoleta-asuncion-paraguay,departamento-en-pozo,,,,,,,,08/12/2025,,Asuncion,,,,,,,,,,,,,,,,,,,,,,,,,,,,1.0,,
https://century21.com.py/propiedad/40139_departamento-en-pozo-en-venta-en-recoleta-asuncion-paraguay,departamento-en-pozo,,,,,,,,08/12/2025,,Asuncion,,,,,,,,,,,,,,,,,,,,,,,,,,,,1.0,,
https://century21.com.py/propiedad/40131_casa-duplex-en-renta-en-canada-del-ybyray-asuncion-paraguay,casa-duplex,,,,,,,,08/12/2025,,Asuncion,,,,,,,,,,,,,,,,,,,,,,,,,,,,1.0,,
https://century21.com.py/propiedad/39803_terreno-en-venta-en-nazareth-asuncion-paraguay,terreno,,,,,,,,08/12/2025,,Asuncion,,,,,,,,,,,,,,,,,,,,,,,,,,,,1.0,,
https://century21.com.py/propiedad/40128_quinta-en-venta-en-san-roque-asuncion-paraguay,quinta,,,,,,,,08/12/2025,,Asuncion,,,,,,,,,,,,,,,,,,,,,,,,,,,,1.0,,
https://century21.com.py/propiedad/40105_oficinas-en-renta-en-recoleta-asuncion-paraguay,oficinas,,,,,,,,08/12/2025,,Asuncion,,,,,,,,,,,,,,,,,,,,,,,,,,,,1.0,,
https://century21.com.py/propiedad/40029_oficinas-en-renta-en-terminal-asuncion-paraguay,oficinas,,,,,,,,08/12/2025,,Asuncion,,,,,,,,,,,,,,,,,,,,,,,,,,,,1.0,,
https://century21.com.py/propiedad/40126_departamento-en-pozo-en-venta-en-villa-morra-asuncion-paraguay,departamento-en-pozo,,,,,,,,08/12/2025,,Asuncion,,,,,,,,,,,,,,,,,,,,,,,,,,,,1.0,,
https://century21.com.py/propiedad/40123_departamento-en-pozo-en-venta-en-villa-morra-asuncion-paraguay,departamento-en-pozo,,,,,,,,08/12/2025,,Asuncion,,,,,,,,,,,,,,,,,,,,,,,,,,,,1.0,,
https://century21.com.py/propiedad/40119_departamento-en-pozo-en-venta-en-villa-morra-asuncion-paraguay,departamento-en-pozo,,,,,,,,08/12/2025,,Asuncion,,,,,,,,,,,,,,,,,,,,,,,,,,,,1.0,,
https://century21.com.py/propiedad/40115_departamento-en-pozo-en-venta-en-villa-morra-asuncion-paraguay,departamento-en-pozo,,,,,,,,08/12/2025,,Asuncion,,,,,,,,,,,,,,,,,,,,,,,,,,,,1.0,,
https://century21.com.py/propiedad/40112_departamento-en-pozo-en-venta-en-herrera-asuncion-paraguay,departamento-en-pozo,,,,,,,,08/12/2025,,Asuncion,,,,,,,,,,,,,,,,,,,,,,,,,,,,1.0,,
https://century21.com.py/propiedad/40111_departamento-en-pozo-en-venta-en-herrera-asuncion-paraguay,departamento-en-pozo,,,,,,,,08/12/2025,,Asuncion,,,,,,,,,,,,,,,,,,,,,,,,,,,,1.0,,
https://century21.com.py/propiedad/40110_departamento-en-pozo-en-venta-en-herrera-asuncion-paraguay,departamento-en-pozo,,,,,,,,08/12/2025,,Asuncion,,,,,,,,,,,,,,,,,,,,,,,,,,,,1.0,,
https://century21.com.py/propiedad/40109_departamento-en-pozo-en-venta-en-herrera-asuncion-paraguay,departamento-en-pozo,,,,,,,,08/12/2025,,Asuncion,,,,,,,,,,,,,,,,,,,,,,,,,,,,1.0,,
https://century21.com.py/propiedad/40108_departamento-en-pozo-en-venta-en-herrera-asuncion-paraguay,departamento-en-pozo,,,,,,,,08/12/2025,,Asuncion,,,,,,,,,,,,,,,,,,,,,,,,,,,,1.0,,
https://century21.com.py/propiedad/40102_departamento-en-pozo-en-venta-en-villa-morra-asuncion-paraguay,departamento-en-pozo,,,,,,,,08/12/2025,,Asuncion,,,,,,,,,,,,,,,,,,,,,,,,,,,,1.0,,
https://century21.com.py/propiedad/40088_departamento-en-pozo-en-venta-en-herrera-asuncion-paraguay,departamento-en-pozo,,,,,,,,08/12/2025,,Asuncion,,,,,,,,,,,,,,,,,,,,,,,,,,,,1.0,,
https://century21.com.py/propiedad/40069_oficinas-en-venta-en-bernardino-caballero-asuncion-paraguay,oficinas,,,,,,,,08/12/2025,,Asuncion,,,,,,,,,,,,,,,,,,,,,,,,,,,,1.0,,
https://century21.com.py/propiedad/40083_departamento-en-renta-en-ycua-sati-asuncion-paraguay,departamento,,,,,,,,08/12/2025,,Asuncion,,,,,,,,,,,,,,,,,,,,,,,,,,,,1.0,,
https://century21.com.py/propiedad/40081_departamento-en-renta-en-herrera-asuncion-paraguay,departamento,,,,,,,,08/12/2025,,Asuncion,,,,,,,,,,,,,,,,,,,,,,,,,,,,1.0,,
https://century21.com.py/propiedad/40053_terreno-en-venta-en-lambare-central-paraguay,terreno,,,,,,,,08/12/2025,,Asuncion,,,,,,,,,,,,,,,,,,,,,,,,,,,,1.0,,
https://century21.com.py/propiedad/40056_casa-en-venta-en-ciudad-nueva-asuncion-paraguay,casa,,,,,,,,08/12/2025,,Asuncion,,,,,,,,,,,,,,,,,,,,,,,,,,,,1.0,,
https://century21.com.py/propiedad/40064_departamento-en-pozo-en-venta-en-mburucuya-asuncion-paraguay,departamento-en-pozo,,,,,,,,08/12/2025,,Asuncion,,,,,,,,,,,,,,,,,,,,,,,,,,,,1.0,,
https://century21.com.py/propiedad/40063_departamento-en-pozo-en-venta-en-mburucuya-asuncion-paraguay,departamento-en-pozo,,,,,,,,08/12/2025,,Asuncion,,,,,,,,,,,,,,,,,,,,,,,,,,,,1.0,,
https://century21.com.py/propiedad/40062_departamento-en-pozo-en-venta-en-mburucuya-asuncion-paraguay,departamento-en-pozo,,,,,,,,08/12/2025,,Asuncion,,,,,,,,,,,,,,,,,,,,,,,,,,,,1.0,,
https://century21.com.py/propiedad/40060_departamento-en-pozo-en-venta-en-mburucuya-asuncion-paraguay,departamento-en-pozo,,,,,,,,08/12/2025,,Asuncion,,,,,,,,,,,,,,,,,,,,,,,,,,,,1.0,,
https://century21.com.py/propiedad/40059_departamento-en-pozo-en-venta-en-mburucuya-asuncion-paraguay,departamento-en-pozo,,,,,,,,08/12/2025,,Asuncion,,,,,,,,,,,,,,,,,,,,,,,,,,,,1.0,,
https://century21.com.py/propiedad/40058_departamento-en-pozo-en-venta-en-ycua-sati-asuncion-paraguay,departamento-en-pozo,,,,,,,,08/12/2025,,Asuncion,,,,,,,,,,,,,,,,,,,,,,,,,,,,1.0,,
https://century21.com.py/propiedad/40057_departamento-en-pozo-en-venta-en-ycua-sati-asuncion-paraguay,departamento-en-pozo,,,,,,,,08/12/2025,,Asuncion,,,,,,,,,,,,,,,,,,,,,,,,,,,,1.0,,
https://century21.com.py/propiedad/40055_departamento-en-venta-en-barrio-jara-asuncion-paraguay,departamento,,,,,,,,08/12/2025,,Asuncion,,,,,,,,,,,,,,,,,,,,,,,,,,,,1.0,,
https://century21.com.py/propiedad/40047_departamento-en-pozo-en-venta-en-villa-morra-asuncion-paraguay,departamento-en-pozo,,,,,,,,08/12/2025,,Asuncion,,,,,,,,,,,,,,,,,,,,,,,,,,,,1.0,,
https://century21.com.py/propiedad/40045_departamento-en-pozo-en-venta-en-villa-morra-asuncion-paraguay,departamento-en-pozo,,,,,,,,08/12/2025,,Asuncion,,,,,,,,,,,,,,,,,,,,,,,,,,,,1.0,,
https://century21.com.py/propiedad/40015_terreno-en-venta-en-itaugua-central-paraguay,terreno,,,,,,,,08/12/2025,,Asuncion,,,,,,,,,,,,,,,,,,,,,,,,,,,,1.0,,
https://century21.com.py/propiedad/40043_departamento-en-pozo-en-venta-en-villa-morra-asuncion-paraguay,departamento-en-pozo,,,,,,,,08/12/2025,,Asuncion,,,,,,,,,,,,,,,,,,,,,,,,,,,,1.0,,
https://century21.com.py/propiedad/40007_casa-en-venta-en-gral.-diaz-asuncion-paraguay,casa,,,,,,,,08/12/2025,,Asuncion,,,,,,,,,,,,,,,,,,,,,,,,,,,,1.0,,
https://century21.com.py/propiedad/39979_terreno-en-venta-en-recoleta-asuncion-paraguay,1,,,,,,,,08/12/2025,,Asuncion,,,,,,,,,,,,,,,,,,,,,,,,,,,,1.0,,
https://century21.com.py/propiedad/39988_departamento-en-pozo-en-venta-en-las-lomas-asuncion-paraguay,departamento-en-pozo,,,,,,,,08/12/2025,,Asuncion,,,,,,,,,,,,,,,,,,,,,,,,,,,,1.0,,
https://century21.com.py/propiedad/39986_departamento-en-pozo-en-venta-en-las-lomas-asuncion-paraguay,departamento-en-pozo,,,,,,,,08/12/2025,,Asuncion,,,,,,,,,,,,,,,,,,,,,,,,,,,,1.0,,
https://century21.com.py/propiedad/39983_departamento-en-pozo-en-venta-en-las-lomas-asuncion-paraguay,departamento-en-pozo,,,,,,,,08/12/2025,,Asuncion,,,,,,,,,,,,,,,,,,,,,,,,,,,,1.0,,
https://century21.com.py/propiedad/39955_departamento-en-venta-en-mme.-lynch-asuncion-paraguay,departamento,,,,,,,,08/12/2025,,Asuncion,,,,,,,,,,,,,,,,,,,,,,,,,,,,1.0,,
https://century21.com.py/propiedad/39578_oficinas-en-venta-en-san-vicente-asuncion-paraguay,oficinas,,,,,,,,08/12/2025,,Asuncion,,,,,,,,,,,,,,,,,,,,,,,,,,,,1.0,,
https://century21.com.py/propiedad/39945_departamento-en-venta-en-los-laureles-asuncion-paraguay,departamento,,,,,,,,08/12/2025,,Asuncion,,,,,,,,,,,,,,,,,,,,,,,,,,,,1.0,,
https://century21.com.py/propiedad/39926_casa-en-venta-en-las-mercedes-asuncion-paraguay,casa,,,,,,,,08/12/2025,,Asuncion,,,,,,,,,,,,,,,,,,,,,,,,,,,,1.0,,
https://century21.com.py/propiedad/39941_departamento-en-venta-en-virgen-del-huerto-asuncion-paraguay,departamento,,,,,,,,08/12/2025,,Asuncion,,,,,,,,,,,,,,,,,,,,,,,,,,,,1.0,,
https://century21.com.py/propiedad/39311_terreno-en-venta-en-jose-falcon-presidente-hayes-paraguay,terreno,,,,,,,,08/12/2025,,Asuncion,,,,,,,,,,,,,,,,,,,,,,,,,,,,1.0,,
https://century21.com.py/propiedad/39928_departamento-en-venta-en-las-mercedes-asuncion-paraguay,departamento,,,,,,,,08/12/2025,,Asuncion,,,,,,,,,,,,,,,,,,,,,,,,,,,,1.0,,
https://century21.com.py/propiedad/39563_departamento-en-venta-en-las-lomas-asuncion-paraguay,departamento,,,,,,,,08/12/2025,,Asuncion,,,,,,,,,,,,,,,,,,,,,,,,,,,,1.0,,
https://century21.com.py/propiedad/39920_departamento-en-venta-en-las-mercedes-asuncion-paraguay,departamento,,,,,,,,08/12/2025,,Asuncion,,,,,,,,,,,,,,,,,,,,,,,,,,,,1.0,,
https://century21.com.py/propiedad/39923_departamento-en-venta-en-san-roque-asuncion-paraguay,departamento,,,,,,,,08/12/2025,,Asuncion,,,,,,,,,,,,,,,,,,,,,,,,,,,,1.0,,
https://century21.com.py/propiedad/39915_casa-en-venta-en-mburucuya-asuncion-paraguay,casa,,,,,,,,08/12/2025,,Asuncion,,,,,,,,,,,,,,,,,,,,,,,,,,,,1.0,,
https://century21.com.py/propiedad/39918_casa-en-venta-en-sajonia-asuncion-paraguay,casa,,,,,,,,08/12/2025,,Asuncion,,,,,,,,,,,,,,,,,,,,,,,,,,,,1.0,,
https://century21.com.py/propiedad/39907_local-en-venta-en-mcal.-lopez-asuncion-paraguay,local,,,,,,,,08/12/2025,,Asuncion,,,,,,,,,,,,,,,,,,,,,,,,,,,,1.0,,
https://century21.com.py/propiedad/39869_departamento-en-pozo-en-venta-en-las-mercedes-asuncion-paraguay,departamento-en-pozo,,,,,,,,08/12/2025,,Asuncion,,,,,,,,,,,,,,,,,,,,,,,,,,,,1.0,,
https://century21.com.py/propiedad/39868_departamento-en-pozo-en-venta-en-las-mercedes-asuncion-paraguay,departamento-en-pozo,,,,,,,,08/12/2025,,Asuncion,,,,,,,,,,,,,,,,,,,,,,,,,,,,1.0,,
https://century21.com.py/propiedad/39863_departamento-en-pozo-en-venta-en-las-mercedes-asuncion-paraguay,departamento-en-pozo,,,,,,,,08/12/2025,,Asuncion,,,,,,,,,,,,,,,,,,,,,,,,,,,,1.0,,
https://century21.com.py/propiedad/39847_departamento-en-pozo-en-venta-en-las-mercedes-asuncion-paraguay,departamento-en-pozo,,,,,,,,08/12/2025,,Asuncion,,,,,,,,,,,,,,,,,,,,,,,,,,,,1.0,,
https://century21.com.py/propiedad/39840_departamento-en-venta-en-ycua-sati-asuncion-paraguay,departamento,,,,,,,,08/12/2025,,Asuncion,,,,,,,,,,,,,,,,,,,,,,,,,,,,1.0,,
https://century21.com.py/propiedad/39776_local-en-renta-en-villa-morra-asuncion-paraguay,local,,,,,,,,08/12/2025,,Asuncion,,,,,,,,,,,,,,,,,,,,,,,,,,,,1.0,,
https://century21.com.py/propiedad/39762_inmueble-productivo-en-venta-en-pinoza-asuncion-paraguay,inmueble-productivo,,,,,,,,08/12/2025,,Asuncion,,,,,,,,,,,,,,,,,,,,,,,,,,,,1.0,,
https://century21.com.py/propiedad/39680_casa-duplex-en-venta-en-las-lomas-asuncion-paraguay,casa-duplex,,,,,,,,08/12/2025,,Asuncion,,,,,,,,,,,,,,,,,,,,,,,,,,,,1.0,,
https://century21.com.py/propiedad/39668_terreno-en-venta-en-nazareth-asuncion-paraguay,terreno,,,,,,,,08/12/2025,,Asuncion,,,,,,,,,,,,,,,,,,,,,,,,,,,,1.0,,
https://century21.com.py/propiedad/39678_departamento-en-pozo-en-venta-en-las-lomas-asuncion-paraguay,departamento-en-pozo,,,,,,,,08/12/2025,,Asuncion,,,,,,,,,,,,,,,,,,,,,,,,,,,,1.0,,
https://century21.com.py/propiedad/39821_departamento-en-venta-en-san-jorge-asuncion-paraguay,departamento,,,,,,,,08/12/2025,,Asuncion,,,,,,,,,,,,,,,,,,,,,,,,,,,,1.0,,
https://century21.com.py/propiedad/39709_departamento-en-venta-en-la-encarnacion-asuncion-paraguay,departamento,,,,,,,,08/12/2025,,Asuncion,,,,,,,,,,,,,,,,,,,,,,,,,,,,1.0,,
https://century21.com.py/propiedad/39813_terreno-en-venta-en-ypane-central-paraguay,terreno,,,,,,,,08/12/2025,,Asuncion,,,,,,,,,,,,,,,,,,,,,,,,,,,,1.0,,
https://century21.com.py/propiedad/39808_casa-duplex-en-venta-en-fernando-de-la-mora-central-paraguay,casa-duplex,,,,,,,,08/12/2025,,Asuncion,,,,,,,,,,,,,,,,,,,,,,,,,,,,1.0,,
https://century21.com.py/propiedad/39807_casa-duplex-en-venta-en-fernando-de-la-mora-central-paraguay,casa-duplex,,,,,,,,08/12/2025,,Asuncion,,,,,,,,,,,,,,,,,,,,,,,,,,,,1.0,,
https://century21.com.py/propiedad/39806_casa-duplex-en-venta-en-fernando-de-la-mora-central-paraguay,casa-duplex,,,,,,,,08/12/2025,,Asuncion,,,,,,,,,,,,,,,,,,,,,,,,,,,,1.0,,
https://century21.com.py/propiedad/38893_casa-duplex-en-venta-en-fernando-de-la-mora-central-paraguay,casa-duplex,,,,,,,,08/12/2025,,Asuncion,,,,,,,,,,,,,,,,,,,,,,,,,,,,1.0,,
https://century21.com.py/propiedad/39682_casa-duplex-en-venta-en-fernando-de-la-mora-central-paraguay,casa-duplex,,,,,,,,08/12/2025,,Asuncion,,,,,,,,,,,,,,,,,,,,,,,,,,,,1.0,,
https://century21.com.py/propiedad/39732_departamento-en-pozo-en-venta-en-ycua-sati-asuncion-paraguay,departamento-en-pozo,,,,,,,,08/12/2025,,Asuncion,,,,,,,,,,,,,,,,,,,,,,,,,,,,1.0,,
https://century21.com.py/propiedad/39782_departamento-en-pozo-en-venta-en-mburucuya-asuncion-paraguay,departamento-en-pozo,,,,,,,,08/12/2025,,Asuncion,,,,,,,,,,,,,,,,,,,,,,,,,,,,1.0,,
https://century21.com.py/propiedad/39779_departamento-en-pozo-en-venta-en-mburucuya-asuncion-paraguay,departamento-en-pozo,,,,,,,,08/12/2025,,Asuncion,,,,,,,,,,,,,,,,,,,,,,,,,,,,1.0,,
https://century21.com.py/propiedad/39773_departamento-en-venta-en-las-mercedes-asuncion-paraguay,departamento,,,,,,,,08/12/2025,,Asuncion,,,,,,,,,,,,,,,,,,,,,,,,,,,,1.0,,
https://century21.com.py/propiedad/39712_casa-en-venta-en-mburucuya-asuncion-paraguay,casa,,,,,,,,08/12/2025,,Asuncion,,,,,,,,,,,,,,,,,,,,,,,,,,,,1.0,,
https://century21.com.py/propiedad/39760_departamento-en-venta-en-salvador-del-mundo-asuncion-paraguay,departamento,,,,,,,,08/12/2025,,Asuncion,,,,,,,,,,,,,,,,,,,,,,,,,,,,1.0,,
https://century21.com.py/propiedad/39764_departamento-en-renta-en-las-lomas-asuncion-paraguay,departamento,,,,,,,,08/12/2025,,Asuncion,,,,,,,,,,,,,,,,,,,,,,,,,,,,1.0,,
https://century21.com.py/propiedad/39757_nave-en-venta-en-sajonia-asuncion-paraguay,nave,,,,,,,,08/12/2025,,Asuncion,,,,,,,,,,,,,,,,,,,,,,,,,,,,1.0,,
https://century21.com.py/propiedad/39582_departamento-en-pozo-en-venta-en-ycua-sati-asuncion-paraguay,departamento-en-pozo,,,,,,,,08/12/2025,,Asuncion,,,,,,,,,,,,,,,,,,,,,,,,,,,,1.0,,
https://century21.com.py/propiedad/39743_departamento-en-pozo-en-venta-en-las-lomas-asuncion-paraguay,departamento-en-pozo,,,,,,,,08/12/2025,,Asuncion,,,,,,,,,,,,,,,,,,,,,,,,,,,,1.0,,
https://century21.com.py/propiedad/39647_departamento-en-pozo-en-venta-en-mariano-roque-alonso-central-paraguay,departamento-en-pozo,,,,,,,,08/12/2025,,Asuncion,,,,,,,,,,,,,,,,,,,,,,,,,,,,1.0,,
https://century21.com.py/propiedad/43225_terreno-en-venta-en-lambare-central-paraguay,terreno,,,,,,,,14/12/2025,,Asuncion,,,,,,,,,,,,,,,,,,,,,,,,,,,,1.0,,
https://century21.com.py/propiedad/43239_casa-duplex-en-venta-en-loma-pyta-asuncion-paraguay,casa-duplex,,,,,,,,14/12/2025,,Asuncion,,,,,,,,,,,,,,,,,,,,,,,,,,,,1.0,,
https://century21.com.py/propiedad/43242_departamento-en-venta-en-las-lomas-asuncion-paraguay,departamento,,,,,,,,14/12/2025,,Asuncion,,,,,,,,,,,,,,,,,,,,,,,,,,,,1.0,,
https://century21.com.py/propiedad/43244_departamento-en-pozo-en-venta-en-las-lomas-asuncion-paraguay,Sin Tipo,,,,,,,,14/12/2025,,Asuncion,,,,,,,,,,,,,,,,,,,,,,,,,,,,1.0,,
https://century21.com.py/propiedad/43243_departamento-en-pozo-en-venta-en-las-lomas-asuncion-paraguay,departamento-en-pozo,,,,,,,,14/12/2025,,Asuncion,,,,,,,,,,,,,,,,,,,,,,,,,,,,1.0,,
https://century21.com.py/propiedad/43228_casa-en-condominio-en-renta-en-fernando-de-la-mora-central-paraguay,casa-en-condominio,,,,,,,,14/12/2025,,Asuncion,,,,,,,,,,,,,,,,,,,,,,,,,,,,1.0,,
https://century21.com.py/propiedad/43168_casa-en-venta-en-aregua-central-paraguay,casa,,,,,,,,14/12/2025,,Asuncion,,,,,,,,,,,,,,,,,,,,,,,,,,,,1.0,,
https://century21.com.py/propiedad/43234_edificio-en-venta-en-25-de-diciembre-san-pedro-paraguay,edificio,,,,,,,,14/12/2025,,Asuncion,,,,,,,,,,,,,,,,,,,,,,,,,,,,1.0,,
https://century21.com.py/propiedad/43151_departamento-en-renta-en-las-mercedes-asuncion-paraguay,departamento,,,,,,,,14/12/2025,,Asuncion,,,,,,,,,,,,,,,,,,,,,,,,,,,,1.0,,
https://century21.com.py/propiedad/43176_departamento-en-pozo-en-venta-en-las-carmelitas-asuncion-paraguay,departamento-en-pozo,,,,,,,,14/12/2025,,Asuncion,,,,,,,,,,,,,,,,,,,,,,,,,,,,1.0,,
https://century21.com.py/propiedad/43175_departamento-en-pozo-en-venta-en-las-carmelitas-asuncion-paraguay,departamento-en-pozo,,,,,,,,14/12/2025,,Asuncion,,,,,,,,,,,,,,,,,,,,,,,,,,,,1.0,,
https://century21.com.py/propiedad/43172_departamento-en-pozo-en-venta-en-las-carmelitas-asuncion-paraguay,departamento-en-pozo,,,,,,,,14/12/2025,,Asuncion,,,,,,,,,,,,,,,,,,,,,,,,,,,,1.0,,
https://century21.com.py/propiedad/43171_departamento-en-pozo-en-venta-en-las-carmelitas-asuncion-paraguay,departamento-en-pozo,,,,,,,,14/12/2025,,Asuncion,,,,,,,,,,,,,,,,,,,,,,,,,,,,1.0,,
https://century21.com.py/propiedad/43169_departamento-en-pozo-en-venta-en-las-carmelitas-asuncion-paraguay,departamento-en-pozo,,,,,,,,14/12/2025,,Asuncion,,,,,,,,,,,,,,,,,,,,,,,,,,,,1.0,,
https://century21.com.py/propiedad/41717_departamento-en-venta-en-las-lomas-asuncion-paraguay,departamento,,,,,,,,14/12/2025,,Asuncion,,,,,,,,,,,,,,,,,,,,,,,,,,,,1.0,,
https://century21.com.py/propiedad/41714_departamento-en-venta-en-las-lomas-asuncion-paraguay,departamento,,,,,,,,14/12/2025,,Asuncion,,,,,,,,,,,,,,,,,,,,,,,,,,,,1.0,,
https://century21.com.py/propiedad/43212_departamento-en-venta-en-los-laureles-asuncion-paraguay,departamento,,,,,,,,14/12/2025,,Asuncion,,,,,,,,,,,,,,,,,,,,,,,,,,,,1.0,,
https://century21.com.py/propiedad/43209_departamento-en-venta-en-los-laureles-asuncion-paraguay,departamento,,,,,,,,14/12/2025,,Asuncion,,,,,,,,,,,,,,,,,,,,,,,,,,,,1.0,,
https://century21.com.py/propiedad/43207_departamento-en-venta-en-los-laureles-asuncion-paraguay,departamento,,,,,,,,14/12/2025,,Asuncion,,,,,,,,,,,,,,,,,,,,,,,,,,,,1.0,,
https://century21.com.py/propiedad/43206_departamento-en-venta-en-los-laureles-asuncion-paraguay,departamento,,,,,,,,14/12/2025,,Asuncion,,,,,,,,,,,,,,,,,,,,,,,,,,,,1.0,,
https://century21.com.py/propiedad/43205_departamento-en-venta-en-los-laureles-asuncion-paraguay,departamento,,,,,,,,14/12/2025,,Asuncion,,,,,,,,,,,,,,,,,,,,,,,,,,,,1.0,,
https://century21.com.py/propiedad/43204_departamento-en-venta-en-los-laureles-asuncion-paraguay,departamento,,,,,,,,14/12/2025,,Asuncion,,,,,,,,,,,,,,,,,,,,,,,,,,,,1.0,,
https://century21.com.py/propiedad/43203_departamento-en-venta-en-los-laureles-asuncion-paraguay,departamento,,,,,,,,14/12/2025,,Asuncion,,,,,,,,,,,,,,,,,,,,,,,,,,,,1.0,,
https://century21.com.py/propiedad/43202_departamento-en-venta-en-los-laureles-asuncion-paraguay,departamento,,,,,,,,14/12/2025,,Asuncion,,,,,,,,,,,,,,,,,,,,,,,,,,,,1.0,,
https://century21.com.py/propiedad/43201_departamento-en-venta-en-los-laureles-asuncion-paraguay,departamento,,,,,,,,14/12/2025,,Asuncion,,,,,,,,,,,,,,,,,,,,,,,,,,,,1.0,,
https://century21.com.py/propiedad/43200_departamento-en-venta-en-los-laureles-asuncion-paraguay,departamento,,,,,,,,14/12/2025,,Asuncion,,,,,,,,,,,,,,,,,,,,,,,,,,,,1.0,,
https://century21.com.py/propiedad/42075_departamento-en-venta-en-ycua-sati-asuncion-paraguay,departamento,,,,,,,,14/12/2025,,Asuncion,,,,,,,,,,,,,,,,,,,,,,,,,,,,1.0,,
https://century21.com.py/propiedad/43196_departamento-en-pozo-en-venta-en-las-lomas-asuncion-paraguay,departamento-en-pozo,,,,,,,,14/12/2025,,Asuncion,,,,,,,,,,,,,,,,,,,,,,,,,,,,1.0,,
https://century21.com.py/propiedad/43195_departamento-en-pozo-en-venta-en-las-lomas-asuncion-paraguay,departamento-en-pozo,,,,,,,,14/12/2025,,Asuncion,,,,,,,,,,,,,,,,,,,,,,,,,,,,1.0,,
https://century21.com.py/propiedad/43178_departamento-en-renta-en-mburucuya-asuncion-paraguay,departamento,,,,,,,,14/12/2025,,Asuncion,,,,,,,,,,,,,,,,,,,,,,,,,,,,1.0,,
https://century21.com.py/propiedad/43150_departamento-en-pozo-en-venta-en-ytay-asuncion-paraguay,departamento-en-pozo,,,,,,,,14/12/2025,,Asuncion,,,,,,,,,,,,,,,,,,,,,,,,,,,,1.0,,
https://century21.com.py/propiedad/43166_departamento-en-pozo-en-venta-en-villa-morra-asuncion-paraguay,departamento-en-pozo,,,,,,,,14/12/2025,,Asuncion,,,,,,,,,,,,,,,,,,,,,,,,,,,,1.0,,
https://century21.com.py/propiedad/43165_departamento-en-pozo-en-venta-en-villa-morra-asuncion-paraguay,departamento-en-pozo,,,,,,,,14/12/2025,,Asuncion,,,,,,,,,,,,,,,,,,,,,,,,,,,,1.0,,
https://century21.com.py/propiedad/42533_departamento-en-venta-en-ycua-sati-asuncion-paraguay,departamento,,,,,,,,14/12/2025,,Asuncion,,,,,,,,,,,,,,,,,,,,,,,,,,,,1.0,,
https://century21.com.py/propiedad/42061_departamento-en-venta-en-villa-aurelia-asuncion-paraguay,departamento,,,,,,,,14/12/2025,,Asuncion,,,,,,,,,,,,,,,,,,,,,,,,,,,,1.0,,
https://century21.com.py/propiedad/43140_departamento-en-pozo-en-venta-en-barrio-jara-asuncion-paraguay,departamento-en-pozo,,,,,,,,14/12/2025,,Asuncion,,,,,,,,,,,,,,,,,,,,,,,,,,,,1.0,,
https://century21.com.py/propiedad/43138_oficinas-en-renta-en-salvador-del-mundo-asuncion-paraguay,oficinas,,,,,,,,14/12/2025,,Asuncion,,,,,,,,,,,,,,,,,,,,,,,,,,,,1.0,,
https://century21.com.py/propiedad/43134_departamento-en-pozo-en-venta-en-villa-morra-asuncion-paraguay,departamento-en-pozo,,,,,,,,14/12/2025,,Asuncion,,,,,,,,,,,,,,,,,,,,,,,,,,,,1.0,,
https://century21.com.py/propiedad/43110_departamento-en-pozo-en-venta-en-recoleta-asuncion-paraguay,departamento-en-pozo,,,,,,,,14/12/2025,,Asuncion,,,,,,,,,,,,,,,,,,,,,,,,,,,,1.0,,
https://century21.com.py/propiedad/43109_departamento-en-pozo-en-venta-en-recoleta-asuncion-paraguay,departamento-en-pozo,,,,,,,,14/12/2025,,Asuncion,,,,,,,,,,,,,,,,,,,,,,,,,,,,1.0,,
https://century21.com.py/propiedad/43108_departamento-en-pozo-en-venta-en-recoleta-asuncion-paraguay,departamento-en-pozo,,,,,,,,14/12/2025,,Asuncion,,,,,,,,,,,,,,,,,,,,,,,,,,,,1.0,,
https://century21.com.py/propiedad/43092_casa-en-venta-en-santa-librada-asuncion-paraguay,casa,,,,,,,,14/12/2025,,Asuncion,,,,,,,,,,,,,,,,,,,,,,,,,,,,1.0,,
https://century21.com.py/propiedad/42962_departamento-en-venta-en-las-lomas-asuncion-paraguay,departamento,,,,,,,,14/12/2025,,Asuncion,,,,,,,,,,,,,,,,,,,,,,,,,,,,1.0,,
https://century21.com.py/propiedad/42978_terreno-en-venta-en-san-roque-asuncion-paraguay,terreno,,,,,,,,14/12/2025,,Asuncion,,,,,,,,,,,,,,,,,,,,,,,,,,,,1.0,,
https://century21.com.py/propiedad/42955_departamento-en-pozo-en-venta-en-villa-morra-asuncion-paraguay,departamento-en-pozo,,,,,,,,14/12/2025,,Asuncion,,,,,,,,,,,,,,,,,,,,,,,,,,,,1.0,,
https://century21.com.py/propiedad/42176_departamento-en-renta-en-las-mercedes-asuncion-paraguay,departamento,,,,,,,,14/12/2025,,Asuncion,,,,,,,,,,,,,,,,,,,,,,,,,,,,1.0,,
https://century21.com.py/propiedad/42843_departamento-en-pozo-en-venta-en-herrera-asuncion-paraguay,departamento-en-pozo,,,,,,,,14/12/2025,,Asuncion,,,,,,,,,,,,,,,,,,,,,,,,,,,,1.0,,
https://century21.com.py/propiedad/42798_departamento-en-venta-en-herrera-asuncion-paraguay,departamento,,,,,,,,14/12/2025,,Asuncion,,,,,,,,,,,,,,,,,,,,,,,,,,,,1.0,,
https://century21.com.py/propiedad/42809_departamento-en-pozo-en-venta-en-herrera-asuncion-paraguay,departamento-en-pozo,,,,,,,,14/12/2025,,Asuncion,,,,,,,,,,,,,,,,,,,,,,,,,,,,1.0,,
https://century21.com.py/propiedad/42787_departamento-en-pozo-en-venta-en-recoleta-asuncion-paraguay,departamento-en-pozo,,,,,,,,14/12/2025,,Asuncion,,,,,,,,,,,,,,,,,,,,,,,,,,,,1.0,,
https://century21.com.py/propiedad/42371_departamento-en-pozo-en-venta-en-las-lomas-asuncion-paraguay,departamento-en-pozo,,,,,,,,14/12/2025,,Asuncion,,,,,,,,,,,,,,,,,,,,,,,,,,,,1.0,,
https://century21.com.py/propiedad/42731_terreno-en-venta-en-sajonia-asuncion-paraguay,terreno,,,,,,,,14/12/2025,,Asuncion,,,,,,,,,,,,,,,,,,,,,,,,,,,,1.0,,
https://century21.com.py/propiedad/42718_terreno-en-venta-en-altos-cordillera-paraguay,terreno,,,,,,,,14/12/2025,,Asuncion,,,,,,,,,,,,,,,,,,,,,,,,,,,,1.0,,
https://century21.com.py/propiedad/42707_terreno-en-venta-en-altos-cordillera-paraguay,Sin Tipo,,,,,,,,14/12/2025,,Asuncion,,,,,,,,,,,,,,,,,,,,,,,,,,,,1.0,,
https://century21.com.py/propiedad/42696_terreno-en-venta-en-altos-cordillera-paraguay,Sin Tipo,,,,,,,,14/12/2025,,Asuncion,,,,,,,,,,,,,,,,,,,,,,,,,,,,1.0,,
https://century21.com.py/propiedad/42686_terreno-en-venta-en-altos-cordillera-paraguay,Sin Tipo,,,,,,,,14/12/2025,,Asuncion,,,,,,,,,,,,,,,,,,,,,,,,,,,,1.0,,
https://century21.com.py/propiedad/42676_terreno-en-venta-en-altos-cordillera-paraguay,Sin Tipo,,,,,,,,14/12/2025,,Asuncion,,,,,,,,,,,,,,,,,,,,,,,,,,,,1.0,,
https://century21.com.py/propiedad/42666_terreno-en-venta-en-altos-cordillera-paraguay,Sin Tipo,,,,,,,,14/12/2025,,Asuncion,,,,,,,,,,,,,,,,,,,,,,,,,,,,1.0,,
https://century21.com.py/propiedad/42654_departamento-en-pozo-en-venta-en-las-mercedes-asuncion-paraguay,departamento-en-pozo,,,,,,,,14/12/2025,,Asuncion,,,,,,,,,,,,,,,,,,,,,,,,,,,,1.0,,
https://century21.com.py/propiedad/42565_casa-duplex-en-venta-en-las-lomas-asuncion-paraguay,casa-duplex,,,,,,,,14/12/2025,,Asuncion,,,,,,,,,,,,,,,,,,,,,,,,,,,,1.0,,
https://century21.com.py/propiedad/42629_departamento-en-pozo-en-venta-en-las-lomas-asuncion-paraguay,departamento-en-pozo,,,,,,,,14/12/2025,,Asuncion,,,,,,,,,,,,,,,,,,,,,,,,,,,,1.0,,
https://century21.com.py/propiedad/42618_terreno-en-venta-en-villa-hayes-presidente-hayes-paraguay,terreno,,,,,,,,14/12/2025,,Asuncion,,,,,,,,,,,,,,,,,,,,,,,,,,,,1.0,,
https://century21.com.py/propiedad/42566_edificio-en-venta-en-la-encarnacion-asuncion-paraguay,edificio,,,,,,,,14/12/2025,,Asuncion,,,,,,,,,,,,,,,,,,,,,,,,,,,,1.0,,
https://century21.com.py/propiedad/42203_casa-en-venta-en-san-cristobal-asuncion-paraguay,casa,,,,,,,,14/12/2025,,Asuncion,,,,,,,,,,,,,,,,,,,,,,,,,,,,1.0,,
https://century21.com.py/propiedad/42574_departamento-en-pozo-en-venta-en-herrera-asuncion-paraguay,departamento-en-pozo,,,,,,,,14/12/2025,,Asuncion,,,,,,,,,,,,,,,,,,,,,,,,,,,,1.0,,
https://century21.com.py/propiedad/42508_departamento-en-venta-en-recoleta-asuncion-paraguay,departamento,,,,,,,,14/12/2025,,Asuncion,,,,,,,,,,,,,,,,,,,,,,,,,,,,1.0,,
https://century21.com.py/propiedad/42306_departamento-en-venta-en-herrera-asuncion-paraguay,departamento,,,,,,,,14/12/2025,,Asuncion,,,,,,,,,,,,,,,,,,,,,,,,,,,,1.0,,
https://century21.com.py/propiedad/42443_terreno-en-renta-en-trinidad-asuncion-paraguay,terreno,,,,,,,,14/12/2025,,Asuncion,,,,,,,,,,,,,,,,,,,,,,,,,,,,1.0,,
https://century21.com.py/propiedad/42415_terreno-en-venta-en-quiindy-paraguari-paraguay,terreno,,,,,,,,14/12/2025,,Asuncion,,,,,,,,,,,,,,,,,,,,,,,,,,,,1.0,,
https://century21.com.py/propiedad/42365_departamento-en-pozo-en-venta-en-las-lomas-asuncion-paraguay,departamento-en-pozo,,,,,,,,14/12/2025,,Asuncion,,,,,,,,,,,,,,,,,,,,,,,,,,,,1.0,,
https://century21.com.py/propiedad/42350_departamento-en-pozo-en-venta-en-las-lomas-asuncion-paraguay,departamento-en-pozo,,,,,,,,14/12/2025,,Asuncion,,,,,,,,,,,,,,,,,,,,,,,,,,,,1.0,,
https://century21.com.py/propiedad/42122_departamento-en-pozo-en-venta-en-las-lomas-asuncion-paraguay,departamento-en-pozo,,,,,,,,14/12/2025,,Asuncion,,,,,,,,,,,,,,,,,,,,,,,,,,,,1.0,,
https://century21.com.py/propiedad/42301_terreno-en-renta-en-itaugua-central-paraguay,terreno,,,,,,,,14/12/2025,,Asuncion,,,,,,,,,,,,,,,,,,,,,,,,,,,,1.0,,
https://century21.com.py/propiedad/42276_departamento-en-pozo-en-venta-en-recoleta-asuncion-paraguay,departamento-en-pozo,,,,,,,,14/12/2025,,Asuncion,,,,,,,,,,,,,,,,,,,,,,,,,,,,1.0,,
https://century21.com.py/propiedad/42252_departamento-en-pozo-en-venta-en-recoleta-asuncion-paraguay,departamento-en-pozo,,,,,,,,14/12/2025,,Asuncion,,,,,,,,,,,,,,,,,,,,,,,,,,,,1.0,,
https://century21.com.py/propiedad/42211_terreno-en-venta-en-trinidad-asuncion-paraguay,terreno,,,,,,,,14/12/2025,,Asuncion,,,,,,,,,,,,,,,,,,,,,,,,,,,,1.0,,
https://century21.com.py/propiedad/42215_departamento-en-pozo-en-venta-en-recoleta-asuncion-paraguay,departamento-en-pozo,,,,,,,,14/12/2025,,Asuncion,,,,,,,,,,,,,,,,,,,,,,,,,,,,1.0,,
https://century21.com.py/propiedad/41496_departamento-en-venta-en-mburucuya-asuncion-paraguay,departamento,,,,,,,,14/12/2025,,Asuncion,,,,,,,,,,,,,,,,,,,,,,,,,,,,1.0,,
https://century21.com.py/propiedad/42159_terreno-en-venta-en-altos-cordillera-paraguay,Sin Tipo,,,,,,,,14/12/2025,,Asuncion,,,,,,,,,,,,,,,,,,,,,,,,,,,,1.0,,
https://century21.com.py/propiedad/42149_terreno-en-venta-en-altos-cordillera-paraguay,terreno,,,,,,,,14/12/2025,,Asuncion,,,,,,,,,,,,,,,,,,,,,,,,,,,,1.0,,
https://century21.com.py/propiedad/42069_oficinas-en-renta-en-hipodromo-asuncion-paraguay,oficinas,,,,,,,,14/12/2025,,Asuncion,,,,,,,,,,,,,,,,,,,,,,,,,,,,1.0,,
https://century21.com.py/propiedad/42016_inmueble-productivo-en-venta-en-nemby-central-paraguay,inmueble-productivo,,,,,,,,14/12/2025,,Asuncion,,,,,,,,,,,,,,,,,,,,,,,,,,,,1.0,,
https://century21.com.py/propiedad/41981_terreno-en-venta-en-altos-cordillera-paraguay,terreno,,,,,,,,14/12/2025,,Asuncion,,,,,,,,,,,,,,,,,,,,,,,,,,,,1.0,,
https://century21.com.py/propiedad/41953_departamento-en-pozo-en-venta-en-recoleta-asuncion-paraguay,departamento-en-pozo,,,,,,,,14/12/2025,,Asuncion,,,,,,,,,,,,,,,,,,,,,,,,,,,,1.0,,
https://century21.com.py/propiedad/41926_departamento-en-pozo-en-venta-en-recoleta-asuncion-paraguay,departamento-en-pozo,,,,,,,,14/12/2025,,Asuncion,,,,,,,,,,,,,,,,,,,,,,,,,,,,1.0,,
https://century21.com.py/propiedad/41698_departamento-en-venta-en-san-roque-asuncion-paraguay,departamento,,,,,,,,14/12/2025,,Asuncion,,,,,,,,,,,,,,,,,,,,,,,,,,,,1.0,,
https://century21.com.py/propiedad/41793_departamento-en-venta-en-luque-central-paraguay,departamento,,,,,,,,14/12/2025,,Asuncion,,,,,,,,,,,,,,,,,,,,,,,,,,,,1.0,,
https://century21.com.py/propiedad/41752_departamento-en-pozo-en-venta-en-virgen-de-la-asuncion-asuncion-paraguay,departamento-en-pozo,,,,,,,,14/12/2025,,Asuncion,,,,,,,,,,,,,,,,,,,,,,,,,,,,1.0,,
https://century21.com.py/propiedad/41742_departamento-en-pozo-en-venta-en-virgen-de-la-asuncion-asuncion-paraguay,departamento-en-pozo,,,,,,,,14/12/2025,,Asuncion,,,,,,,,,,,,,,,,,,,,,,,,,,,,1.0,,
https://century21.com.py/propiedad/41672_departamento-en-pozo-en-venta-en-recoleta-asuncion-paraguay,departamento-en-pozo,,,,,,,,14/12/2025,,Asuncion,,,,,,,,,,,,,,,,,,,,,,,,,,,,1.0,,
https://century21.com.py/propiedad/41643_departamento-en-pozo-en-venta-en-recoleta-asuncion-paraguay,departamento-en-pozo,,,,,,,,14/12/2025,,Asuncion,,,,,,,,,,,,,,,,,,,,,,,,,,,,1.0,,
https://century21.com.py/propiedad/41600_departamento-en-pozo-en-venta-en-las-lomas-asuncion-paraguay,departamento-en-pozo,,,,,,,,14/12/2025,,Asuncion,,,,,,,,,,,,,,,,,,,,,,,,,,,,1.0,,
https://century21.com.py/propiedad/41520_departamento-en-pozo-en-venta-en-recoleta-asuncion-paraguay,departamento-en-pozo,,,,,,,,14/12/2025,,Asuncion,,,,,,,,,,,,,,,,,,,,,,,,,,,,1.0,,
https://century21.com.py/propiedad/41477_terreno-en-venta-en-lambare-central-paraguay,terreno,,,,,,,,14/12/2025,,Asuncion,,,,,,,,,,,,,,,,,,,,,,,,,,,,1.0,,
https://century21.com.py/propiedad/41424_terreno-en-venta-en-villa-hayes-presidente-hayes-paraguay,terreno,,,,,,,,14/12/2025,,Asuncion,,,,,,,,,,,,,,,,,,,,,,,,,,,,1.0,,
https://century21.com.py/propiedad/41404_departamento-en-pozo-en-venta-en-fernando-de-la-mora-central-paraguay,departamento-en-pozo,,,,,,,,14/12/2025,,Asuncion,,,,,,,,,,,,,,,,,,,,,,,,,,,,1.0,,
https://century21.com.py/propiedad/41394_departamento-en-pozo-en-venta-en-fernando-de-la-mora-central-paraguay,departamento-en-pozo,,,,,,,,14/12/2025,,Asuncion,,,,,,,,,,,,,,,,,,,,,,,,,,,,1.0,,
https://century21.com.py/propiedad/41383_departamento-en-pozo-en-venta-en-fernando-de-la-mora-central-paraguay,departamento-en-pozo,,,,,,,,14/12/2025,,Asuncion,,,,,,,,,,,,,,,,,,,,,,,,,,,,1.0,,
https://century21.com.py/propiedad/41371_departamento-en-pozo-en-venta-en-fernando-de-la-mora-central-paraguay,departamento-en-pozo,,,,,,,,14/12/2025,,Asuncion,,,,,,,,,,,,,,,,,,,,,,,,,,,,1.0,,
https://century21.com.py/propiedad/41359_departamento-en-pozo-en-venta-en-fernando-de-la-mora-central-paraguay,departamento-en-pozo,,,,,,,,14/12/2025,,Asuncion,,,,,,,,,,,,,,,,,,,,,,,,,,,,1.0,,
https://century21.com.py/propiedad/41332_departamento-en-pozo-en-venta-en-trinidad-asuncion-paraguay,departamento-en-pozo,,,,,,,,14/12/2025,,Asuncion,,,,,,,,,,,,,,,,,,,,,,,,,,,,1.0,,
https://century21.com.py/propiedad/41104_terreno-en-venta-en-villa-aurelia-asuncion-paraguay,terreno,,,,,,,,14/12/2025,,Asuncion,,,,,,,,,,,,,,,,,,,,,,,,,,,,1.0,,
https://century21.com.py/propiedad/41264_departamento-en-pozo-en-venta-en-mbocayaty-asuncion-paraguay,departamento-en-pozo,,,,,,,,14/12/2025,,Asuncion,,,,,,,,,,,,,,,,,,,,,,,,,,,,1.0,,
https://century21.com.py/propiedad/41203_departamento-en-pozo-en-venta-en-virgen-de-la-asuncion-asuncion-paraguay,departamento-en-pozo,,,,,,,,14/12/2025,,Asuncion,,,,,,,,,,,,,,,,,,,,,,,,,,,,1.0,,
https://century21.com.py/propiedad/40674_casa-en-venta-en-obrero-asuncion-paraguay,casa,,,,,,,,14/12/2025,,Asuncion,,,,,,,,,,,,,,,,,,,,,,,,,,,,1.0,,
https://century21.com.py/propiedad/40832_departamento-en-venta-en-herrera-asuncion-paraguay,departamento,,,,,,,,14/12/2025,,Asuncion,,,,,,,,,,,,,,,,,,,,,,,,,,,,1.0,,
https://century21.com.py/propiedad/40964_terreno-en-venta-en-trinidad-asuncion-paraguay,terreno,,,,,,,,14/12/2025,,Asuncion,,,,,,,,,,,,,,,,,,,,,,,,,,,,1.0,,
https://century21.com.py/propiedad/40963_terreno-en-venta-en-villa-hayes-presidente-hayes-paraguay,terreno,,,,,,,,14/12/2025,,Asuncion,,,,,,,,,,,,,,,,,,,,,,,,,,,,1.0,,
https://century21.com.py/propiedad/40952_departamento-en-pozo-en-venta-en-ycua-sati-asuncion-paraguay,departamento-en-pozo,,,,,,,,14/12/2025,,Asuncion,,,,,,,,,,,,,,,,,,,,,,,,,,,,1.0,,
https://century21.com.py/propiedad/40938_departamento-en-venta-en-villa-aurelia-asuncion-paraguay,departamento,,,,,,,,14/12/2025,,Asuncion,,,,,,,,,,,,,,,,,,,,,,,,,,,,1.0,,
https://century21.com.py/propiedad/40913_departamento-en-venta-en-villa-elisa-central-paraguay,integral,,,,,,,,14/12/2025,,Asuncion,,,,,,,,,,,,,,,,,,,,,,,,,,,,1.0,,
https://century21.com.py/propiedad/40796_departamento-en-renta-en-herrera-asuncion-paraguay,departamento,,,,,,,,14/12/2025,,Asuncion,,,,,,,,,,,,,,,,,,,,,,,,,,,,1.0,,
https://century21.com.py/propiedad/40725_casa-en-venta-en-herrera-asuncion-paraguay,casa,,,,,,,,14/12/2025,,Asuncion,,,,,,,,,,,,,,,,,,,,,,,,,,,,1.0,,
https://century21.com.py/propiedad/40689_departamento-en-renta-en-ycua-sati-asuncion-paraguay,departamento,,,,,,,,14/12/2025,,Asuncion,,,,,,,,,,,,,,,,,,,,,,,,,,,,1.0,,
https://century21.com.py/propiedad/40577_casa-en-venta-en-recoleta-asuncion-paraguay,casa,,,,,,,,14/12/2025,,Asuncion,,,,,,,,,,,,,,,,,,,,,,,,,,,,1.0,,
https://century21.com.py/propiedad/40547_departamento-en-pozo-en-venta-en-recoleta-asuncion-paraguay,departamento-en-pozo,,,,,,,,14/12/2025,,Asuncion,,,,,,,,,,,,,,,,,,,,,,,,,,,,1.0,,
https://century21.com.py/propiedad/40409_terreno-en-venta-en-virgen-de-fatima-asuncion-paraguay,terreno,,,,,,,,14/12/2025,,Asuncion,,,,,,,,,,,,,,,,,,,,,,,,,,,,1.0,,
https://century21.com.py/propiedad/40436_departamento-en-venta-en-herrera-asuncion-paraguay,departamento,,,,,,,,14/12/2025,,Asuncion,,,,,,,,,,,,,,,,,,,,,,,,,,,,1.0,,
https://century21.com.py/propiedad/40419_departamento-en-pozo-en-venta-en-herrera-asuncion-paraguay,departamento-en-pozo,,,,,,,,14/12/2025,,Asuncion,,,,,,,,,,,,,,,,,,,,,,,,,,,,1.0,,
https://century21.com.py/propiedad/40396_departamento-en-pozo-en-venta-en-herrera-asuncion-paraguay,departamento-en-pozo,,,,,,,,14/12/2025,,Asuncion,,,,,,,,,,,,,,,,,,,,,,,,,,,,1.0,,
https://century21.com.py/propiedad/40371_departamento-en-pozo-en-venta-en-recoleta-asuncion-paraguay,departamento-en-pozo,,,,,,,,14/12/2025,,Asuncion,,,,,,,,,,,,,,,,,,,,,,,,,,,,1.0,,
https://century21.com.py/propiedad/40329_departamento-en-pozo-en-venta-en-villa-morra-asuncion-paraguay,departamento-en-pozo,,,,,,,,14/12/2025,,Asuncion,,,,,,,,,,,,,,,,,,,,,,,,,,,,1.0,,
https://century21.com.py/propiedad/40313_departamento-en-pozo-en-venta-en-villa-morra-asuncion-paraguay,departamento-en-pozo,,,,,,,,14/12/2025,,Asuncion,,,,,,,,,,,,,,,,,,,,,,,,,,,,1.0,,
https://century21.com.py/propiedad/40296_departamento-en-pozo-en-venta-en-recoleta-asuncion-paraguay,departamento-en-pozo,,,,,,,,14/12/2025,,Asuncion,,,,,,,,,,,,,,,,,,,,,,,,,,,,1.0,,
https://century21.com.py/propiedad/40268_departamento-en-pozo-en-venta-en-villa-morra-asuncion-paraguay,departamento-en-pozo,,,,,,,,14/12/2025,,Asuncion,,,,,,,,,,,,,,,,,,,,,,,,,,,,1.0,,
https://century21.com.py/propiedad/40213_casa-en-condominio-en-venta-en-luque-central-paraguay,casa-en-condominio,,,,,,,,14/12/2025,,Asuncion,,,,,,,,,,,,,,,,,,,,,,,,,,,,1.0,,
https://century21.com.py/propiedad/40241_departamento-en-pozo-en-venta-en-recoleta-asuncion-paraguay,departamento-en-pozo,,,,,,,,14/12/2025,,Asuncion,,,,,,,,,,,,,,,,,,,,,,,,,,,,1.0,,
https://century21.com.py/propiedad/40223_departamento-en-pozo-en-venta-en-herrera-asuncion-paraguay,departamento-en-pozo,,,,,,,,14/12/2025,,Asuncion,,,,,,,,,,,,,,,,,,,,,,,,,,,,1.0,,
https://century21.com.py/propiedad/40192_departamento-en-pozo-en-venta-en-villa-morra-asuncion-paraguay,departamento-en-pozo,,,,,,,,14/12/2025,,Asuncion,,,,,,,,,,,,,,,,,,,,,,,,,,,,1.0,,
https://century21.com.py/propiedad/40175_departamento-en-pozo-en-venta-en-villa-morra-asuncion-paraguay,departamento-en-pozo,,,,,,,,14/12/2025,,Asuncion,,,,,,,,,,,,,,,,,,,,,,,,,,,,1.0,,
https://century21.com.py/propiedad/40166_departamento-en-pozo-en-venta-en-villa-morra-asuncion-paraguay,departamento-en-pozo,,,,,,,,14/12/2025,,Asuncion,,,,,,,,,,,,,,,,,,,,,,,,,,,,1.0,,
https://century21.com.py/propiedad/40142_departamento-en-pozo-en-venta-en-recoleta-asuncion-paraguay,departamento-en-pozo,,,,,,,,14/12/2025,,Asuncion,,,,,,,,,,,,,,,,,,,,,,,,,,,,1.0,,
https://century21.com.py/propiedad/40125_departamento-en-pozo-en-venta-en-villa-morra-asuncion-paraguay,departamento-en-pozo,,,,,,,,14/12/2025,,Asuncion,,,,,,,,,,,,,,,,,,,,,,,,,,,,1.0,,
https://century21.com.py/propiedad/40097_departamento-en-pozo-en-venta-en-villa-morra-asuncion-paraguay,departamento-en-pozo,,,,,,,,14/12/2025,,Asuncion,,,,,,,,,,,,,,,,,,,,,,,,,,,,1.0,,
https://century21.com.py/propiedad/40061_departamento-en-pozo-en-venta-en-mburucuya-asuncion-paraguay,departamento-en-pozo,,,,,,,,14/12/2025,,Asuncion,,,,,,,,,,,,,,,,,,,,,,,,,,,,1.0,,
https://century21.com.py/propiedad/40042_departamento-en-renta-en-san-roque-asuncion-paraguay,departamento,,,,,,,,14/12/2025,,Asuncion,,,,,,,,,,,,,,,,,,,,,,,,,,,,1.0,,
https://century21.com.py/propiedad/40035_departamento-en-pozo-en-venta-en-villa-morra-asuncion-paraguay,departamento-en-pozo,,,,,,,,14/12/2025,,Asuncion,,,,,,,,,,,,,,,,,,,,,,,,,,,,1.0,,
https://century21.com.py/propiedad/39932_departamento-en-renta-en-virgen-de-la-asuncion-asuncion-paraguay,departamento,,,,,,,,14/12/2025,,Asuncion,,,,,,,,,,,,,,,,,,,,,,,,,,,,1.0,,
https://century21.com.py/propiedad/39735_casa-en-venta-en-sajonia-asuncion-paraguay,casa,,,,,,,,14/12/2025,,Asuncion,,,,,,,,,,,,,,,,,,,,,,,,,,,,1.0,,
https://century21.com.py/propiedad/39942_departamento-en-venta-en-fernando-de-la-mora-central-paraguay,departamento,,,,,,,,14/12/2025,,Asuncion,,,,,,,,,,,,,,,,,,,,,,,,,,,,1.0,,
https://century21.com.py/propiedad/39951_casa-en-venta-en-barrio-jara-asuncion-paraguay,casa,,,,,,,,14/12/2025,,Asuncion,,,,,,,,,,,,,,,,,,,,,,,,,,,,1.0,,
https://century21.com.py/propiedad/40016_departamento-en-pozo-en-venta-en-ycua-sati-asuncion-paraguay,departamento-en-pozo,,,,,,,,14/12/2025,,Asuncion,,,,,,,,,,,,,,,,,,,,,,,,,,,,1.0,,
https://century21.com.py/propiedad/40009_departamento-en-venta-en-las-lomas-asuncion-paraguay,departamento,,,,,,,,14/12/2025,,Asuncion,,,,,,,,,,,,,,,,,,,,,,,,,,,,1.0,,
https://century21.com.py/propiedad/39980_terreno-en-venta-en-gral.-diaz-asuncion-paraguay,terreno,,,,,,,,14/12/2025,,Asuncion,,,,,,,,,,,,,,,,,,,,,,,,,,,,1.0,,
https://century21.com.py/propiedad/39934_casa-en-venta-en-barrio-jara-asuncion-paraguay,casa,,,,,,,,14/12/2025,,Asuncion,,,,,,,,,,,,,,,,,,,,,,,,,,,,1.0,,
https://century21.com.py/propiedad/39865_departamento-en-pozo-en-venta-en-las-mercedes-asuncion-paraguay,departamento-en-pozo,,,,,,,,14/12/2025,,Asuncion,,,,,,,,,,,,,,,,,,,,,,,,,,,,1.0,,
https://century21.com.py/propiedad/42127_terreno-en-venta-en-altos-cordillera-paraguay,terreno,,,,,,,,14/12/2025,,Asuncion,,,,,,,,,,,,,,,,,,,,,,,,,,,,1.0,,
https://century21.com.py/propiedad/41054_estancia-en-venta-en-caaguazu-caaguazu-paraguay,estancia,,,,,,,,14/12/2025,,Asuncion,,,,,,,,,,,,,,,,,,,,,,,,,,,,1.0,,
